Timestamp,BatchID,Grade,PLANT1.GRINDING.MILL01.POWER_PV,PLANT1.GRINDING.MILL01.POWER_SP,PLANT1.GRINDING.MILL01.POWER_MV,PLANT1.GRINDING.MILL01.BEARING_TEMP_PV,PLANT1.CONCENTRATION.THICK01.UNDERFLOW_DENSITY_PV,PLANT1.FILTER.FILT01.VACUUM_PV,PLANT1.BALLING.DISC01.MOISTURE_PV,PLANT1.BALLING.DISC01.WATER_FLOW_MV,PLANT1.INDURATION.GRATE01.BED_TEMP_PV,PLANT1.INDURATION.GRATE01.BURNER_FUEL_FLOW_PV,DQ_Flag,ShiftID
2024-05-01 00:00:00,B100,DR-Grade,5093.27,5000,90.0,61.67,2.044,54.9,8.65,37.91,1183.2,3254.5,Good,A_2024-05-01
2024-05-01 00:01:00,B100,DR-Grade,5125.18,5000,90.0,62.48,2.07,56.61,8.5,38.19,1180.9,3193.9,Good,A_2024-05-01
2024-05-01 00:02:00,B100,DR-Grade,5129.65,5000,90.0,61.91,2.063,57.55,8.57,37.82,1179.4,3221.6,Good,A_2024-05-01
2024-05-01 00:03:00,B100,DR-Grade,5156.83,5000,90.0,63.91,2.07,57.69,8.55,37.44,1182.8,3208.8,Good,A_2024-05-01
2024-05-01 00:04:00,B100,DR-Grade,5173.52,5000,90.0,59.93,2.064,54.98,8.87,37.86,1180.9,3228.9,Good,A_2024-05-01
2024-05-01 00:05:00,B100,DR-Grade,5173.13,5000,90.0,62.62,2.06,57.64,8.6,37.7,1180.3,3205.3,Good,A_2024-05-01
2024-05-01 00:06:00,B100,DR-Grade,5186.65,5000,90.0,64.34,2.061,55.42,8.79,37.29,1182.7,3215.2,Good,A_2024-05-01
2024-05-01 00:07:00,B100,DR-Grade,5173.15,5000,90.0,61.78,2.054,53.51,8.55,37.8,1183.8,3276.8,Good,A_2024-05-01
2024-05-01 00:08:00,B100,DR-Grade,5183.75,5000,90.0,62.95,2.053,58.88,8.76,37.93,1185.2,3310.3,Good,A_2024-05-01
2024-05-01 00:09:00,B100,DR-Grade,5167.62,5000,90.0,60.68,2.051,54.67,8.32,37.91,1185.3,3256.4,Good,A_2024-05-01
2024-05-01 00:10:00,B100,DR-Grade,5169.8,5000,90.0,62.5,2.047,58.4,9.14,38.19,1186.6,3229.3,Good,A_2024-05-01
2024-05-01 00:11:00,B100,DR-Grade,5178.28,5000,90.0,61.49,2.053,56.72,8.41,38.42,1187.2,3287.1,Good,A_2024-05-01
2024-05-01 00:12:00,B100,DR-Grade,5179.31,5000,90.0,60.8,2.058,54.7,8.75,38.95,1186.8,3299.6,Good,A_2024-05-01
2024-05-01 00:13:00,B100,DR-Grade,5175.73,5000,90.0,64.18,2.063,53.1,8.66,38.7,1185.5,3297.1,Good,A_2024-05-01
2024-05-01 00:14:00,B100,DR-Grade,5169.17,5000,90.0,62.55,2.065,57.1,9.3,38.72,1185.1,3143.5,Good,A_2024-05-01
2024-05-01 00:15:00,B100,DR-Grade,5166.66,5000,90.0,62.77,2.065,54.78,8.81,39.54,1185.9,3200.0,Good,A_2024-05-01
2024-05-01 00:16:00,B100,DR-Grade,5174.57,5000,90.0,62.75,2.067,54.26,8.65,40.06,1184.4,3168.1,Good,A_2024-05-01
2024-05-01 00:17:00,B100,DR-Grade,5181.03,5000,90.0,62.03,2.057,53.44,8.99,39.8,1184.2,3228.6,Good,A_2024-05-01
2024-05-01 00:18:00,B100,DR-Grade,5179.33,5000,90.0,61.7,2.061,56.11,9.17,39.92,1184.2,3217.1,Good,A_2024-05-01
2024-05-01 00:19:00,B100,DR-Grade,5171.22,5000,90.0,62.8,2.062,56.46,8.75,39.97,1183.3,3171.2,Good,A_2024-05-01
2024-05-01 00:20:00,B100,DR-Grade,5176.18,5000,90.0,61.57,2.07,57.54,8.95,39.9,1184.3,3274.8,Good,A_2024-05-01
2024-05-01 00:21:00,B100,DR-Grade,5167.42,5000,90.0,61.52,2.071,56.92,9.1,40.27,1185.2,3217.5,Good,A_2024-05-01
2024-05-01 00:22:00,B100,DR-Grade,5164.88,5000,90.0,61.55,2.066,57.23,9.24,40.47,1185.6,3304.2,Good,A_2024-05-01
2024-05-01 00:23:00,B100,DR-Grade,5161.28,5000,90.0,61.56,2.063,57.17,9.33,40.73,1184.8,3212.4,Good,A_2024-05-01
2024-05-01 00:24:00,B100,DR-Grade,5166.77,5000,90.0,60.33,2.064,56.69,9.39,40.76,1185.5,3216.6,Good,A_2024-05-01
2024-05-01 00:25:00,B100,DR-Grade,5169.12,5000,90.0,59.33,2.062,56.51,9.23,40.45,1187.1,3266.5,Good,A_2024-05-01
2024-05-01 00:26:00,B100,DR-Grade,5172.75,5000,90.0,62.44,2.064,57.28,9.43,40.28,1187.6,3238.0,Good,A_2024-05-01
2024-05-01 00:27:00,B100,DR-Grade,5175.25,5000,90.0,61.89,2.059,57.43,8.9,40.64,1187.3,3231.1,Good,A_2024-05-01
2024-05-01 00:28:00,B100,DR-Grade,5172.42,5000,90.0,62.08,2.057,57.57,8.99,40.61,1187.2,3326.4,Good,A_2024-05-01
2024-05-01 00:29:00,B100,DR-Grade,5176.39,5000,90.0,62.12,2.056,55.37,9.15,40.73,1187.0,3305.8,Good,A_2024-05-01
2024-05-01 00:30:00,B100,DR-Grade,5185.01,5000,90.0,62.52,2.056,56.45,9.2,41.0,1188.2,3282.9,Good,A_2024-05-01
2024-05-01 00:31:00,B100,DR-Grade,5185.72,5000,90.0,60.76,2.051,54.05,9.64,41.0,1189.3,3253.3,Good,A_2024-05-01
2024-05-01 00:32:00,B100,DR-Grade,5189.97,5000,90.0,61.27,2.05,55.57,8.95,40.75,1190.0,3303.1,Good,A_2024-05-01
2024-05-01 00:33:00,B100,DR-Grade,5190.23,5000,90.0,63.35,2.048,56.67,8.89,41.19,1189.1,3278.2,Good,A_2024-05-01
2024-05-01 00:34:00,B100,DR-Grade,5196.39,5000,90.0,63.42,2.051,58.86,9.06,40.85,1190.1,3175.2,Good,A_2024-05-01
2024-05-01 00:35:00,B100,DR-Grade,5200.61,5000,90.0,63.59,2.053,58.98,9.17,40.77,1190.4,3305.3,Good,A_2024-05-01
2024-05-01 00:36:00,B100,DR-Grade,5205.79,5000,90.0,63.3,2.056,56.89,9.53,40.89,1190.0,3181.9,Good,A_2024-05-01
2024-05-01 00:37:00,B100,DR-Grade,5208.32,5000,90.0,63.45,2.06,56.96,8.77,40.99,1190.1,3343.6,Good,A_2024-05-01
2024-05-01 00:38:00,B100,DR-Grade,5217.02,5000,90.0,60.89,2.061,56.52,9.13,40.89,1191.2,3307.1,Good,A_2024-05-01
2024-05-01 00:39:00,B100,DR-Grade,5216.06,5000,90.0,62.78,2.063,54.85,8.56,41.01,1191.9,3315.6,Good,A_2024-05-01
2024-05-01 00:40:00,B100,DR-Grade,5215.28,5000,90.0,61.79,2.064,59.94,8.79,41.12,1192.0,3268.7,Good,A_2024-05-01
2024-05-01 00:41:00,B100,DR-Grade,5213.37,5000,90.0,61.54,2.066,55.99,8.9,41.02,1192.6,3280.5,Good,A_2024-05-01
2024-05-01 00:42:00,B100,DR-Grade,5217.05,5000,90.0,64.04,2.065,56.97,9.02,41.14,1192.8,3293.6,Good,A_2024-05-01
2024-05-01 00:43:00,B100,DR-Grade,5215.1,5000,90.0,63.77,2.063,55.89,8.86,41.24,1193.5,3347.4,Good,A_2024-05-01
2024-05-01 00:44:00,B100,DR-Grade,5213.12,5000,90.0,63.54,2.06,57.55,9.27,41.29,1192.6,3249.7,Good,A_2024-05-01
2024-05-01 00:45:00,B100,DR-Grade,5217.3,5000,90.0,62.29,2.063,58.24,8.98,41.55,1192.8,3260.3,Good,A_2024-05-01
2024-05-01 00:46:00,B100,DR-Grade,5223.31,5000,90.0,62.28,2.059,56.84,9.53,41.57,1192.0,3247.3,Good,A_2024-05-01
2024-05-01 00:47:00,B100,DR-Grade,5226.69,5000,90.0,61.7,2.061,56.75,9.23,41.46,1191.4,3286.0,Good,A_2024-05-01
2024-05-01 00:48:00,B100,DR-Grade,5216.06,5000,90.0,64.88,2.062,60.3,9.01,41.39,1191.9,3246.8,Good,A_2024-05-01
2024-05-01 00:49:00,B100,DR-Grade,5213.02,5000,90.0,62.42,2.067,56.77,9.26,41.34,1191.8,3333.7,Good,A_2024-05-01
2024-05-01 00:50:00,B100,DR-Grade,5209.56,5000,90.0,62.19,2.064,57.54,9.05,41.35,1191.4,3287.1,Good,A_2024-05-01
2024-05-01 00:51:00,B100,DR-Grade,5205.63,5000,90.0,63.08,2.063,58.57,8.93,41.21,1191.8,3319.0,Good,A_2024-05-01
2024-05-01 00:52:00,B100,DR-Grade,5205.1,5000,90.0,62.04,2.063,57.34,8.85,41.43,1192.8,3272.3,Good,A_2024-05-01
2024-05-01 00:53:00,B100,DR-Grade,5213.69,5000,90.0,61.67,2.063,59.75,9.02,41.44,1192.7,3199.6,Good,A_2024-05-01
2024-05-01 00:54:00,B100,DR-Grade,5213.54,5000,90.0,60.31,2.064,57.49,8.97,41.46,1191.8,3312.5,Good,A_2024-05-01
2024-05-01 00:55:00,B100,DR-Grade,5211.7,5000,90.0,62.0,2.064,58.68,9.12,41.49,1192.4,3309.9,Good,A_2024-05-01
2024-05-01 00:56:00,B100,DR-Grade,5215.62,5000,90.0,63.25,2.066,59.31,9.13,41.49,1192.5,3309.7,Good,A_2024-05-01
2024-05-01 00:57:00,B100,DR-Grade,5217.0,5000,90.0,61.93,2.066,57.31,9.76,41.34,1192.1,3329.7,Good,A_2024-05-01
2024-05-01 00:58:00,B100,DR-Grade,5218.59,5000,90.0,63.69,2.066,59.88,9.01,41.41,1192.6,3239.4,Good,A_2024-05-01
2024-05-01 00:59:00,B100,DR-Grade,5217.04,5000,90.0,61.22,2.069,57.32,9.13,41.68,1192.7,3345.5,Good,A_2024-05-01
2024-05-01 01:00:00,B100,DR-Grade,5218.16,5000,90.0,62.0,2.069,59.53,9.34,41.91,1193.0,3326.2,Good,
2024-05-01 01:01:00,B100,DR-Grade,5220.95,5000,90.0,63.31,2.068,56.41,9.06,42.17,1193.9,3318.9,Good,
2024-05-01 01:02:00,B100,DR-Grade,5214.84,5000,90.0,61.27,2.063,62.03,9.5,42.13,1194.6,3330.6,Good,
2024-05-01 01:03:00,B100,DR-Grade,5209.97,5000,90.0,60.78,2.068,57.98,9.48,42.17,1194.9,3378.2,Good,
2024-05-01 01:04:00,B100,DR-Grade,5215.22,5000,90.0,62.48,2.069,59.43,9.05,42.46,1194.9,3278.7,Good,
2024-05-01 01:05:00,B100,DR-Grade,5219.51,5000,90.0,61.24,2.069,58.29,9.17,42.57,1195.0,3250.1,Good,
2024-05-01 01:06:00,B100,DR-Grade,5218.8,5000,90.0,61.08,2.068,58.24,9.51,42.17,1194.9,3292.3,Good,
2024-05-01 01:07:00,B100,DR-Grade,5216.25,5000,90.0,61.0,2.068,59.63,9.49,42.27,1194.4,3280.0,Good,
2024-05-01 01:08:00,B100,DR-Grade,5216.76,5000,90.0,63.55,2.066,59.13,9.4,42.15,1194.7,3284.6,Good,
2024-05-01 01:09:00,B100,DR-Grade,5213.66,5000,90.0,62.8,2.067,57.5,9.09,42.04,1195.1,3291.8,Good,
2024-05-01 01:10:00,B100,DR-Grade,5213.66,5000,90.0,64.28,2.067,59.66,9.36,42.33,1194.8,3341.2,Good,
2024-05-01 01:11:00,B100,DR-Grade,5220.71,5000,90.0,60.53,2.065,59.18,9.41,42.6,1195.6,3273.1,Good,
2024-05-01 01:12:00,B100,DR-Grade,5222.34,5000,90.0,61.98,2.064,60.72,9.63,42.98,1195.6,3318.8,Good,
2024-05-01 01:13:00,B100,DR-Grade,5227.56,5000,90.0,63.49,2.066,58.43,8.7,42.88,1195.7,3362.7,Good,
2024-05-01 01:14:00,B100,DR-Grade,5227.91,5000,90.0,60.48,2.065,59.21,9.69,42.83,1195.6,3325.4,Good,
2024-05-01 01:15:00,B100,DR-Grade,5230.3,5000,90.0,61.33,2.063,60.48,9.15,42.88,1195.8,3296.0,Good,
2024-05-01 01:16:00,B100,DR-Grade,5236.15,5000,90.0,63.14,2.064,59.31,9.26,42.89,1196.7,3331.6,Good,
2024-05-01 01:17:00,B100,DR-Grade,5232.68,5000,90.0,60.69,2.063,59.68,9.11,42.8,1196.5,3320.7,Good,
2024-05-01 01:18:00,B100,DR-Grade,5232.6,5000,90.0,59.7,2.063,61.33,9.14,42.92,1196.8,3330.0,Good,
2024-05-01 01:19:00,B100,DR-Grade,5233.17,5000,90.0,62.73,2.064,60.62,9.42,42.85,1197.2,3283.0,Good,
2024-05-01 01:20:00,B100,DR-Grade,5235.2,5000,90.0,61.53,2.062,58.84,9.49,42.98,1196.6,3301.5,Good,
2024-05-01 01:21:00,B100,DR-Grade,5241.43,5000,90.0,63.63,2.061,58.27,9.1,42.9,1196.8,3418.9,Good,
2024-05-01 01:22:00,B100,DR-Grade,5244.73,5000,90.0,60.66,2.058,60.99,9.3,42.7,1197.0,3321.4,Good,
2024-05-01 01:23:00,B100,DR-Grade,5240.85,5000,90.0,65.17,2.054,58.96,9.22,42.73,1197.1,3315.1,Good,
2024-05-01 01:24:00,B100,DR-Grade,5241.01,5000,90.0,64.05,2.053,61.14,9.18,42.53,1197.1,3346.7,Good,
2024-05-01 01:25:00,B100,DR-Grade,5239.16,5000,90.0,63.7,2.055,59.16,9.32,42.46,1197.6,3330.4,Good,
2024-05-01 01:26:00,B100,DR-Grade,5237.26,5000,90.0,61.17,2.056,58.21,9.23,42.53,1198.7,3363.7,Good,
2024-05-01 01:27:00,B100,DR-Grade,5244.79,5000,90.0,61.23,2.052,59.25,9.47,42.38,1200.3,3377.9,Good,
2024-05-01 01:28:00,B100,DR-Grade,5242.43,5000,90.0,62.66,2.052,58.79,9.19,42.33,1200.6,3306.3,Good,
2024-05-01 01:29:00,B100,DR-Grade,5244.21,5000,90.0,62.66,2.054,58.96,9.57,42.52,1200.2,3342.3,Good,
2024-05-01 01:30:00,B100,DR-Grade,5242.97,5000,90.0,63.08,2.054,59.66,9.47,42.55,1201.0,3361.1,Good,
2024-05-01 01:31:00,B100,DR-Grade,5246.69,5000,90.0,61.23,2.052,56.45,8.78,42.46,1201.1,3344.2,Good,
2024-05-01 01:32:00,B100,DR-Grade,5248.78,5000,90.0,64.08,2.05,57.94,9.13,42.54,1199.9,3351.2,Good,
2024-05-01 01:33:00,B100,DR-Grade,5250.16,5000,90.0,62.34,2.052,59.14,9.83,42.53,1200.0,3421.7,Good,
2024-05-01 01:34:00,B100,DR-Grade,5250.9,5000,90.0,62.21,2.05,57.92,9.12,42.54,1200.0,3389.5,Good,
2024-05-01 01:35:00,B100,DR-Grade,5255.35,5000,90.0,63.71,2.049,57.79,9.06,42.42,1200.3,3381.3,Good,
2024-05-01 01:36:00,B100,DR-Grade,5253.45,5000,90.0,62.05,2.049,59.09,9.25,42.48,1199.9,3336.0,Good,
2024-05-01 01:37:00,B100,DR-Grade,5252.19,5000,90.0,61.95,2.047,59.36,9.21,42.45,1200.2,3369.3,Good,
2024-05-01 01:38:00,B100,DR-Grade,5249.77,5000,90.0,61.88,2.045,58.35,9.18,42.36,1201.1,3386.4,Good,
2024-05-01 01:39:00,B100,DR-Grade,5254.73,5000,90.0,62.77,2.045,60.04,8.77,42.57,1201.3,3350.9,Good,
2024-05-01 01:40:00,B100,DR-Grade,5254.78,5000,90.0,63.92,2.048,59.4,9.21,42.49,1200.8,3346.7,Good,
2024-05-01 01:41:00,B100,DR-Grade,5252.62,5000,90.0,62.1,2.048,57.87,9.03,42.62,1200.9,3354.2,Good,
2024-05-01 01:42:00,B100,DR-Grade,5252.31,5000,90.0,61.63,2.05,59.21,9.39,42.66,1201.0,3322.1,Good,
2024-05-01 01:43:00,B100,DR-Grade,5260.59,5000,90.0,62.93,2.05,56.06,9.25,42.78,1201.2,3333.1,Good,
2024-05-01 01:44:00,B100,DR-Grade,5261.15,5000,90.0,62.43,2.05,58.64,9.28,42.88,1200.7,3400.4,Good,
2024-05-01 01:45:00,B100,DR-Grade,5264.5,5000,90.0,59.57,2.05,58.22,9.64,42.83,1200.5,3415.5,Good,
2024-05-01 01:46:00,B100,DR-Grade,5266.7,5000,90.0,61.77,2.051,57.97,9.43,42.99,1200.9,3442.0,Good,
2024-05-01 01:47:00,B100,DR-Grade,5267.5,5000,90.0,63.51,2.053,56.97,9.29,42.82,1201.4,3371.6,Good,
2024-05-01 01:48:00,B100,DR-Grade,5266.33,5000,90.0,61.19,2.055,57.14,9.16,42.8,1202.2,3403.6,Good,
2024-05-01 01:49:00,B100,DR-Grade,5266.2,5000,90.0,59.7,2.058,58.75,9.42,42.86,1202.4,3333.0,Good,
2024-05-01 01:50:00,B100,DR-Grade,5266.0,5000,90.0,62.71,2.057,58.5,9.45,43.1,1203.0,3320.3,Good,
2024-05-01 01:51:00,B100,DR-Grade,5260.55,5000,90.0,62.0,2.057,58.07,9.4,43.22,1202.8,3442.2,Good,
2024-05-01 01:52:00,B100,DR-Grade,5268.69,5000,90.0,63.16,2.057,59.76,9.39,43.23,1203.3,3365.4,Good,
2024-05-01 01:53:00,B100,DR-Grade,5272.08,5000,90.0,62.27,2.056,58.92,8.75,43.17,1203.0,3389.7,Good,
2024-05-01 01:54:00,B100,DR-Grade,5273.17,5000,90.0,64.03,2.052,58.65,9.63,43.27,1202.9,3374.4,Good,
2024-05-01 01:55:00,B100,DR-Grade,5273.36,5000,90.0,64.19,2.051,58.56,9.27,43.22,1202.7,3437.8,Good,
2024-05-01 01:56:00,B100,DR-Grade,5271.91,5000,90.0,64.25,2.053,59.01,9.27,43.16,1203.0,3346.6,Good,
2024-05-01 01:57:00,B100,DR-Grade,5275.28,5000,90.0,61.82,2.054,60.5,9.07,43.27,1202.6,3416.1,Good,
2024-05-01 01:58:00,B100,DR-Grade,5275.49,5000,90.0,63.42,2.051,57.21,8.82,43.36,1202.5,3371.2,Good,
2024-05-01 01:59:00,B100,DR-Grade,5277.52,5000,90.0,64.13,2.053,57.31,9.49,43.32,1202.9,3365.5,Good,
2024-05-01 02:00:00,B100,DR-Grade,5274.43,5000,90.0,61.97,2.052,57.79,9.41,43.48,1203.1,3310.2,Good,
2024-05-01 02:01:00,B100,DR-Grade,5276.16,5000,90.0,62.27,2.051,57.73,9.33,43.34,1203.1,3338.4,Good,
2024-05-01 02:02:00,B100,DR-Grade,5282.26,5000,90.0,62.56,2.049,59.37,9.31,43.5,1203.6,3357.9,Good,
2024-05-01 02:03:00,B100,DR-Grade,5282.14,5000,90.0,63.3,2.049,60.79,9.03,43.68,1203.8,3364.4,Good,
2024-05-01 02:04:00,B100,DR-Grade,5284.93,5000,90.0,61.56,2.049,57.52,9.47,43.79,1204.0,3290.3,Good,
2024-05-01 02:05:00,B100,DR-Grade,5285.65,5000,90.0,62.53,2.05,58.76,9.34,43.76,1203.9,3335.1,Good,
2024-05-01 02:06:00,B100,DR-Grade,5289.21,5000,90.0,61.38,2.052,59.64,9.57,43.72,1204.0,3271.5,Good,
2024-05-01 02:07:00,B100,DR-Grade,5292.64,5000,90.0,62.76,2.052,55.83,9.54,43.8,1204.3,3309.4,Good,
2024-05-01 02:08:00,B100,DR-Grade,5293.37,5000,90.0,64.3,2.053,55.99,9.84,43.89,1204.3,3442.0,Good,
2024-05-01 02:09:00,B100,DR-Grade,5292.46,5000,90.0,65.37,2.05,57.58,9.44,43.67,1204.1,3372.7,Good,
2024-05-01 02:10:00,B100,DR-Grade,5293.77,5000,90.0,63.16,2.051,59.28,9.45,43.66,1203.9,3381.6,Good,
2024-05-01 02:11:00,B100,DR-Grade,5294.42,5000,90.0,62.3,2.05,56.34,9.81,43.73,1203.5,3458.4,Good,
2024-05-01 02:12:00,B100,DR-Grade,5293.34,5000,90.0,63.38,2.052,56.94,9.48,43.91,1202.6,3348.8,Good,
2024-05-01 02:13:00,B100,DR-Grade,5295.05,5000,90.0,65.1,2.052,58.08,9.25,44.05,1202.8,3354.4,Good,
2024-05-01 02:14:00,B100,DR-Grade,5296.67,5000,90.0,65.73,2.054,56.16,9.41,44.18,1203.2,3374.9,Good,
2024-05-01 02:15:00,B100,DR-Grade,5294.88,5000,90.0,62.52,2.056,57.89,9.25,44.11,1203.2,3451.0,Good,
2024-05-01 02:16:00,B100,DR-Grade,5295.08,5000,90.0,62.99,2.055,58.5,9.56,44.14,1203.3,3380.6,Good,
2024-05-01 02:17:00,B100,DR-Grade,5303.02,5000,90.0,63.32,2.054,58.49,9.44,44.26,1202.8,3331.0,Good,
2024-05-01 02:18:00,B100,DR-Grade,5305.54,5000,90.0,63.26,2.052,59.31,9.26,44.26,1202.3,3445.8,Good,
2024-05-01 02:19:00,B100,DR-Grade,5306.21,5000,90.0,62.77,2.054,58.64,9.52,44.0,1202.6,3400.8,Good,
2024-05-01 02:20:00,B100,DR-Grade,5312.97,5000,90.0,63.86,2.055,58.5,9.59,44.03,1202.3,3382.6,Good,
2024-05-01 02:21:00,B100,DR-Grade,5312.2,5000,90.0,61.37,2.056,58.43,9.55,43.97,1202.9,3366.9,Good,
2024-05-01 02:22:00,B100,DR-Grade,5306.35,5000,90.0,61.73,2.056,54.92,9.33,44.12,1202.9,3398.7,Good,
2024-05-01 02:23:00,B100,DR-Grade,5301.96,5000,90.0,61.48,2.054,55.93,9.26,44.06,1202.7,3341.9,Good,
2024-05-01 02:24:00,B100,DR-Grade,5298.56,5000,90.0,61.16,2.055,55.51,8.81,44.12,1202.6,3365.9,Good,
2024-05-01 02:25:00,B100,DR-Grade,5299.59,5000,90.0,61.88,2.054,57.6,9.37,44.07,1202.7,3349.7,Good,
2024-05-01 02:26:00,B100,DR-Grade,5302.38,5000,90.0,63.92,2.054,56.7,9.99,44.22,1202.6,3374.7,Good,
2024-05-01 02:27:00,B100,DR-Grade,5297.38,5000,90.0,61.37,2.054,59.11,9.73,44.35,1202.4,3400.2,Good,
2024-05-01 02:28:00,B100,DR-Grade,5300.48,5000,90.0,64.38,2.052,59.85,9.67,44.41,1201.9,3376.3,Good,
2024-05-01 02:29:00,B100,DR-Grade,5297.81,5000,90.0,61.77,2.052,56.37,9.7,44.51,1201.9,3356.7,Good,
2024-05-01 02:30:00,B100,DR-Grade,5298.77,5000,90.0,66.07,2.054,59.4,9.42,44.58,1201.6,3348.4,Good,
2024-05-01 02:31:00,B100,DR-Grade,5300.21,5000,90.0,63.79,2.054,56.03,9.43,44.7,1201.7,3401.3,Good,
2024-05-01 02:32:00,B100,DR-Grade,5301.56,5000,90.0,63.27,2.056,57.23,9.31,44.59,1201.2,3350.8,Good,
2024-05-01 02:33:00,B100,DR-Grade,5301.87,5000,90.0,62.65,2.056,57.35,9.68,44.73,1201.5,3422.9,Good,
2024-05-01 02:34:00,B100,DR-Grade,5302.55,5000,90.0,60.71,2.054,56.18,9.65,44.71,1201.4,3353.8,Good,
2024-05-01 02:35:00,B100,DR-Grade,5300.07,5000,90.0,62.08,2.055,55.58,8.96,44.73,1200.7,3425.9,Good,
2024-05-01 02:36:00,B100,DR-Grade,5301.0,5000,90.0,62.52,2.053,55.84,9.35,44.63,1200.4,3324.2,Good,
2024-05-01 02:37:00,B100,DR-Grade,5303.57,5000,90.0,63.27,2.053,55.94,10.12,44.6,1200.1,3360.4,Good,
2024-05-01 02:38:00,B100,DR-Grade,5306.0,5000,90.0,63.68,2.054,59.77,9.23,44.7,1200.8,3386.3,Good,
2024-05-01 02:39:00,B100,DR-Grade,5312.4,5000,90.0,62.83,2.054,58.13,9.53,44.83,1200.8,3355.2,Good,
2024-05-01 02:40:00,B100,DR-Grade,5315.13,5000,90.0,63.06,2.053,57.35,9.2,44.72,1200.9,3375.6,Good,
2024-05-01 02:41:00,B100,DR-Grade,5316.99,5000,90.0,65.02,2.053,56.2,9.23,44.79,1200.9,3400.2,Good,
2024-05-01 02:42:00,B100,DR-Grade,5321.03,5000,90.0,63.11,2.054,56.63,9.81,44.78,1200.5,3405.8,Good,
2024-05-01 02:43:00,B100,DR-Grade,5321.7,5000,90.0,63.5,2.053,54.73,9.32,44.54,1200.7,3350.1,Good,
2024-05-01 02:44:00,B100,DR-Grade,5318.78,5000,90.0,62.29,2.054,56.03,9.58,44.58,1200.4,3393.9,Good,
2024-05-01 02:45:00,B100,DR-Grade,5313.66,5000,90.0,63.13,2.056,56.97,9.77,44.49,1199.5,3332.8,Good,
2024-05-01 02:46:00,B100,DR-Grade,5316.71,5000,90.0,62.27,2.056,52.4,9.59,44.56,1199.1,3344.1,Good,
2024-05-01 02:47:00,B100,DR-Grade,5318.1,5000,90.0,62.74,2.056,55.74,9.4,44.48,1199.2,3358.0,Good,
2024-05-01 02:48:00,B100,DR-Grade,5320.11,5000,90.0,61.6,2.056,55.16,9.37,44.51,1199.0,3379.9,Good,
2024-05-01 02:49:00,B100,DR-Grade,5319.38,5000,90.0,61.41,2.056,55.78,9.62,44.45,1198.6,3330.9,Good,
2024-05-01 02:50:00,B100,DR-Grade,5320.2,5000,90.0,62.52,2.055,56.47,9.37,44.41,1198.2,3347.0,Good,
2024-05-01 02:51:00,B100,DR-Grade,5324.51,5000,90.0,61.48,2.054,56.14,9.74,44.58,1198.2,3306.8,Good,
2024-05-01 02:52:00,B100,DR-Grade,5325.26,5000,90.0,61.43,2.054,54.99,9.44,44.65,1197.9,3344.7,Good,
2024-05-01 02:53:00,B100,DR-Grade,5322.7,5000,90.0,64.02,2.056,54.13,9.25,44.6,1197.9,3355.4,Good,
2024-05-01 02:54:00,B100,DR-Grade,5321.68,5000,90.0,62.41,2.055,52.95,9.54,44.52,1197.8,3264.1,Good,
2024-05-01 02:55:00,B100,DR-Grade,5324.77,5000,90.0,62.13,2.054,57.35,9.22,44.64,1197.1,3270.3,Good,
2024-05-01 02:56:00,B100,DR-Grade,5322.25,5000,90.0,61.49,2.052,58.29,9.59,44.66,1197.1,3348.6,Good,
2024-05-01 02:57:00,B100,DR-Grade,5316.37,5000,90.0,62.65,2.052,54.12,8.8,44.62,1197.1,3353.0,Good,
2024-05-01 02:58:00,B100,DR-Grade,5311.16,5000,90.0,62.3,2.051,56.03,9.59,44.61,1196.9,3267.6,Good,
2024-05-01 02:59:00,B100,DR-Grade,5308.1,5000,90.0,64.0,2.05,56.42,9.57,44.6,1196.7,3338.6,Good,
2024-05-01 03:00:00,B100,DR-Grade,5309.81,5000,90.0,63.0,2.051,55.73,9.71,44.66,1196.5,3289.8,Good,
2024-05-01 03:01:00,B100,DR-Grade,5309.92,5000,90.0,63.48,2.051,53.61,9.92,44.72,1196.1,3322.6,Good,
2024-05-01 03:02:00,B100,DR-Grade,5308.14,5000,90.0,62.59,2.051,56.65,9.63,44.46,1196.3,3304.8,Good,
2024-05-01 03:03:00,B100,DR-Grade,5305.19,5000,90.0,60.73,2.051,54.53,8.99,44.44,1196.0,3323.1,Good,
2024-05-01 03:04:00,B100,DR-Grade,5304.82,5000,90.0,63.74,2.05,55.73,9.59,44.4,1195.7,3228.5,Good,
2024-05-01 03:05:00,B100,DR-Grade,5304.34,5000,90.0,60.86,2.051,55.37,9.62,44.48,1195.1,3259.3,Good,
2024-05-01 03:06:00,B100,DR-Grade,5302.96,5000,90.0,64.58,2.051,54.42,9.46,44.41,1195.2,3279.6,Good,
2024-05-01 03:07:00,B100,DR-Grade,5302.27,5000,90.0,61.92,2.052,54.25,9.44,44.64,1194.7,3259.3,Good,
2024-05-01 03:08:00,B100,DR-Grade,5300.44,5000,90.0,63.49,2.051,53.84,9.75,44.7,1195.0,3299.8,Good,
2024-05-01 03:09:00,B100,DR-Grade,5304.2,5000,90.0,62.85,2.051,54.5,9.47,44.49,1194.6,3382.5,Good,
2024-05-01 03:10:00,B100,DR-Grade,5298.86,5000,90.0,63.98,2.053,54.52,8.8,44.52,1194.6,3251.4,Good,
2024-05-01 03:11:00,B100,DR-Grade,5298.93,5000,90.0,62.93,2.054,57.23,9.67,44.54,1194.3,3322.6,Good,
2024-05-01 03:12:00,B100,DR-Grade,5296.54,5000,90.0,61.4,2.055,51.88,9.75,44.55,1193.3,3284.5,Good,
2024-05-01 03:13:00,B100,DR-Grade,5297.84,5000,90.0,60.49,2.055,57.29,9.64,44.49,1193.1,3274.0,Good,
2024-05-01 03:14:00,B100,DR-Grade,5297.1,5000,90.0,61.42,2.054,55.85,9.88,44.39,1192.3,3288.0,Good,
2024-05-01 03:15:00,B100,DR-Grade,5297.64,5000,90.0,64.42,2.052,54.57,9.19,44.5,1192.1,3351.3,Good,
2024-05-01 03:16:00,B100,DR-Grade,5298.52,5000,90.0,60.46,2.053,55.23,9.65,44.63,1191.4,3290.1,Good,
2024-05-01 03:17:00,B100,DR-Grade,5298.68,5000,90.0,62.43,2.052,52.87,9.83,44.69,1191.5,3197.1,Good,
2024-05-01 03:18:00,B100,DR-Grade,5300.49,5000,90.0,64.91,2.052,53.48,9.16,44.67,1190.7,3249.4,Good,
2024-05-01 03:19:00,B100,DR-Grade,5297.23,5000,90.0,61.09,2.051,50.9,10.02,44.75,1190.7,3344.1,Good,
2024-05-01 03:20:00,B100,DR-Grade,5298.93,5000,90.0,62.6,2.051,53.42,9.49,44.78,1190.9,3351.5,Good,
2024-05-01 03:21:00,B100,DR-Grade,5298.14,5000,90.0,64.05,2.052,52.12,9.53,44.79,1190.5,3287.4,Good,
2024-05-01 03:22:00,B100,DR-Grade,5298.59,5000,90.0,62.26,2.051,53.31,9.58,44.78,1190.5,3299.3,Good,
2024-05-01 03:23:00,B100,DR-Grade,5301.5,5000,90.0,63.86,2.052,51.95,9.58,44.72,1190.5,3289.6,Good,
2024-05-01 03:24:00,B100,DR-Grade,5303.48,5000,90.0,64.27,2.05,54.54,9.68,44.7,1190.0,3263.9,Good,
2024-05-01 03:25:00,B100,DR-Grade,5307.22,5000,90.0,64.89,2.05,51.85,9.38,44.66,1189.9,3304.9,Good,
2024-05-01 03:26:00,B100,DR-Grade,5302.11,5000,90.0,61.93,2.052,55.74,9.48,44.65,1189.0,3294.9,Good,
2024-05-01 03:27:00,B100,DR-Grade,5299.7,5000,90.0,63.47,2.052,54.81,9.32,44.58,1188.7,3319.0,Good,
2024-05-01 03:28:00,B100,DR-Grade,5301.26,5000,90.0,61.87,2.051,53.82,9.47,44.63,1188.2,3233.7,Good,
2024-05-01 03:29:00,B100,DR-Grade,5298.47,5000,90.0,61.55,2.052,52.17,9.4,44.69,1188.2,3236.3,Good,
2024-05-01 03:30:00,B100,DR-Grade,5297.64,5000,90.0,62.13,2.052,50.66,9.23,44.74,1188.0,3238.4,Good,
2024-05-01 03:31:00,B100,DR-Grade,5300.69,5000,90.0,62.92,2.052,52.64,9.81,44.79,1187.4,3209.0,Good,
2024-05-01 03:32:00,B100,DR-Grade,5302.0,5000,90.0,60.92,2.053,52.03,9.54,44.8,1187.4,3258.1,Good,
2024-05-01 03:33:00,B100,DR-Grade,5299.52,5000,90.0,62.3,2.053,51.44,9.49,44.77,1187.4,3351.5,Good,
2024-05-01 03:34:00,B100,DR-Grade,5299.93,5000,90.0,60.92,2.054,50.9,9.8,44.8,1187.0,3268.8,Good,
2024-05-01 03:35:00,B100,DR-Grade,5300.72,5000,90.0,61.69,2.053,50.12,9.43,44.8,1186.7,3257.0,Good,
2024-05-01 03:36:00,B100,DR-Grade,5300.31,5000,90.0,63.51,2.055,54.51,9.83,44.98,1186.6,3258.4,Good,
2024-05-01 03:37:00,B100,DR-Grade,5299.54,5000,90.0,61.56,2.055,55.65,9.28,44.87,1186.5,3163.1,Good,
2024-05-01 03:38:00,B100,DR-Grade,5299.26,5000,90.0,65.0,2.054,50.92,9.64,44.8,1186.5,3190.9,Good,
2024-05-01 03:39:00,B100,DR-Grade,5295.64,5000,90.0,63.76,2.052,56.23,9.61,44.87,1186.0,3173.1,Good,
2024-05-01 03:40:00,B100,DR-Grade,5295.31,5000,90.0,64.09,2.051,52.69,10.02,45.06,1186.0,3249.0,Good,
2024-05-01 03:41:00,B100,DR-Grade,5292.76,5000,90.0,66.35,2.052,52.53,9.38,45.05,1185.6,3284.1,Good,
2024-05-01 03:42:00,B100,DR-Grade,5292.94,5000,90.0,64.36,2.052,52.2,9.34,45.11,1185.2,3308.7,Good,
2024-05-01 03:43:00,B100,DR-Grade,5293.17,5000,90.0,63.34,2.053,53.36,9.43,45.13,1185.1,3231.7,Good,
2024-05-01 03:44:00,B100,DR-Grade,5290.75,5000,90.0,62.81,2.055,55.08,9.33,45.16,1185.2,3205.2,Good,
2024-05-01 03:45:00,B100,DR-Grade,5291.32,5000,90.0,63.2,2.054,52.28,9.44,45.18,1184.8,3241.5,Good,
2024-05-01 03:46:00,B100,DR-Grade,5291.37,5000,90.0,63.66,2.054,53.01,10.11,45.15,1184.0,3201.2,Good,
2024-05-01 03:47:00,B100,DR-Grade,5290.61,5000,90.0,62.63,2.054,51.87,9.74,45.04,1183.8,3222.9,Good,
2024-05-01 03:48:00,B100,DR-Grade,5291.36,5000,90.0,63.49,2.054,52.24,9.6,45.08,1183.0,3204.6,Good,
2024-05-01 03:49:00,B100,DR-Grade,5290.04,5000,90.0,62.78,2.055,49.48,9.51,45.19,1182.8,3188.9,Good,
2024-05-01 03:50:00,B100,DR-Grade,5288.76,5000,90.0,65.1,2.054,51.68,9.03,45.24,1182.1,3208.7,Good,
2024-05-01 03:51:00,B100,DR-Grade,5288.19,5000,90.0,63.13,2.055,55.46,10.01,45.12,1181.9,3155.3,Good,
2024-05-01 03:52:00,B100,DR-Grade,5287.33,5000,90.0,62.92,2.055,48.29,9.63,45.12,1181.6,3230.5,Good,
2024-05-01 03:53:00,B100,DR-Grade,5288.83,5000,90.0,62.09,2.056,51.55,9.37,45.11,1181.8,3232.6,Good,
2024-05-01 03:54:00,B100,DR-Grade,5283.41,5000,90.0,63.64,2.055,54.91,9.68,45.11,1181.6,3175.8,Good,
2024-05-01 03:55:00,B100,DR-Grade,5282.04,5000,90.0,60.76,2.055,50.2,9.56,45.17,1181.1,3197.1,Good,
2024-05-01 03:56:00,B100,DR-Grade,5277.33,5000,90.0,61.61,2.056,49.87,9.37,45.26,1181.0,3247.4,Good,
2024-05-01 03:57:00,B100,DR-Grade,5275.53,5000,90.0,60.86,2.055,52.37,9.26,45.29,1180.9,3188.1,Good,
2024-05-01 03:58:00,B100,DR-Grade,5275.19,5000,90.0,65.18,2.055,50.78,9.64,45.48,1180.5,3284.7,Good,
2024-05-01 03:59:00,B100,DR-Grade,5274.34,5000,90.0,66.03,2.057,50.55,10.1,45.5,1180.7,3195.6,Good,
2024-05-01 04:00:00,B100,DR-Grade,5275.34,5000,90.0,62.18,2.056,49.77,9.89,45.5,1180.5,3164.9,Good,
2024-05-01 04:01:00,B100,DR-Grade,5275.06,5000,90.0,60.68,2.058,53.51,9.35,45.45,1180.0,3243.9,Good,
2024-05-01 04:02:00,B100,DR-Grade,5268.87,5000,90.0,63.04,2.056,49.41,9.95,45.37,1179.8,3191.9,Good,
2024-05-01 04:03:00,B100,DR-Grade,5265.8,5000,90.0,62.2,2.055,50.07,9.49,45.4,1179.9,3249.1,Good,
2024-05-01 04:04:00,B100,DR-Grade,5267.85,5000,90.0,63.71,2.056,49.47,9.1,45.51,1179.8,3226.2,Good,
2024-05-01 04:05:00,B100,DR-Grade,5269.88,5000,90.0,62.07,2.056,52.04,9.46,45.47,1179.5,3290.4,Good,
2024-05-01 04:06:00,B100,DR-Grade,5269.1,5000,90.0,61.38,2.057,49.62,9.47,45.33,1179.1,3192.0,Good,
2024-05-01 04:07:00,B100,DR-Grade,5265.15,5000,90.0,61.97,2.057,50.53,9.37,45.19,1178.7,3160.6,Good,
2024-05-01 04:08:00,B100,DR-Grade,5268.27,5000,90.0,62.71,2.058,52.99,9.34,45.17,1178.5,3115.8,Good,
2024-05-01 04:09:00,B100,DR-Grade,5263.26,5000,90.0,62.66,2.059,49.91,9.72,45.17,1178.0,3169.9,Good,
2024-05-01 04:10:00,B100,DR-Grade,5262.81,5000,90.0,63.56,2.06,51.51,9.3,45.29,1177.0,3155.2,Good,
2024-05-01 04:11:00,B100,DR-Grade,5261.66,5000,90.0,62.26,2.058,54.73,9.68,45.07,1176.2,3170.4,Good,
2024-05-01 04:12:00,B100,DR-Grade,5261.05,5000,90.0,62.26,2.059,53.96,9.56,45.1,1176.2,3166.5,Good,
2024-05-01 04:13:00,B100,DR-Grade,5257.76,5000,90.0,61.76,2.061,50.23,9.82,45.01,1176.0,3165.5,Good,
2024-05-01 04:14:00,B100,DR-Grade,5255.91,5000,90.0,62.69,2.062,51.21,8.88,44.92,1176.0,3188.5,Good,
2024-05-01 04:15:00,B100,DR-Grade,5256.81,5000,90.0,61.31,2.059,52.22,9.6,44.95,1175.8,3123.6,Good,
2024-05-01 04:16:00,B100,DR-Grade,5254.76,5000,90.0,64.69,2.059,51.17,9.48,44.91,1175.9,3119.5,Good,
2024-05-01 04:17:00,B100,DR-Grade,5251.03,5000,90.0,62.33,2.06,52.92,9.14,44.85,1175.7,3144.1,Good,
2024-05-01 04:18:00,B100,DR-Grade,5249.85,5000,90.0,61.35,2.061,52.36,9.65,44.93,1175.1,3176.0,Good,
2024-05-01 04:19:00,B100,DR-Grade,5248.85,5000,90.0,62.46,2.062,50.93,9.39,44.91,1174.8,3181.7,Good,
2024-05-01 04:20:00,B100,DR-Grade,5247.42,5000,90.0,61.35,2.062,51.64,9.77,44.89,1174.2,3155.8,Good,
2024-05-01 04:21:00,B100,DR-Grade,5244.76,5000,90.0,60.52,2.062,52.43,9.27,44.87,1173.9,3165.2,Good,
2024-05-01 04:22:00,B100,DR-Grade,5244.56,5000,90.0,62.89,2.062,50.39,9.37,44.86,1173.9,3100.1,Good,
2024-05-01 04:23:00,B100,DR-Grade,5243.11,5000,90.0,63.37,2.063,49.35,9.48,44.85,1173.8,3175.5,Good,
2024-05-01 04:24:00,B100,DR-Grade,5239.72,5000,90.0,59.48,2.065,52.57,8.91,44.8,1173.1,3136.5,Good,
2024-05-01 04:25:00,B100,DR-Grade,5238.9,5000,90.0,61.15,2.064,53.13,9.64,44.84,1172.9,3114.7,Good,
2024-05-01 04:26:00,B100,DR-Grade,5237.6,5000,90.0,62.09,2.065,54.5,9.34,44.69,1172.8,3076.4,Good,
2024-05-01 04:27:00,B100,DR-Grade,5236.62,5000,90.0,61.61,2.065,48.94,9.47,44.68,1172.7,3213.0,Good,
2024-05-01 04:28:00,B100,DR-Grade,5232.25,5000,90.0,63.41,2.065,51.13,9.42,44.69,1172.8,3111.4,Good,
2024-05-01 04:29:00,B100,DR-Grade,5229.58,5000,90.0,63.75,2.065,51.64,9.56,44.76,1172.5,3162.1,Good,
2024-05-01 04:30:00,B100,DR-Grade,5229.15,5000,90.0,62.61,2.064,52.75,9.59,44.7,1172.0,3136.4,Good,
2024-05-01 04:31:00,B100,DR-Grade,5229.58,5000,90.0,62.26,2.065,53.55,9.81,44.72,1171.4,3123.8,Good,
2024-05-01 04:32:00,B100,DR-Grade,5228.94,5000,90.0,64.41,2.065,49.16,9.22,44.68,1171.2,3148.8,Good,
2024-05-01 04:33:00,B100,DR-Grade,5227.95,5000,90.0,63.13,2.065,50.45,9.45,44.62,1170.6,3166.5,Good,
2024-05-01 04:34:00,B100,DR-Grade,5227.99,5000,90.0,64.6,2.063,51.2,9.17,44.69,1170.4,3153.6,Good,
2024-05-01 04:35:00,B100,DR-Grade,5228.49,5000,90.0,61.9,2.063,50.11,9.35,44.72,1170.4,3177.7,Good,
2024-05-01 04:36:00,B100,DR-Grade,5230.39,5000,90.0,63.74,2.064,48.33,9.18,44.71,1169.8,3154.3,Good,
2024-05-01 04:37:00,B100,DR-Grade,5229.95,5000,90.0,60.96,2.065,52.04,9.63,44.64,1169.5,3126.8,Good,
2024-05-01 04:38:00,B100,DR-Grade,5227.64,5000,90.0,61.05,2.063,52.76,8.91,44.67,1169.4,3133.3,Good,
2024-05-01 04:39:00,B100,DR-Grade,5227.21,5000,90.0,62.73,2.063,47.77,8.99,44.61,1169.1,3141.9,Good,
2024-05-01 04:40:00,B100,DR-Grade,5222.42,5000,90.0,62.52,2.064,50.23,9.22,44.55,1168.8,3111.1,Good,
2024-05-01 04:41:00,B100,DR-Grade,5221.24,5000,90.0,61.63,2.064,52.66,9.43,44.56,1168.5,3102.6,Good,
2024-05-01 04:42:00,B100,DR-Grade,5219.16,5000,90.0,62.02,2.064,49.19,9.07,44.59,1167.8,3122.0,Good,
2024-05-01 04:43:00,B100,DR-Grade,5217.83,5000,90.0,62.62,2.063,51.74,9.43,44.51,1167.7,3098.2,Good,
2024-05-01 04:44:00,B100,DR-Grade,5217.42,5000,90.0,62.96,2.063,51.03,9.7,44.37,1167.1,3110.1,Good,
2024-05-01 04:45:00,B100,DR-Grade,5216.21,5000,90.0,63.35,2.061,51.22,9.57,44.27,1166.9,3165.9,Good,
2024-05-01 04:46:00,B100,DR-Grade,5212.35,5000,90.0,63.08,2.063,50.77,9.13,44.25,1166.9,3045.9,Good,
2024-05-01 04:47:00,B100,DR-Grade,5210.41,5000,90.0,63.68,2.064,52.15,9.27,44.22,1167.0,3072.9,Good,
2024-05-01 04:48:00,B100,DR-Grade,5207.7,5000,90.0,63.65,2.062,46.59,9.39,44.24,1166.9,3105.8,Good,
2024-05-01 04:49:00,B100,DR-Grade,5206.36,5000,90.0,62.62,2.064,52.13,9.28,44.17,1166.9,3123.8,Good,
2024-05-01 04:50:00,B100,DR-Grade,5205.68,5000,90.0,61.96,2.064,51.29,9.05,44.12,1166.6,3087.3,Good,
2024-05-01 04:51:00,B100,DR-Grade,5202.67,5000,90.0,62.8,2.063,50.6,9.23,44.03,1166.5,3107.4,Good,
2024-05-01 04:52:00,B100,DR-Grade,5202.64,5000,90.0,62.33,2.062,50.7,9.53,43.96,1166.5,3101.4,Good,
2024-05-01 04:53:00,B100,DR-Grade,5203.6,5000,90.0,63.09,2.061,50.14,9.31,43.94,1166.3,3115.6,Good,
2024-05-01 04:54:00,B100,DR-Grade,5201.79,5000,90.0,61.51,2.062,48.72,9.49,43.83,1165.7,3014.1,Good,
2024-05-01 04:55:00,B100,DR-Grade,5201.72,5000,90.0,65.29,2.063,51.07,9.38,43.79,1165.6,3050.9,Good,
2024-05-01 04:56:00,B100,DR-Grade,5197.79,5000,90.0,62.56,2.061,50.28,9.56,43.8,1165.5,3111.4,Good,
2024-05-01 04:57:00,B100,DR-Grade,5195.5,5000,90.0,64.6,2.062,52.23,9.09,43.76,1165.8,3091.2,Good,
2024-05-01 04:58:00,B100,DR-Grade,5195.81,5000,90.0,62.16,2.062,50.77,9.04,43.47,1164.9,3001.5,Good,
2024-05-01 04:59:00,B100,DR-Grade,5191.39,5000,90.0,62.86,2.062,51.08,9.6,43.46,1164.6,3027.8,Good,
2024-05-01 05:00:00,B100,DR-Grade,5189.15,5000,90.0,62.92,2.062,50.73,9.18,43.42,1164.0,3091.7,Good,
2024-05-01 05:01:00,B100,DR-Grade,5186.23,5000,90.0,62.75,2.063,51.91,9.51,43.29,1164.3,3084.9,Good,
2024-05-01 05:02:00,B100,DR-Grade,5186.83,5000,90.0,62.5,2.064,51.92,9.47,43.27,1163.9,3100.2,Good,
2024-05-01 05:03:00,B100,DR-Grade,5187.42,5000,90.0,62.04,2.064,49.45,9.4,43.25,1163.6,3099.0,Good,
2024-05-01 05:04:00,B100,DR-Grade,5184.95,5000,90.0,63.16,2.065,52.67,9.37,43.16,1163.8,3083.4,Good,
2024-05-01 05:05:00,B100,DR-Grade,5183.76,5000,90.0,60.77,2.066,51.82,9.14,43.11,1163.5,3050.1,Good,
2024-05-01 05:06:00,B100,DR-Grade,5177.88,5000,90.0,63.15,2.064,53.32,9.46,43.01,1163.3,3096.8,Good,
2024-05-01 05:07:00,B100,DR-Grade,5177.93,5000,90.0,62.98,2.065,50.36,9.4,43.04,1163.1,3083.8,Good,
2024-05-01 05:08:00,B100,DR-Grade,5177.11,5000,90.0,62.49,2.064,51.6,9.56,43.01,1163.0,3061.1,Good,
2024-05-01 05:09:00,B100,DR-Grade,5177.95,5000,90.0,65.05,2.064,50.44,9.23,43.02,1163.0,3093.9,Good,
2024-05-01 05:10:00,B100,DR-Grade,5172.46,5000,90.0,60.55,2.063,53.02,9.33,42.97,1162.6,3076.3,Good,
2024-05-01 05:11:00,B100,DR-Grade,5171.62,5000,90.0,61.44,2.064,53.87,8.83,43.0,1162.8,3078.7,Good,
2024-05-01 05:12:00,B100,DR-Grade,5169.59,5000,90.0,60.35,2.063,52.52,9.04,42.8,1163.0,3063.0,Good,
2024-05-01 05:13:00,B100,DR-Grade,5163.72,5000,90.0,63.89,2.063,51.95,9.31,42.82,1162.8,3021.5,Good,
2024-05-01 05:14:00,B100,DR-Grade,5161.11,5000,90.0,63.31,2.061,51.89,8.9,42.84,1162.7,3010.0,Good,
2024-05-01 05:15:00,B100,DR-Grade,5159.53,5000,90.0,63.27,2.062,53.16,9.31,42.81,1162.6,3070.2,Good,
2024-05-01 05:16:00,B100,DR-Grade,5159.44,5000,90.0,62.16,2.063,51.63,9.24,42.8,1162.4,3090.6,Good,
2024-05-01 05:17:00,B100,DR-Grade,5158.31,5000,90.0,61.16,2.06,52.7,9.43,42.75,1162.2,3061.5,Good,
2024-05-01 05:18:00,B100,DR-Grade,5155.98,5000,90.0,62.92,2.06,52.79,9.3,42.61,1162.0,3045.7,Good,
2024-05-01 05:19:00,B100,DR-Grade,5155.26,5000,90.0,62.08,2.058,51.2,9.06,42.65,1161.9,3131.1,Good,
2024-05-01 05:20:00,B100,DR-Grade,5153.61,5000,90.0,62.05,2.06,55.26,9.28,42.71,1161.2,3079.9,Good,
2024-05-01 05:21:00,B100,DR-Grade,5151.04,5000,90.0,61.79,2.06,49.8,9.42,42.63,1161.3,3055.0,Good,
2024-05-01 05:22:00,B100,DR-Grade,5147.86,5000,90.0,60.5,2.061,52.55,9.56,42.57,1161.1,3003.1,Good,
2024-05-01 05:23:00,B100,DR-Grade,5146.63,5000,90.0,63.12,2.061,53.23,9.32,42.65,1161.2,3125.8,Good,
2024-05-01 05:24:00,B100,DR-Grade,5145.4,5000,90.0,63.82,2.061,50.25,9.05,42.66,1160.9,3036.2,Good,
2024-05-01 05:25:00,B100,DR-Grade,5146.97,5000,90.0,63.57,2.062,52.62,9.29,42.68,1160.9,3081.9,Good,
2024-05-01 05:26:00,B100,DR-Grade,5144.73,5000,90.0,60.24,2.06,50.65,9.14,42.61,1160.7,2946.9,Good,
2024-05-01 05:27:00,B100,DR-Grade,5145.88,5000,90.0,62.24,2.061,55.08,9.42,42.57,1160.5,2996.8,Good,
2024-05-01 05:28:00,B100,DR-Grade,5144.96,5000,90.0,62.09,2.062,48.62,9.25,42.46,1160.1,3000.9,Good,
2024-05-01 05:29:00,B100,DR-Grade,5145.39,5000,90.0,60.43,2.061,52.8,9.29,42.38,1160.0,3075.5,Good,
2024-05-01 05:30:00,B100,DR-Grade,5142.38,5000,90.0,62.73,2.062,56.04,8.99,42.32,1159.9,3010.7,Good,
2024-05-01 05:31:00,B100,DR-Grade,5139.42,5000,90.0,62.08,2.062,52.14,9.53,42.26,1159.9,3100.6,Good,
2024-05-01 05:32:00,B100,DR-Grade,5137.39,5000,90.0,61.96,2.061,53.1,9.65,42.26,1160.0,3022.8,Good,
2024-05-01 05:33:00,B100,DR-Grade,5137.34,5000,90.0,61.78,2.062,54.62,9.64,42.26,1159.9,3059.1,Good,
2024-05-01 05:34:00,B100,DR-Grade,5136.1,5000,90.0,62.05,2.062,56.17,9.12,42.35,1159.9,3107.9,Good,
2024-05-01 05:35:00,B100,DR-Grade,5135.81,5000,90.0,62.0,2.062,53.97,9.07,42.34,1159.8,3093.5,Good,
2024-05-01 05:36:00,B100,DR-Grade,5134.79,5000,90.0,63.64,2.063,51.74,9.81,42.23,1159.6,3035.0,Good,
2024-05-01 05:37:00,B100,DR-Grade,5134.93,5000,90.0,64.73,2.062,54.72,8.99,42.28,1159.4,3059.5,Good,
2024-05-01 05:38:00,B100,DR-Grade,5133.72,5000,90.0,61.89,2.064,53.89,8.91,42.24,1159.3,3003.3,Good,
2024-05-01 05:39:00,B100,DR-Grade,5131.32,5000,90.0,60.26,2.064,48.51,9.34,42.19,1159.4,3036.7,Good,
2024-05-01 05:40:00,B100,DR-Grade,5130.61,5000,90.0,64.19,2.064,53.07,9.49,42.12,1159.2,3041.3,Good,
2024-05-01 05:41:00,B100,DR-Grade,5129.21,5000,90.0,62.85,2.065,55.7,9.19,42.25,1158.9,3021.6,Good,
2024-05-01 05:42:00,B100,DR-Grade,5130.49,5000,90.0,62.19,2.063,55.04,9.9,42.16,1159.0,3045.7,Good,
2024-05-01 05:43:00,B100,DR-Grade,5128.68,5000,90.0,62.77,2.063,54.1,9.25,42.2,1159.0,3071.0,Good,
2024-05-01 05:44:00,B100,DR-Grade,5127.29,5000,90.0,64.12,2.065,56.22,9.46,42.07,1158.9,3067.6,Good,
2024-05-01 05:45:00,B100,DR-Grade,5125.24,5000,90.0,61.97,2.064,53.58,8.91,41.98,1158.9,3031.6,Good,
2024-05-01 05:46:00,B100,DR-Grade,5125.54,5000,90.0,61.04,2.064,55.14,9.03,41.94,1158.8,3067.2,Good,
2024-05-01 05:47:00,B100,DR-Grade,5125.38,5000,90.0,61.96,2.065,52.72,8.89,42.05,1158.7,2949.0,Good,
2024-05-01 05:48:00,B100,DR-Grade,5124.86,5000,90.0,61.59,2.065,55.81,9.18,42.09,1158.7,2997.6,Good,
2024-05-01 05:49:00,B100,DR-Grade,5121.29,5000,90.0,62.79,2.064,55.86,9.66,42.06,1158.7,3013.2,Good,
2024-05-01 05:50:00,B100,DR-Grade,5117.29,5000,90.0,62.42,2.064,54.79,8.88,42.02,1158.7,3020.5,Good,
2024-05-01 05:51:00,B100,DR-Grade,5116.15,5000,90.0,63.67,2.063,52.97,9.21,41.98,1158.4,3072.7,Good,
2024-05-01 05:52:00,B100,DR-Grade,5115.73,5000,90.0,60.28,2.064,54.06,9.55,41.93,1158.4,3082.0,Good,
2024-05-01 05:53:00,B100,DR-Grade,5116.52,5000,90.0,61.04,2.064,54.95,9.56,41.9,1158.6,3026.0,Good,
2024-05-01 05:54:00,B100,DR-Grade,5112.08,5000,90.0,62.37,2.063,54.39,9.25,41.86,1158.7,3053.4,Good,
2024-05-01 05:55:00,B100,DR-Grade,5110.24,5000,90.0,61.06,2.064,54.99,9.33,41.82,1158.6,3022.2,Good,
2024-05-01 05:56:00,B100,DR-Grade,5105.98,5000,90.0,63.14,2.065,56.91,8.79,41.78,1158.4,3039.2,Good,
2024-05-01 05:57:00,B100,DR-Grade,5102.89,5000,90.0,61.88,2.065,53.28,8.85,41.64,1158.3,3050.6,Good,
2024-05-01 05:58:00,B100,DR-Grade,5100.97,5000,90.0,61.38,2.064,55.71,9.11,41.46,1158.1,3011.6,Good,
2024-05-01 05:59:00,B100,DR-Grade,5100.92,5000,90.0,63.91,2.064,56.45,9.0,41.38,1158.3,3072.8,Good,
2024-05-01 06:00:00,B100,DR-Grade,5098.52,5000,90.0,59.52,2.065,54.04,8.89,41.34,1158.3,3026.8,Good,
2024-05-01 06:01:00,B100,DR-Grade,5095.82,5000,90.0,61.47,2.065,55.31,9.26,41.34,1158.1,3032.7,Good,
2024-05-01 06:02:00,B100,DR-Grade,5093.75,5000,90.0,61.12,2.066,54.44,8.86,41.17,1158.0,3067.5,Good,
2024-05-01 06:03:00,B100,DR-Grade,5094.16,5000,90.0,61.96,2.065,55.92,8.91,41.17,1158.2,2976.4,Good,
2024-05-01 06:04:00,B100,DR-Grade,5096.39,5000,90.0,63.74,2.065,56.21,9.3,41.12,1157.7,2981.5,Good,
2024-05-01 06:05:00,B100,DR-Grade,5092.4,5000,90.0,60.39,2.065,54.35,9.22,41.05,1157.5,2939.6,Good,
2024-05-01 06:06:00,B100,DR-Grade,5090.4,5000,90.0,63.1,2.065,54.6,9.79,41.05,1157.5,2985.7,Good,
2024-05-01 06:07:00,B100,DR-Grade,5088.16,5000,90.0,59.83,2.067,58.7,9.07,40.98,1157.6,3097.2,Good,
2024-05-01 06:08:00,B100,DR-Grade,5088.42,5000,90.0,61.84,2.066,58.14,9.23,40.96,1157.6,3019.5,Good,
2024-05-01 06:09:00,B100,DR-Grade,5087.53,5000,90.0,60.45,2.066,54.62,9.34,40.9,1157.6,3064.0,Good,
2024-05-01 06:10:00,B100,DR-Grade,5088.36,5000,90.0,60.74,2.065,56.1,9.16,40.82,1157.8,3037.5,Good,
2024-05-01 06:11:00,B100,DR-Grade,5085.22,5000,90.0,61.3,2.065,55.53,8.93,40.76,1157.7,2969.1,Good,
2024-05-01 06:12:00,B100,DR-Grade,5083.67,5000,90.0,59.33,2.066,56.53,9.38,40.73,1157.9,3001.0,Good,
2024-05-01 06:13:00,B100,DR-Grade,5081.4,5000,90.0,60.45,2.065,59.25,8.87,40.75,1157.5,2941.2,Good,
2024-05-01 06:14:00,B100,DR-Grade,5078.14,5000,90.0,59.91,2.064,55.75,8.64,40.71,1157.8,2949.8,Good,
2024-05-01 06:15:00,B100,DR-Grade,5076.34,5000,90.0,62.81,2.064,53.66,9.03,40.67,1157.9,3021.9,Good,
2024-05-01 06:16:00,B100,DR-Grade,5072.95,5000,90.0,61.76,2.063,56.34,9.14,40.54,1157.8,3026.5,Good,
2024-05-01 06:17:00,B100,DR-Grade,5074.75,5000,90.0,61.09,2.063,56.39,9.01,40.56,1157.7,3070.0,Good,
2024-05-01 06:18:00,B100,DR-Grade,5073.84,5000,90.0,62.18,2.063,58.11,9.0,40.54,1157.9,3019.5,Good,
2024-05-01 06:19:00,B100,DR-Grade,5070.72,5000,90.0,60.76,2.062,56.56,8.86,40.47,1158.1,3062.6,Good,
2024-05-01 06:20:00,B100,DR-Grade,5068.24,5000,90.0,61.43,2.061,58.17,9.05,40.48,1157.9,3003.2,Good,
2024-05-01 06:21:00,B100,DR-Grade,5069.36,5000,90.0,62.81,2.06,55.96,9.34,40.37,1157.7,3031.8,Good,
2024-05-01 06:22:00,B100,DR-Grade,5067.08,5000,90.0,61.65,2.06,55.62,9.02,40.35,1157.5,3016.2,Good,
2024-05-01 06:23:00,B100,DR-Grade,5066.6,5000,90.0,62.12,2.061,56.98,9.27,40.39,1157.6,3028.3,Good,
2024-05-01 06:24:00,B100,DR-Grade,5065.95,5000,90.0,61.99,2.061,55.37,9.38,40.37,1157.6,3023.3,Good,
2024-05-01 06:25:00,B100,DR-Grade,5066.08,5000,90.0,62.72,2.059,56.11,9.55,40.35,1157.6,3035.8,Good,
2024-05-01 06:26:00,B100,DR-Grade,5065.51,5000,90.0,61.2,2.059,57.27,9.07,40.31,1157.5,3002.8,Good,
2024-05-01 06:27:00,B100,DR-Grade,5063.65,5000,90.0,61.21,2.059,56.2,9.27,40.27,1157.6,3053.2,Good,
2024-05-01 06:28:00,B100,DR-Grade,5061.22,5000,90.0,63.24,2.059,57.64,8.94,40.23,1157.8,2980.2,Good,
2024-05-01 06:29:00,B100,DR-Grade,5056.99,5000,90.0,60.19,2.058,57.97,9.42,40.16,1157.7,3013.6,Good,
2024-05-01 06:30:00,B100,DR-Grade,5055.4,5000,90.0,62.65,2.058,55.61,9.32,40.16,1158.0,3036.0,Good,
2024-05-01 06:31:00,B100,DR-Grade,5054.09,5000,90.0,63.56,2.058,57.23,9.16,40.06,1158.0,2959.2,Good,
2024-05-01 06:32:00,B100,DR-Grade,5052.03,5000,90.0,61.31,2.058,55.82,8.68,40.09,1158.2,2979.9,Good,
2024-05-01 06:33:00,B100,DR-Grade,5050.3,5000,90.0,62.02,2.057,58.19,8.65,40.1,1158.1,2972.1,Good,
2024-05-01 06:34:00,B100,DR-Grade,5046.97,5000,90.0,61.46,2.057,57.46,8.91,40.18,1158.4,3006.7,Good,
2024-05-01 06:35:00,B100,DR-Grade,5048.74,5000,90.0,61.7,2.058,57.73,9.01,40.0,1158.7,3097.5,Good,
2024-05-01 06:36:00,B100,DR-Grade,5046.49,5000,90.0,62.95,2.057,62.31,9.17,39.99,1158.4,3076.1,Good,
2024-05-01 06:37:00,B100,DR-Grade,5043.43,5000,90.0,62.27,2.057,57.62,9.41,39.97,1158.5,2955.5,Good,
2024-05-01 06:38:00,B100,DR-Grade,5041.05,5000,90.0,62.83,2.056,57.19,8.92,39.91,1158.5,3102.9,Good,
2024-05-01 06:39:00,B100,DR-Grade,5039.31,5000,90.0,61.0,2.056,58.05,8.88,39.89,1158.2,3118.5,Good,
2024-05-01 06:40:00,B100,DR-Grade,5038.95,5000,90.0,61.58,2.056,59.54,9.07,39.91,1158.1,3014.1,Good,
2024-05-01 06:41:00,B100,DR-Grade,5033.84,5000,90.0,59.37,2.055,56.42,9.19,39.85,1158.3,3062.5,Good,
2024-05-01 06:42:00,B100,DR-Grade,5033.15,5000,90.0,60.0,2.057,58.3,8.71,39.88,1158.5,3045.6,Good,
2024-05-01 06:43:00,B100,DR-Grade,5030.77,5000,90.0,62.63,2.057,58.72,9.07,39.94,1158.7,3059.5,Good,
2024-05-01 06:44:00,B100,DR-Grade,5029.04,5000,90.0,62.37,2.057,56.97,8.73,39.91,1159.3,3050.9,Good,
2024-05-01 06:45:00,B100,DR-Grade,5029.11,5000,90.0,62.2,2.056,58.69,8.92,39.79,1159.1,3063.3,Good,
2024-05-01 06:46:00,B100,DR-Grade,5028.8,5000,90.0,62.22,2.056,58.6,9.02,39.75,1159.0,2984.5,Good,
2024-05-01 06:47:00,B100,DR-Grade,5026.35,5000,90.0,62.17,2.057,58.65,8.48,39.69,1159.5,2936.6,Good,
2024-05-01 06:48:00,B100,DR-Grade,5024.78,5000,90.0,62.34,2.057,58.16,8.55,39.57,1159.8,3104.3,Good,
2024-05-01 06:49:00,B100,DR-Grade,5026.13,5000,90.0,60.49,2.057,55.94,8.57,39.64,1159.7,2993.3,Good,
2024-05-01 06:50:00,B100,DR-Grade,5026.72,5000,90.0,61.83,2.056,54.77,9.29,39.57,1159.9,3049.5,Good,
2024-05-01 06:51:00,B100,DR-Grade,5026.58,5000,90.0,59.38,2.055,54.91,8.99,39.53,1160.1,3038.6,Good,
2024-05-01 06:52:00,B100,DR-Grade,5025.18,5000,90.0,61.68,2.055,57.71,9.06,39.56,1160.4,2989.7,Good,
2024-05-01 06:53:00,B100,DR-Grade,5025.19,5000,90.0,61.39,2.055,57.56,9.6,39.51,1160.6,3050.9,Good,
2024-05-01 06:54:00,B100,DR-Grade,5024.37,5000,90.0,64.91,2.055,57.25,9.08,39.42,1160.7,3086.1,Good,
2024-05-01 06:55:00,B100,DR-Grade,5022.16,5000,90.0,63.9,2.055,59.91,9.2,39.28,1161.2,3037.7,Good,
2024-05-01 06:56:00,B100,DR-Grade,5019.3,5000,90.0,63.28,2.055,56.59,8.89,39.23,1161.6,3049.7,Good,
2024-05-01 06:57:00,B100,DR-Grade,5018.69,5000,90.0,61.32,2.054,56.91,8.62,39.19,1161.2,3068.1,Good,
2024-05-01 06:58:00,B100,DR-Grade,5017.87,5000,90.0,60.93,2.054,58.12,9.0,39.11,1161.5,3054.1,Good,
2024-05-01 06:59:00,B100,DR-Grade,5018.27,5000,90.0,61.78,2.052,57.12,8.52,39.13,1161.7,3123.8,Good,
2024-05-01 07:00:00,B100,DR-Grade,5016.2,5000,90.0,61.51,2.053,56.23,8.93,39.17,1162.1,3077.7,Good,
2024-05-01 07:01:00,B100,DR-Grade,5016.89,5000,90.0,61.85,2.052,59.8,9.13,39.13,1162.5,3073.9,Good,
2024-05-01 07:02:00,B100,DR-Grade,5015.0,5000,90.0,58.98,2.051,57.83,9.17,39.08,1162.8,3080.7,Good,
2024-05-01 07:03:00,B100,DR-Grade,5015.48,5000,90.0,61.62,2.05,57.71,8.92,39.04,1163.0,3101.8,Good,
2024-05-01 07:04:00,B100,DR-Grade,5014.94,5000,90.0,60.55,2.048,60.68,9.01,38.97,1163.3,3084.3,Good,
2024-05-01 07:05:00,B100,DR-Grade,5012.77,5000,90.0,61.62,2.048,58.64,8.96,38.98,1163.3,3077.6,Good,
2024-05-01 07:06:00,B100,DR-Grade,5010.06,5000,90.0,59.38,2.049,54.85,9.33,38.98,1163.6,3046.7,Good,
2024-05-01 07:07:00,B100,DR-Grade,5008.57,5000,90.0,61.53,2.049,59.45,8.83,38.9,1163.6,3122.0,Good,
2024-05-01 07:08:00,B100,DR-Grade,5006.88,5000,90.0,63.32,2.049,57.19,8.8,38.89,1164.2,3040.5,Good,
2024-05-01 07:09:00,B100,DR-Grade,5006.94,5000,90.0,61.04,2.05,59.7,8.94,38.83,1164.3,3050.9,Good,
2024-05-01 07:10:00,B100,DR-Grade,5004.64,5000,90.0,61.27,2.05,58.33,9.22,38.77,1164.7,3116.8,Good,
2024-05-01 07:11:00,B100,DR-Grade,5001.22,5000,90.0,61.51,2.051,58.83,8.89,38.75,1165.0,3106.6,Good,
2024-05-01 07:12:00,B100,DR-Grade,4999.92,5000,90.0,62.56,2.05,57.29,8.45,38.63,1165.3,3026.8,Good,
2024-05-01 07:13:00,B100,DR-Grade,5001.42,5000,90.0,60.29,2.049,59.34,9.07,38.59,1165.6,3117.4,Good,
2024-05-01 07:14:00,B100,DR-Grade,5002.52,5000,90.0,62.43,2.047,57.47,8.81,38.6,1165.8,3058.8,Good,
2024-05-01 07:15:00,B100,DR-Grade,5000.37,5000,90.0,63.62,2.047,59.8,8.48,38.55,1166.4,2993.4,Good,
2024-05-01 07:16:00,B100,DR-Grade,4998.72,5000,90.0,62.99,2.047,58.72,8.87,38.4,1166.8,3153.1,Good,
2024-05-01 07:17:00,B100,DR-Grade,4997.94,5000,90.0,61.72,2.047,59.43,8.63,38.38,1167.0,3147.0,Good,
2024-05-01 07:18:00,B100,DR-Grade,4995.76,5000,90.0,61.74,2.046,57.78,8.81,38.36,1167.5,3080.0,Good,
2024-05-01 07:19:00,B100,DR-Grade,4994.19,5000,90.0,63.7,2.046,59.89,8.99,38.31,1167.5,3109.4,Good,
2024-05-01 07:20:00,B100,DR-Grade,4992.58,5000,90.0,63.84,2.046,59.26,8.36,38.27,1168.1,3111.6,Good,
2024-05-01 07:21:00,B100,DR-Grade,4989.88,5000,90.0,62.92,2.047,56.94,8.96,38.34,1168.2,3148.1,Good,
2024-05-01 07:22:00,B100,DR-Grade,4987.81,5000,90.0,61.78,2.048,59.88,8.55,38.25,1168.8,3182.4,Good,
2024-05-01 07:23:00,B100,DR-Grade,4985.93,5000,90.0,62.1,2.047,58.64,9.02,38.24,1169.0,3044.3,Good,
2024-05-01 07:24:00,B100,DR-Grade,4985.1,5000,90.0,60.01,2.047,60.74,8.64,38.27,1169.2,3098.2,Good,
2024-05-01 07:25:00,B100,DR-Grade,4982.25,5000,90.0,61.89,2.047,59.5,9.11,38.28,1169.2,3047.1,Good,
2024-05-01 07:26:00,B100,DR-Grade,4981.25,5000,90.0,63.35,2.047,59.68,8.94,38.2,1169.2,3098.6,Good,
2024-05-01 07:27:00,B100,DR-Grade,4978.71,5000,90.0,64.08,2.047,58.63,8.93,38.17,1169.6,3131.0,Good,
2024-05-01 07:28:00,B100,DR-Grade,4976.43,5000,90.0,62.86,2.047,60.96,8.8,38.03,1169.9,3141.4,Good,
2024-05-01 07:29:00,B100,DR-Grade,4973.72,5000,90.0,62.61,2.048,57.53,8.6,38.04,1170.0,3098.1,Good,
2024-05-01 07:30:00,B100,DR-Grade,4978.28,5000,90.0,62.44,2.047,58.8,8.73,38.04,1170.5,3123.5,Good,
2024-05-01 07:31:00,B100,DR-Grade,4978.94,5000,90.0,61.14,2.046,57.53,8.83,38.02,1170.7,3132.0,Good,
2024-05-01 07:32:00,B100,DR-Grade,4979.74,5000,90.0,60.71,2.046,62.74,8.75,37.91,1171.1,3087.9,Good,
2024-05-01 07:33:00,B100,DR-Grade,4979.79,5000,90.0,60.87,2.046,60.32,8.66,37.92,1171.4,3118.2,Good,
2024-05-01 07:34:00,B100,DR-Grade,4978.38,5000,90.0,60.69,2.045,59.32,8.61,37.83,1171.7,3137.4,Good,
2024-05-01 07:35:00,B100,DR-Grade,4977.4,5000,90.0,60.99,2.045,59.4,8.9,37.78,1171.9,3150.6,Good,
2024-05-01 07:36:00,B100,DR-Grade,4976.74,5000,90.0,60.63,2.047,61.28,8.92,37.78,1172.1,3166.3,Good,
2024-05-01 07:37:00,B100,DR-Grade,4976.32,5000,90.0,60.26,2.048,56.51,8.79,37.82,1172.4,3082.2,Good,
2024-05-01 07:38:00,B100,DR-Grade,4976.11,5000,90.0,61.33,2.047,60.2,9.2,37.8,1172.6,3201.0,Good,
2024-05-01 07:39:00,B100,DR-Grade,4977.21,5000,90.0,61.09,2.047,58.11,8.75,37.78,1172.8,3158.8,Good,
2024-05-01 07:40:00,B100,DR-Grade,4972.04,5000,90.0,60.91,2.046,57.77,9.18,37.76,1173.1,3124.5,Good,
2024-05-01 07:41:00,B100,DR-Grade,4970.26,5000,90.0,61.31,2.047,57.48,8.98,37.82,1173.3,3116.2,Good,
2024-05-01 07:42:00,B100,DR-Grade,4970.2,5000,90.0,60.18,2.046,60.96,8.46,37.65,1173.7,3110.2,Good,
2024-05-01 07:43:00,B100,DR-Grade,4968.71,5000,90.0,63.0,2.046,59.55,8.68,37.62,1174.1,3156.6,Good,
2024-05-01 07:44:00,B100,DR-Grade,4967.52,5000,90.0,64.3,2.045,60.88,9.1,37.49,1174.4,3095.4,Good,
2024-05-01 07:45:00,B100,DR-Grade,4968.62,5000,90.0,62.21,2.045,60.43,8.53,37.5,1174.3,3135.2,Good,
2024-05-01 07:46:00,B100,DR-Grade,4967.93,5000,90.0,62.78,2.045,57.86,9.09,37.52,1174.7,3194.7,Good,
2024-05-01 07:47:00,B100,DR-Grade,4969.45,5000,90.0,60.44,2.046,56.55,8.56,37.44,1175.0,3154.5,Good,
2024-05-01 07:48:00,B100,DR-Grade,4968.45,5000,90.0,59.45,2.045,59.02,9.11,37.32,1175.3,3132.7,Good,
2024-05-01 07:49:00,B100,DR-Grade,4967.85,5000,90.0,59.77,2.044,57.14,8.71,37.23,1175.7,3123.2,Good,
2024-05-01 07:50:00,B100,DR-Grade,4965.45,5000,90.0,61.29,2.044,61.94,8.33,37.11,1176.1,3140.0,Good,
2024-05-01 07:51:00,B100,DR-Grade,4961.8,5000,90.0,60.55,2.043,60.84,8.95,37.12,1176.1,3141.3,Good,
2024-05-01 07:52:00,B100,DR-Grade,4960.33,5000,90.0,62.35,2.044,57.39,8.33,37.11,1176.5,3121.3,Good,
2024-05-01 07:53:00,B100,DR-Grade,4959.54,5000,90.0,61.14,2.042,55.37,8.72,37.06,1176.8,3272.3,Good,
2024-05-01 07:54:00,B100,DR-Grade,4958.19,5000,90.0,61.19,2.043,58.21,8.45,37.03,1177.1,3187.2,Good,
2024-05-01 07:55:00,B100,DR-Grade,4955.48,5000,90.0,62.26,2.044,59.31,8.54,36.94,1177.6,3180.6,Good,
2024-05-01 07:56:00,B100,DR-Grade,4955.54,5000,90.0,60.6,2.044,61.37,8.32,36.92,1177.8,3221.0,Good,
2024-05-01 07:57:00,B100,DR-Grade,4954.81,5000,90.0,60.46,2.043,60.54,8.91,36.78,1178.3,3140.1,Good,
2024-05-01 07:58:00,B100,DR-Grade,4954.0,5000,90.0,61.15,2.044,63.04,8.52,36.66,1178.5,3187.5,Good,
2024-05-01 07:59:00,B100,DR-Grade,4952.12,5000,90.0,62.16,2.045,55.79,8.55,36.58,1179.0,3131.5,Good,
2024-05-01 08:00:00,B100,DR-Grade,4953.58,5000,90.0,62.53,2.044,59.28,8.52,36.59,1179.7,3212.7,Good,B_2024-05-01
2024-05-01 08:01:00,B100,DR-Grade,4954.81,5000,90.0,59.09,2.045,59.71,8.81,36.51,1180.0,3137.9,Good,B_2024-05-01
2024-05-01 08:02:00,B100,DR-Grade,4954.45,5000,90.0,61.44,2.044,60.15,8.3,36.46,1180.2,3194.0,Good,B_2024-05-01
2024-05-01 08:03:00,B100,DR-Grade,4953.53,5000,90.0,60.11,2.045,59.48,8.99,36.45,1180.6,3216.9,Good,B_2024-05-01
2024-05-01 08:04:00,B100,DR-Grade,4953.12,5000,90.0,61.38,2.045,56.01,8.76,36.39,1180.7,3139.5,Good,B_2024-05-01
2024-05-01 08:05:00,B100,DR-Grade,4954.69,5000,90.0,63.2,2.045,57.52,8.36,36.27,1181.1,3205.2,Good,B_2024-05-01
2024-05-01 08:06:00,B100,DR-Grade,4957.78,5000,90.0,62.15,2.045,57.51,8.39,36.17,1181.6,3258.7,Good,B_2024-05-01
2024-05-01 08:07:00,B100,DR-Grade,4957.07,5000,90.0,61.01,2.046,57.06,8.34,36.16,1181.8,3219.1,Good,B_2024-05-01
2024-05-01 08:08:00,B100,DR-Grade,4955.78,5000,90.0,63.4,2.046,59.14,8.52,36.18,1182.3,3240.9,Good,B_2024-05-01
2024-05-01 08:09:00,B100,DR-Grade,4952.62,5000,90.0,60.65,2.045,56.7,8.54,36.2,1182.7,3218.3,Good,B_2024-05-01
2024-05-01 08:10:00,B100,DR-Grade,4955.73,5000,90.0,63.91,2.045,57.71,9.26,36.16,1183.1,3266.6,Good,B_2024-05-01
2024-05-01 08:11:00,B100,DR-Grade,4953.56,5000,90.0,61.0,2.045,58.24,8.56,36.08,1183.3,3214.2,Good,B_2024-05-01
2024-05-01 08:12:00,B100,DR-Grade,4954.08,5000,90.0,62.57,2.045,55.53,8.88,36.07,1183.6,3255.1,Good,B_2024-05-01
2024-05-01 08:13:00,B100,DR-Grade,4954.1,5000,90.0,61.16,2.046,60.23,8.9,35.99,1183.9,3152.5,Good,B_2024-05-01
2024-05-01 08:14:00,B100,DR-Grade,4955.26,5000,90.0,62.05,2.046,55.11,8.84,35.93,1184.3,3260.0,Good,B_2024-05-01
2024-05-01 08:15:00,B100,DR-Grade,4953.48,5000,90.0,58.96,2.045,58.75,8.42,35.91,1184.6,3270.0,Good,B_2024-05-01
2024-05-01 08:16:00,B100,DR-Grade,4950.68,5000,90.0,62.59,2.045,56.48,8.9,35.87,1184.7,3240.2,Good,B_2024-05-01
2024-05-01 08:17:00,B100,DR-Grade,4950.28,5000,90.0,63.16,2.045,59.33,8.91,35.78,1184.7,3293.0,Good,B_2024-05-01
2024-05-01 08:18:00,B100,DR-Grade,4950.25,5000,90.0,62.91,2.045,61.35,8.41,35.76,1184.8,3254.0,Good,B_2024-05-01
2024-05-01 08:19:00,B100,DR-Grade,4951.22,5000,90.0,60.91,2.045,56.71,8.79,35.69,1184.9,3221.9,Good,B_2024-05-01
2024-05-01 08:20:00,B100,DR-Grade,4948.4,5000,90.0,61.41,2.045,58.14,8.87,35.64,1185.3,3227.9,Good,B_2024-05-01
2024-05-01 08:21:00,B100,DR-Grade,4947.25,5000,90.0,62.18,2.044,59.18,8.11,35.57,1185.3,3250.4,Good,B_2024-05-01
2024-05-01 08:22:00,B100,DR-Grade,4946.36,5000,90.0,59.09,2.045,57.49,8.77,35.52,1185.8,3185.1,Good,B_2024-05-01
2024-05-01 08:23:00,B100,DR-Grade,4944.03,5000,90.0,60.72,2.045,57.66,8.42,35.46,1185.8,3265.2,Good,B_2024-05-01
2024-05-01 08:24:00,B100,DR-Grade,4943.31,5000,90.0,59.75,2.045,54.66,8.81,35.49,1185.9,3212.2,Good,B_2024-05-01
2024-05-01 08:25:00,B100,DR-Grade,4943.89,5000,90.0,61.24,2.044,55.56,9.14,35.42,1186.3,3266.7,Good,B_2024-05-01
2024-05-01 08:26:00,B100,DR-Grade,4943.36,5000,90.0,63.57,2.044,58.4,8.55,35.51,1186.7,3236.5,Good,B_2024-05-01
2024-05-01 08:27:00,B100,DR-Grade,4940.98,5000,90.0,61.43,2.045,58.7,8.73,35.46,1187.1,3299.0,Good,B_2024-05-01
2024-05-01 08:28:00,B100,DR-Grade,4940.99,5000,90.0,58.91,2.044,60.02,8.24,35.45,1187.8,3303.2,Good,B_2024-05-01
2024-05-01 08:29:00,B100,DR-Grade,4941.7,5000,90.0,61.42,2.045,55.73,8.3,35.45,1188.1,3336.2,Good,B_2024-05-01
2024-05-01 08:30:00,B100,DR-Grade,4941.98,5000,90.0,62.12,2.045,57.84,8.91,35.35,1188.3,3207.7,Good,B_2024-05-01
2024-05-01 08:31:00,B100,DR-Grade,4942.62,5000,90.0,60.28,2.044,57.72,8.34,35.32,1188.5,3232.8,Good,B_2024-05-01
2024-05-01 08:32:00,B100,DR-Grade,4940.03,5000,90.0,61.66,2.045,55.21,8.82,35.33,1189.0,3272.4,Good,B_2024-05-01
2024-05-01 08:33:00,B100,DR-Grade,4940.25,5000,90.0,61.72,2.045,58.38,8.58,35.4,1189.4,3330.7,Good,B_2024-05-01
2024-05-01 08:34:00,B100,DR-Grade,4940.68,5000,90.0,59.63,2.043,55.62,8.23,35.4,1189.9,3263.3,Good,B_2024-05-01
2024-05-01 08:35:00,B100,DR-Grade,4939.82,5000,90.0,60.86,2.043,55.82,8.49,35.32,1190.3,3276.5,Good,B_2024-05-01
2024-05-01 08:36:00,B100,DR-Grade,4939.4,5000,90.0,61.68,2.044,55.5,8.76,35.26,1190.3,3226.5,Good,B_2024-05-01
2024-05-01 08:37:00,B100,DR-Grade,4938.05,5000,90.0,62.05,2.044,54.91,8.17,35.23,1190.6,3377.4,Good,B_2024-05-01
2024-05-01 08:38:00,B100,DR-Grade,4939.36,5000,90.0,60.35,2.044,58.46,8.38,35.2,1190.9,3243.3,Good,B_2024-05-01
2024-05-01 08:39:00,B100,DR-Grade,4938.67,5000,90.0,61.46,2.045,55.6,8.63,35.19,1191.4,3298.6,Good,B_2024-05-01
2024-05-01 08:40:00,B100,DR-Grade,4937.13,5000,90.0,61.09,2.045,54.53,8.2,35.15,1191.4,3356.1,Good,B_2024-05-01
2024-05-01 08:41:00,B100,DR-Grade,4937.1,5000,90.0,60.67,2.045,58.99,8.46,35.11,1191.9,3267.3,Good,B_2024-05-01
2024-05-01 08:42:00,B100,DR-Grade,4936.98,5000,90.0,62.22,2.044,55.07,8.67,35.04,1192.0,3353.5,Good,B_2024-05-01
2024-05-01 08:43:00,B100,DR-Grade,4937.61,5000,90.0,60.49,2.044,55.66,8.72,35.01,1192.5,3378.8,Good,B_2024-05-01
2024-05-01 08:44:00,B100,DR-Grade,4936.28,5000,90.0,61.04,2.044,53.61,8.15,35.07,1193.0,3316.1,Good,B_2024-05-01
2024-05-01 08:45:00,B100,DR-Grade,4935.17,5000,90.0,63.02,2.045,58.47,8.2,35.12,1193.3,3302.8,Good,B_2024-05-01
2024-05-01 08:46:00,B100,DR-Grade,4935.47,5000,90.0,61.61,2.045,54.94,8.51,35.11,1194.1,3298.5,Good,B_2024-05-01
2024-05-01 08:47:00,B100,DR-Grade,4938.2,5000,90.0,62.08,2.044,59.15,8.4,35.08,1194.4,3275.1,Good,B_2024-05-01
2024-05-01 08:48:00,B100,DR-Grade,4938.62,5000,90.0,61.05,2.044,55.93,8.13,34.98,1194.8,3353.6,Good,B_2024-05-01
2024-05-01 08:49:00,B100,DR-Grade,4936.67,5000,90.0,59.82,2.044,52.99,8.39,34.95,1195.0,3330.5,Good,B_2024-05-01
2024-05-01 08:50:00,B100,DR-Grade,4936.74,5000,90.0,59.98,2.044,57.04,8.36,34.82,1195.1,3356.6,Good,B_2024-05-01
2024-05-01 08:51:00,B100,DR-Grade,4935.58,5000,90.0,62.47,2.044,54.44,8.76,34.79,1195.6,3251.1,Good,B_2024-05-01
2024-05-01 08:52:00,B100,DR-Grade,4933.05,5000,90.0,63.19,2.043,53.69,8.46,34.75,1195.9,3257.4,Good,B_2024-05-01
2024-05-01 08:53:00,B100,DR-Grade,4932.05,5000,90.0,61.15,2.043,56.64,8.24,34.74,1196.1,3410.0,Good,B_2024-05-01
2024-05-01 08:54:00,B100,DR-Grade,4931.21,5000,90.0,62.42,2.042,53.59,8.09,34.63,1196.6,3388.3,Good,B_2024-05-01
2024-05-01 08:55:00,B100,DR-Grade,4931.67,5000,90.0,60.72,2.042,57.03,8.39,34.51,1196.9,3285.5,Good,B_2024-05-01
2024-05-01 08:56:00,B100,DR-Grade,4933.31,5000,90.0,62.74,2.042,58.75,8.68,34.41,1197.2,3373.0,Good,B_2024-05-01
2024-05-01 08:57:00,B100,DR-Grade,4934.73,5000,90.0,62.94,2.042,57.91,8.46,34.42,1197.4,3351.5,Good,B_2024-05-01
2024-05-01 08:58:00,B100,DR-Grade,4935.73,5000,90.0,60.76,2.042,54.29,8.87,34.35,1197.5,3389.9,Good,B_2024-05-01
2024-05-01 08:59:00,B100,DR-Grade,4935.14,5000,90.0,61.06,2.041,55.15,8.31,34.25,1197.6,3383.3,Good,B_2024-05-01
2024-05-01 09:00:00,B100,DR-Grade,4935.33,5000,90.0,61.55,2.041,52.39,8.29,34.33,1197.8,3312.8,Good,
2024-05-01 09:01:00,B100,DR-Grade,4935.27,5000,90.0,61.62,2.04,54.11,8.7,34.25,1198.1,3376.2,Good,
2024-05-01 09:02:00,B100,DR-Grade,4937.1,5000,90.0,62.0,2.04,55.95,8.65,34.27,1198.2,3373.6,Good,
2024-05-01 09:03:00,B100,DR-Grade,4936.28,5000,90.0,61.41,2.039,52.93,8.04,34.04,1198.0,3270.4,Good,
2024-05-01 09:04:00,B100,DR-Grade,4935.61,5000,90.0,61.46,2.038,51.96,8.19,33.96,1198.1,3338.7,Good,
2024-05-01 09:05:00,B100,DR-Grade,4937.59,5000,90.0,62.55,2.037,55.23,7.86,33.98,1198.1,3364.3,Good,
2024-05-01 09:06:00,B100,DR-Grade,4938.39,5000,90.0,61.99,2.038,57.49,8.75,33.92,1198.6,3323.3,Good,
2024-05-01 09:07:00,B100,DR-Grade,4937.89,5000,90.0,60.58,2.039,55.91,8.55,33.97,1199.0,3278.2,Good,
2024-05-01 09:08:00,B100,DR-Grade,4938.2,5000,90.0,58.75,2.039,57.07,8.7,34.04,1199.2,3354.6,Good,
2024-05-01 09:09:00,B100,DR-Grade,4938.49,5000,90.0,61.26,2.037,54.04,8.42,34.03,1199.4,3310.9,Good,
2024-05-01 09:10:00,B100,DR-Grade,4938.85,5000,90.0,61.28,2.037,52.47,8.69,34.0,1199.4,3260.3,Good,
2024-05-01 09:11:00,B100,DR-Grade,4940.01,5000,90.0,59.83,2.037,52.52,8.16,33.99,1199.5,3315.2,Good,
2024-05-01 09:12:00,B100,DR-Grade,4940.62,5000,90.0,59.84,2.037,55.54,8.47,34.0,1199.6,3374.1,Good,
2024-05-01 09:13:00,B100,DR-Grade,4940.55,5000,90.0,62.02,2.038,55.06,8.15,33.88,1199.9,3374.2,Good,
2024-05-01 09:14:00,B100,DR-Grade,4940.08,5000,90.0,60.14,2.037,53.86,8.1,33.84,1200.3,3311.3,Good,
2024-05-01 09:15:00,B100,DR-Grade,4938.06,5000,90.0,63.11,2.035,55.47,8.28,33.81,1200.4,3354.4,Good,
2024-05-01 09:16:00,B100,DR-Grade,4937.71,5000,90.0,61.37,2.035,55.59,8.21,33.67,1200.8,3426.2,Good,
2024-05-01 09:17:00,B100,DR-Grade,4939.38,5000,90.0,63.58,2.035,53.59,7.92,33.69,1200.9,3425.1,Good,
2024-05-01 09:18:00,B100,DR-Grade,4939.9,5000,90.0,60.79,2.035,55.42,8.95,33.75,1200.9,3368.9,Good,
2024-05-01 09:19:00,B100,DR-Grade,4939.31,5000,90.0,62.1,2.035,54.21,8.12,33.73,1201.2,3304.8,Good,
2024-05-01 09:20:00,B100,DR-Grade,4939.26,5000,90.0,61.76,2.035,54.57,8.3,33.67,1201.6,3397.5,Good,
2024-05-01 09:21:00,B100,DR-Grade,4938.45,5000,90.0,61.41,2.034,55.06,8.46,33.7,1201.9,3378.2,Good,
2024-05-01 09:22:00,B100,DR-Grade,4939.1,5000,90.0,63.63,2.035,55.68,8.87,33.69,1202.1,3339.1,Good,
2024-05-01 09:23:00,B100,DR-Grade,4941.94,5000,90.0,60.58,2.035,52.82,8.62,33.59,1202.2,3382.6,Good,
2024-05-01 09:24:00,B100,DR-Grade,4944.54,5000,90.0,62.9,2.034,51.82,8.35,33.54,1202.2,3352.0,Good,
2024-05-01 09:25:00,B100,DR-Grade,4946.37,5000,90.0,62.6,2.034,52.58,8.47,33.46,1202.4,3396.2,Good,
2024-05-01 09:26:00,B100,DR-Grade,4947.7,5000,90.0,59.52,2.033,52.06,7.97,33.39,1203.0,3389.2,Good,
2024-05-01 09:27:00,B100,DR-Grade,4947.76,5000,90.0,60.65,2.033,53.63,8.53,33.34,1203.4,3375.5,Good,
2024-05-01 09:28:00,B100,DR-Grade,4946.56,5000,90.0,62.35,2.033,53.82,8.07,33.34,1203.5,3308.6,Good,
2024-05-01 09:29:00,B100,DR-Grade,4946.95,5000,90.0,59.53,2.033,52.39,8.22,33.32,1203.6,3394.0,Good,
2024-05-01 09:30:00,B100,DR-Grade,4946.78,5000,90.0,61.74,2.033,51.8,8.23,33.21,1203.8,3352.3,Good,
2024-05-01 09:31:00,B100,DR-Grade,4948.23,5000,90.0,63.37,2.033,48.96,8.03,33.2,1204.0,3422.1,Good,
2024-05-01 09:32:00,B100,DR-Grade,4948.85,5000,90.0,61.39,2.034,54.54,8.76,33.17,1204.0,3378.3,Good,
2024-05-01 09:33:00,B100,DR-Grade,4948.56,5000,90.0,61.92,2.035,53.17,8.3,33.13,1204.0,3404.5,Good,
2024-05-01 09:34:00,B100,DR-Grade,4949.58,5000,90.0,61.26,2.036,54.37,8.11,33.15,1204.1,3416.4,Good,
2024-05-01 09:35:00,B100,DR-Grade,4953.7,5000,90.0,60.2,2.036,52.11,8.39,33.11,1204.4,3410.2,Good,
2024-05-01 09:36:00,B100,DR-Grade,4953.03,5000,90.0,61.48,2.036,53.81,8.61,33.07,1204.5,3364.4,Good,
2024-05-01 09:37:00,B100,DR-Grade,4954.94,5000,90.0,62.34,2.036,54.33,8.51,33.05,1204.3,3387.3,Good,
2024-05-01 09:38:00,B100,DR-Grade,4956.18,5000,90.0,61.58,2.036,53.63,8.54,33.02,1204.3,3460.3,Good,
2024-05-01 09:39:00,B100,DR-Grade,4956.57,5000,90.0,64.97,2.036,53.58,8.44,32.95,1204.4,3402.0,Good,
2024-05-01 09:40:00,B100,DR-Grade,4956.15,5000,90.0,61.37,2.036,52.97,8.41,32.91,1204.3,3379.8,Good,
2024-05-01 09:41:00,B100,DR-Grade,4956.72,5000,90.0,59.84,2.035,53.55,8.01,32.77,1204.1,3474.0,Good,
2024-05-01 09:42:00,B100,DR-Grade,4957.54,5000,90.0,60.41,2.033,53.03,8.47,32.71,1204.3,3460.3,Good,
2024-05-01 09:43:00,B100,DR-Grade,4959.07,5000,90.0,60.1,2.033,49.76,7.95,32.7,1204.3,3395.0,Good,
2024-05-01 09:44:00,B100,DR-Grade,4960.52,5000,90.0,63.43,2.033,51.01,8.28,32.55,1204.1,3373.1,Good,
2024-05-01 09:45:00,B100,DR-Grade,4961.51,5000,90.0,60.7,2.032,54.58,7.82,32.62,1204.1,3376.1,Good,
2024-05-01 09:46:00,B100,DR-Grade,4961.26,5000,90.0,61.87,2.032,54.13,8.24,32.62,1204.1,3371.7,Good,
2024-05-01 09:47:00,B100,DR-Grade,4962.26,5000,90.0,61.69,2.032,50.41,8.02,32.56,1204.1,3405.0,Good,
2024-05-01 09:48:00,B100,DR-Grade,4962.31,5000,90.0,61.58,2.032,49.61,8.42,32.58,1204.2,3320.8,Good,
2024-05-01 09:49:00,B100,DR-Grade,4961.66,5000,90.0,63.67,2.031,51.46,7.74,32.68,1204.3,3322.0,Good,
2024-05-01 09:50:00,B100,DR-Grade,4963.42,5000,90.0,60.21,2.03,51.78,8.59,32.67,1204.5,3397.6,Good,
2024-05-01 09:51:00,B100,DR-Grade,4963.26,5000,90.0,61.49,2.03,51.83,8.59,32.66,1204.4,3303.7,Good,
2024-05-01 09:52:00,B100,DR-Grade,4962.47,5000,90.0,62.42,2.03,50.26,8.29,32.73,1204.7,3427.0,Good,
2024-05-01 09:53:00,B100,DR-Grade,4963.26,5000,90.0,61.17,2.029,51.6,8.28,32.72,1204.8,3407.8,Good,
2024-05-01 09:54:00,B100,DR-Grade,4961.59,5000,90.0,61.47,2.028,53.36,8.19,32.6,1205.1,3369.1,Good,
2024-05-01 09:55:00,B100,DR-Grade,4962.22,5000,90.0,61.18,2.028,53.62,8.44,32.54,1204.8,3396.1,Good,
2024-05-01 09:56:00,B100,DR-Grade,4963.5,5000,90.0,61.1,2.028,52.07,8.72,32.55,1204.9,3372.1,Good,
2024-05-01 09:57:00,B100,DR-Grade,4963.72,5000,90.0,62.69,2.029,50.51,8.6,32.47,1204.7,3470.0,Good,
2024-05-01 09:58:00,B100,DR-Grade,4964.76,5000,90.0,61.74,2.029,51.82,7.87,32.44,1204.6,3396.5,Good,
2024-05-01 09:59:00,B100,DR-Grade,4968.17,5000,90.0,62.66,2.029,51.85,8.39,32.41,1204.5,3421.6,Good,
2024-05-01 10:00:00,B100,DR-Grade,4970.68,5000,90.0,63.0,2.028,53.55,8.2,32.42,1204.6,3458.5,Good,
2024-05-01 10:01:00,B100,DR-Grade,4972.6,5000,90.0,64.27,2.027,51.87,8.07,32.45,1204.7,3472.3,Good,
2024-05-01 10:02:00,B100,DR-Grade,4974.13,5000,90.0,61.79,2.028,52.13,7.65,32.4,1204.7,3406.8,Good,
2024-05-01 10:03:00,B100,DR-Grade,4974.3,5000,90.0,63.41,2.029,52.41,8.42,32.41,1204.9,3462.7,Good,
2024-05-01 10:04:00,B100,DR-Grade,4974.94,5000,90.0,61.36,2.028,52.02,8.53,32.41,1204.6,3394.9,Good,
2024-05-01 10:05:00,B100,DR-Grade,4975.42,5000,90.0,62.9,2.028,50.72,8.48,32.4,1204.9,3327.0,Good,
2024-05-01 10:06:00,B100,DR-Grade,4976.28,5000,90.0,60.34,2.028,51.59,8.3,32.42,1205.0,3390.0,Good,
2024-05-01 10:07:00,B100,DR-Grade,4977.27,5000,90.0,61.7,2.028,50.04,8.11,32.51,1204.7,3413.1,Good,
2024-05-01 10:08:00,B100,DR-Grade,4977.14,5000,90.0,62.53,2.028,52.54,8.54,32.49,1204.9,3386.6,Good,
2024-05-01 10:09:00,B100,DR-Grade,4979.97,5000,90.0,61.0,2.028,53.15,8.33,32.48,1205.1,3418.9,Good,
2024-05-01 10:10:00,B100,DR-Grade,4979.58,5000,90.0,61.94,2.028,50.53,8.33,32.5,1204.8,3426.1,Good,
2024-05-01 10:11:00,B100,DR-Grade,4980.91,5000,90.0,62.53,2.028,54.37,7.72,32.54,1204.7,3381.1,Good,
2024-05-01 10:12:00,B100,DR-Grade,4983.07,5000,90.0,61.45,2.028,50.47,7.84,32.49,1204.6,3347.5,Good,
2024-05-01 10:13:00,B100,DR-Grade,4983.94,5000,90.0,58.66,2.029,49.39,8.47,32.49,1204.5,3377.7,Good,
2024-05-01 10:14:00,B100,DR-Grade,4984.05,5000,90.0,61.07,2.029,52.81,7.96,32.41,1204.3,3395.2,Good,
2024-05-01 10:15:00,B100,DR-Grade,4985.02,5000,90.0,61.0,2.028,52.32,8.26,32.41,1204.2,3369.6,Good,
2024-05-01 10:16:00,B100,DR-Grade,4988.3,5000,90.0,60.49,2.027,53.51,8.32,32.35,1204.0,3427.1,Good,
2024-05-01 10:17:00,B100,DR-Grade,4990.01,5000,90.0,63.56,2.027,50.11,8.34,32.35,1203.9,3422.2,Good,
2024-05-01 10:18:00,B100,DR-Grade,4990.62,5000,90.0,60.01,2.027,50.94,8.32,32.29,1204.0,3358.7,Good,
2024-05-01 10:19:00,B100,DR-Grade,4992.29,5000,90.0,61.57,2.027,52.33,8.63,32.18,1204.3,3406.6,Good,
2024-05-01 10:20:00,B100,DR-Grade,4993.03,5000,90.0,61.36,2.027,51.85,8.17,32.25,1204.2,3374.0,Good,
2024-05-01 10:21:00,B100,DR-Grade,4991.77,5000,90.0,60.74,2.026,51.33,8.02,32.23,1203.9,3422.5,Good,
2024-05-01 10:22:00,B100,DR-Grade,4993.06,5000,90.0,63.59,2.026,49.58,8.37,32.16,1203.7,3329.6,Good,
2024-05-01 10:23:00,B100,DR-Grade,4995.33,5000,90.0,61.78,2.027,51.81,8.1,32.08,1203.9,3365.4,Good,
2024-05-01 10:24:00,B100,DR-Grade,4997.73,5000,90.0,62.29,2.027,50.15,8.25,32.01,1203.7,3364.8,Good,
2024-05-01 10:25:00,B100,DR-Grade,4998.69,5000,90.0,60.93,2.026,50.57,7.98,32.03,1203.7,3410.3,Good,
2024-05-01 10:26:00,B100,DR-Grade,4998.04,5000,90.0,61.18,2.026,50.2,8.11,32.0,1203.6,3355.6,Good,
2024-05-01 10:27:00,B100,DR-Grade,5000.52,5000,90.0,61.86,2.026,50.46,8.16,32.0,1203.4,3382.7,Good,
2024-05-01 10:28:00,B100,DR-Grade,5001.4,5000,90.0,60.07,2.026,49.19,7.8,32.01,1203.3,3381.0,Good,
2024-05-01 10:29:00,B100,DR-Grade,5003.35,5000,90.0,60.3,2.026,50.66,8.27,32.02,1203.2,3411.5,Good,
2024-05-01 10:30:00,B100,DR-Grade,5005.78,5000,90.0,62.3,2.026,50.15,8.31,32.02,1203.0,3383.1,Good,
2024-05-01 10:31:00,B100,DR-Grade,5007.28,5000,90.0,62.63,2.026,50.5,8.19,32.01,1202.8,3374.6,Good,
2024-05-01 10:32:00,B100,DR-Grade,5008.3,5000,90.0,61.09,2.026,50.01,8.28,31.91,1202.8,3379.0,Good,
2024-05-01 10:33:00,B100,DR-Grade,5008.66,5000,90.0,62.75,2.025,50.16,7.76,31.96,1202.6,3408.4,Good,
2024-05-01 10:34:00,B100,DR-Grade,5009.26,5000,90.0,58.82,2.026,50.57,7.81,31.94,1202.4,3353.3,Good,
2024-05-01 10:35:00,B100,DR-Grade,5010.42,5000,90.0,60.61,2.026,51.44,8.72,31.93,1202.2,3404.5,Good,
2024-05-01 10:36:00,B100,DR-Grade,5011.01,5000,90.0,60.18,2.027,50.7,7.53,31.93,1202.2,3358.7,Good,
2024-05-01 10:37:00,B100,DR-Grade,5012.58,5000,90.0,61.76,2.026,49.44,7.63,31.98,1201.9,3293.8,Good,
2024-05-01 10:38:00,B100,DR-Grade,5011.41,5000,90.0,62.95,2.026,49.57,8.03,32.04,1201.7,3354.0,Good,
2024-05-01 10:39:00,B100,DR-Grade,5011.37,5000,90.0,62.39,2.026,53.89,8.01,32.17,1201.6,3286.0,Good,
2024-05-01 10:40:00,B100,DR-Grade,5012.5,5000,90.0,63.24,2.026,51.41,8.38,32.15,1201.4,3409.2,Good,
2024-05-01 10:41:00,B100,DR-Grade,5012.85,5000,90.0,60.64,2.025,49.83,8.49,32.13,1201.5,3391.5,Good,
2024-05-01 10:42:00,B100,DR-Grade,5013.4,5000,90.0,64.0,2.026,50.69,8.28,32.06,1201.1,3358.9,Good,
2024-05-01 10:43:00,B100,DR-Grade,5013.24,5000,90.0,61.87,2.025,53.42,8.2,32.09,1201.0,3346.5,Good,
2024-05-01 10:44:00,B100,DR-Grade,5015.24,5000,90.0,60.01,2.025,51.17,8.22,32.11,1200.8,3407.9,Good,
2024-05-01 10:45:00,B100,DR-Grade,5018.37,5000,90.0,61.53,2.025,50.35,7.98,32.13,1200.7,3348.6,Good,
2024-05-01 10:46:00,B100,DR-Grade,5018.4,5000,90.0,62.22,2.023,48.47,7.97,32.19,1200.7,3400.4,Good,
2024-05-01 10:47:00,B100,DR-Grade,5020.98,5000,90.0,60.82,2.023,49.85,7.82,32.17,1200.7,3400.8,Good,
2024-05-01 10:48:00,B100,DR-Grade,5020.49,5000,90.0,62.94,2.024,50.17,7.95,32.21,1200.2,3345.6,Good,
2024-05-01 10:49:00,B100,DR-Grade,5021.89,5000,90.0,62.85,2.024,51.19,8.24,32.25,1200.2,3323.5,Good,
2024-05-01 10:50:00,B100,DR-Grade,5020.78,5000,90.0,62.91,2.023,50.44,8.26,32.23,1199.7,3346.1,Good,
2024-05-01 10:51:00,B100,DR-Grade,5022.6,5000,90.0,61.27,2.023,50.36,8.46,32.24,1199.5,3381.8,Good,
2024-05-01 10:52:00,B100,DR-Grade,5023.89,5000,90.0,60.64,2.023,49.09,8.25,32.2,1199.6,3427.1,Good,
2024-05-01 10:53:00,B100,DR-Grade,5025.32,5000,90.0,63.12,2.022,53.53,8.25,32.26,1199.3,3309.4,Good,
2024-05-01 10:54:00,B100,DR-Grade,5028.02,5000,90.0,61.31,2.022,52.33,8.65,32.26,1199.0,3355.1,Good,
2024-05-01 10:55:00,B100,DR-Grade,5029.99,5000,90.0,60.59,2.022,53.45,7.82,32.32,1198.8,3362.0,Good,
2024-05-01 10:56:00,B100,DR-Grade,5031.24,5000,90.0,60.77,2.022,50.6,8.01,32.3,1198.8,3316.5,Good,
2024-05-01 10:57:00,B100,DR-Grade,5031.57,5000,90.0,59.63,2.023,49.95,8.3,32.31,1198.6,3364.4,Good,
2024-05-01 10:58:00,B100,DR-Grade,5032.92,5000,90.0,61.47,2.024,50.49,8.41,32.29,1198.4,3354.4,Good,
2024-05-01 10:59:00,B100,DR-Grade,5033.42,5000,90.0,59.65,2.024,50.89,8.43,32.19,1198.1,3344.9,Good,
2024-05-01 11:00:00,B100,DR-Grade,5034.23,5000,90.0,63.16,2.025,50.05,8.12,32.23,1197.7,3305.7,Good,
2024-05-01 11:01:00,B100,DR-Grade,5037.27,5000,90.0,62.83,2.025,53.5,8.38,32.18,1197.6,3261.4,Good,
2024-05-01 11:02:00,B100,DR-Grade,5039.61,5000,90.0,62.37,2.026,51.55,7.9,32.24,1197.4,3308.3,Good,
2024-05-01 11:03:00,B100,DR-Grade,5041.27,5000,90.0,61.94,2.026,52.01,8.16,32.27,1197.2,3261.9,Good,
2024-05-01 11:04:00,B100,DR-Grade,5043.33,5000,90.0,60.71,2.026,49.46,7.89,32.22,1196.8,3329.2,Good,
2024-05-01 11:05:00,B100,DR-Grade,5042.99,5000,90.0,61.53,2.027,52.7,8.36,32.15,1196.6,3260.6,Good,
2024-05-01 11:06:00,B100,DR-Grade,5044.46,5000,90.0,63.83,2.028,52.05,8.16,32.13,1196.0,3309.5,Good,
2024-05-01 11:07:00,B100,DR-Grade,5043.84,5000,90.0,62.44,2.026,50.15,7.64,32.24,1196.0,3370.0,Good,
2024-05-01 11:08:00,B100,DR-Grade,5044.42,5000,90.0,62.1,2.025,53.26,8.43,32.29,1195.9,3369.8,Good,
2024-05-01 11:09:00,B100,DR-Grade,5046.21,5000,90.0,63.79,2.024,52.5,7.92,32.24,1195.4,3344.5,Good,
2024-05-01 11:10:00,B100,DR-Grade,5048.01,5000,90.0,61.11,2.024,51.75,7.93,32.28,1195.2,3351.4,Good,
2024-05-01 11:11:00,B100,DR-Grade,5050.18,5000,90.0,62.69,2.024,51.82,8.18,32.32,1195.1,3318.6,Good,
2024-05-01 11:12:00,B100,DR-Grade,5051.73,5000,90.0,62.82,2.023,49.9,8.04,32.33,1194.7,3256.8,Good,
2024-05-01 11:13:00,B100,DR-Grade,5053.16,5000,90.0,59.93,2.023,51.91,8.23,32.34,1194.4,3327.4,Good,
2024-05-01 11:14:00,B100,DR-Grade,5054.53,5000,90.0,60.75,2.022,51.3,8.05,32.41,1194.1,3302.7,Good,
2024-05-01 11:15:00,B100,DR-Grade,5057.53,5000,90.0,62.32,2.022,53.07,8.5,32.35,1193.9,3336.4,Good,
2024-05-01 11:16:00,B100,DR-Grade,5060.41,5000,90.0,61.92,2.021,51.4,7.98,32.38,1193.7,3333.0,Good,
2024-05-01 11:17:00,B100,DR-Grade,5060.11,5000,90.0,61.13,2.021,49.19,8.51,32.33,1193.4,3284.2,Good,
2024-05-01 11:18:00,B100,DR-Grade,5061.65,5000,90.0,62.29,2.021,49.43,8.4,32.37,1193.0,3299.6,Good,
2024-05-01 11:19:00,B100,DR-Grade,5064.52,5000,90.0,61.99,2.02,51.58,7.77,32.34,1193.0,3350.8,Good,
2024-05-01 11:20:00,B100,DR-Grade,5065.62,5000,90.0,63.15,2.02,53.61,8.08,32.37,1192.4,3332.7,Good,
2024-05-01 11:21:00,B100,DR-Grade,5067.26,5000,90.0,63.89,2.019,51.62,8.36,32.33,1192.2,3262.1,Good,
2024-05-01 11:22:00,B100,DR-Grade,5067.97,5000,90.0,61.74,2.02,53.25,8.69,32.3,1191.9,3342.8,Good,
2024-05-01 11:23:00,B100,DR-Grade,5067.99,5000,90.0,60.74,2.019,53.0,8.58,32.29,1191.7,3335.2,Good,
2024-05-01 11:24:00,B100,DR-Grade,5069.53,5000,90.0,61.01,2.019,51.94,8.22,32.38,1191.3,3261.5,Good,
2024-05-01 11:25:00,B100,DR-Grade,5070.46,5000,90.0,64.58,2.02,55.44,8.11,32.36,1191.1,3264.6,Good,
2024-05-01 11:26:00,B100,DR-Grade,5071.67,5000,90.0,63.71,2.02,54.1,7.96,32.45,1190.7,3304.5,Good,
2024-05-01 11:27:00,B100,DR-Grade,5071.41,5000,90.0,62.16,2.02,50.67,7.94,32.47,1190.4,3282.5,Good,
2024-05-01 11:28:00,B100,DR-Grade,5071.47,5000,90.0,62.39,2.02,52.82,8.13,32.49,1190.3,3251.1,Good,
2024-05-01 11:29:00,B100,DR-Grade,5072.71,5000,90.0,61.44,2.02,52.96,8.26,32.52,1190.0,3265.2,Good,
2024-05-01 11:30:00,B100,DR-Grade,5073.59,5000,90.0,63.7,2.021,51.44,8.29,32.52,1189.6,3328.2,Good,
2024-05-01 11:31:00,B100,DR-Grade,5075.6,5000,90.0,60.94,2.021,55.32,7.9,32.42,1189.4,3234.8,Good,
2024-05-01 11:32:00,B100,DR-Grade,5075.78,5000,90.0,60.19,2.021,54.54,8.01,32.45,1189.0,3267.8,Good,
2024-05-01 11:33:00,B100,DR-Grade,5077.97,5000,90.0,63.82,2.021,53.76,8.1,32.52,1188.8,3335.7,Good,
2024-05-01 11:34:00,B100,DR-Grade,5079.99,5000,90.0,62.27,2.02,51.49,8.13,32.55,1188.6,3218.0,Good,
2024-05-01 11:35:00,B100,DR-Grade,5081.47,5000,90.0,60.31,2.02,51.4,7.74,32.57,1187.9,3297.0,Good,
2024-05-01 11:36:00,B100,DR-Grade,5083.58,5000,90.0,61.62,2.02,53.07,8.52,32.62,1187.6,3238.7,Good,
2024-05-01 11:37:00,B100,DR-Grade,5084.85,5000,90.0,60.58,2.021,53.25,8.0,32.65,1187.6,3242.0,Good,
2024-05-01 11:38:00,B100,DR-Grade,5086.0,5000,90.0,65.52,2.021,53.34,8.22,32.7,1187.2,3283.1,Good,
2024-05-01 11:39:00,B100,DR-Grade,5087.34,5000,90.0,63.02,2.022,54.29,8.5,32.77,1186.9,3231.4,Good,
2024-05-01 11:40:00,B100,DR-Grade,5087.27,5000,90.0,62.93,2.022,51.49,8.38,32.81,1186.5,3200.3,Good,
2024-05-01 11:41:00,B100,DR-Grade,5088.59,5000,90.0,61.92,2.022,56.13,8.24,32.82,1186.2,3277.7,Good,
2024-05-01 11:42:00,B100,DR-Grade,5090.86,5000,90.0,60.52,2.022,55.14,8.04,32.82,1185.9,3257.2,Good,
2024-05-01 11:43:00,B100,DR-Grade,5090.41,5000,90.0,63.14,2.021,52.95,8.11,32.86,1185.7,3230.6,Good,
2024-05-01 11:44:00,B100,DR-Grade,5092.55,5000,90.0,62.13,2.02,54.66,8.51,32.81,1185.2,3141.8,Good,
2024-05-01 11:45:00,B100,DR-Grade,5093.19,5000,90.0,61.81,2.02,53.43,8.28,32.79,1184.7,3184.2,Good,
2024-05-01 11:46:00,B100,DR-Grade,5094.16,5000,90.0,63.23,2.02,55.49,8.29,32.85,1184.5,3169.6,Good,
2024-05-01 11:47:00,B100,DR-Grade,5095.62,5000,90.0,63.17,2.021,53.94,8.18,32.83,1184.3,3141.5,Good,
2024-05-01 11:48:00,B100,DR-Grade,5097.27,5000,90.0,63.64,2.021,51.3,8.39,32.91,1183.9,3250.9,Good,
2024-05-01 11:49:00,B100,DR-Grade,5100.17,5000,90.0,62.83,2.02,56.33,8.26,32.93,1183.6,3220.7,Good,
2024-05-01 11:50:00,B100,DR-Grade,5101.37,5000,90.0,60.79,2.021,53.03,8.17,32.91,1183.3,3284.2,Good,
2024-05-01 11:51:00,B100,DR-Grade,5104.66,5000,90.0,63.34,2.021,56.47,8.4,32.85,1182.9,3242.9,Good,
2024-05-01 11:52:00,B100,DR-Grade,5106.08,5000,90.0,61.82,2.02,52.24,8.24,32.84,1182.6,3206.4,Good,
2024-05-01 11:53:00,B100,DR-Grade,5108.0,5000,90.0,62.04,2.02,58.09,8.08,32.87,1182.1,3288.5,Good,
2024-05-01 11:54:00,B100,DR-Grade,5110.13,5000,90.0,62.99,2.02,54.52,8.59,32.96,1181.8,3213.6,Good,
2024-05-01 11:55:00,B100,DR-Grade,5110.76,5000,90.0,60.82,2.019,55.53,8.53,32.96,1181.3,3158.9,Good,
2024-05-01 11:56:00,B100,DR-Grade,5110.89,5000,90.0,61.09,2.019,52.04,8.29,33.01,1181.0,3234.6,Good,
2024-05-01 11:57:00,B100,DR-Grade,5112.41,5000,90.0,61.2,2.018,53.58,8.13,33.0,1180.8,3179.8,Good,
2024-05-01 11:58:00,B100,DR-Grade,5114.58,5000,90.0,60.44,2.018,54.46,8.16,32.91,1180.6,3181.1,Good,
2024-05-01 11:59:00,B100,DR-Grade,5116.94,5000,90.0,60.13,2.019,55.78,8.3,32.97,1180.1,3190.6,Good,
2024-05-01 12:00:00,B100,DR-Grade,5117.94,5000,90.0,61.46,2.019,53.32,8.05,32.9,1179.7,3165.4,Good,
2024-05-01 12:01:00,B100,DR-Grade,5121.32,5000,90.0,61.44,2.02,55.02,8.19,32.9,1179.3,3227.2,Good,
2024-05-01 12:02:00,B100,DR-Grade,5122.6,5000,90.0,60.38,2.02,55.04,7.92,32.93,1178.8,3209.9,Good,
2024-05-01 12:03:00,B100,DR-Grade,5123.27,5000,90.0,62.13,2.02,54.59,8.54,33.03,1178.4,3220.4,Good,
2024-05-01 12:04:00,B100,DR-Grade,5126.0,5000,90.0,61.08,2.019,56.24,8.1,33.02,1177.9,3142.4,Good,
2024-05-01 12:05:00,B100,DR-Grade,5128.81,5000,90.0,63.85,2.019,56.47,8.36,32.98,1177.9,3184.9,Good,
2024-05-01 12:06:00,B100,DR-Grade,5129.22,5000,90.0,62.04,2.019,55.86,8.5,33.02,1177.6,3104.6,Good,
2024-05-01 12:07:00,B100,DR-Grade,5131.61,5000,90.0,62.2,3.975,53.08,8.72,32.95,1177.4,3231.5,Bad,
2024-05-01 12:08:00,B100,DR-Grade,5131.69,5000,90.0,64.93,2.02,54.13,8.18,32.95,1177.1,3262.4,Good,
2024-05-01 12:09:00,B100,DR-Grade,5133.23,5000,90.0,62.46,2.02,56.56,8.65,32.96,1176.5,3143.9,Good,
2024-05-01 12:10:00,B100,DR-Grade,5137.25,5000,90.0,61.66,2.02,57.05,8.26,32.98,1176.2,3225.3,Good,
2024-05-01 12:11:00,B100,DR-Grade,5140.19,5000,90.0,62.2,2.019,55.02,8.05,32.92,1175.7,3267.2,Good,
2024-05-01 12:12:00,B100,DR-Grade,5142.49,5000,90.0,61.33,2.019,57.27,8.03,32.96,1175.8,3178.4,Good,
2024-05-01 12:13:00,B100,DR-Grade,5144.74,5000,90.0,60.9,2.019,54.44,8.08,32.97,1175.6,3106.4,Good,
2024-05-01 12:14:00,B100,DR-Grade,5145.37,5000,90.0,61.1,2.018,56.59,7.93,32.92,1175.4,3169.1,Good,
2024-05-01 12:15:00,B100,DR-Grade,5147.28,5000,90.0,64.56,2.019,54.56,8.46,32.93,1175.2,3097.4,Good,
2024-05-01 12:16:00,B100,DR-Grade,5149.32,5000,90.0,63.41,2.019,54.97,7.77,32.91,1174.8,3113.8,Good,
2024-05-01 12:17:00,B100,DR-Grade,5149.73,5000,90.0,61.39,2.02,55.89,8.43,32.96,1174.5,3179.4,Good,
2024-05-01 12:18:00,B100,DR-Grade,5151.5,5000,90.0,63.55,2.02,53.85,8.34,33.0,1174.2,3122.2,Good,
2024-05-01 12:19:00,B100,DR-Grade,5153.66,5000,90.0,61.43,2.02,56.72,8.12,33.04,1173.7,3079.3,Good,
2024-05-01 12:20:00,B100,DR-Grade,5155.45,5000,90.0,63.11,2.021,56.23,8.13,33.06,1173.4,3151.9,Good,
2024-05-01 12:21:00,B100,DR-Grade,5157.48,5000,90.0,60.42,2.022,58.16,8.36,33.12,1173.0,3129.7,Good,
2024-05-01 12:22:00,B100,DR-Grade,5158.79,5000,90.0,62.91,2.021,58.86,8.28,33.15,1172.5,3159.4,Good,
2024-05-01 12:23:00,B100,DR-Grade,5159.11,5000,90.0,59.65,2.021,58.68,8.39,33.19,1172.3,3120.4,Good,
2024-05-01 12:24:00,B100,DR-Grade,5160.71,5000,90.0,63.93,2.02,57.83,8.27,33.23,1171.8,3154.0,Good,
2024-05-01 12:25:00,B100,DR-Grade,5160.16,5000,90.0,62.68,2.021,59.98,8.35,33.13,1171.7,3134.2,Good,
2024-05-01 12:26:00,B100,DR-Grade,5160.93,5000,90.0,61.01,2.02,55.74,8.58,33.14,1171.5,3119.7,Good,
2024-05-01 12:27:00,B100,DR-Grade,5163.68,5000,90.0,64.26,2.021,57.98,8.04,33.09,1171.3,3077.6,Good,
2024-05-01 12:28:00,B100,DR-Grade,5167.19,5000,90.0,62.35,2.02,58.48,8.6,33.11,1170.8,3156.8,Good,
2024-05-01 12:29:00,B100,DR-Grade,5169.19,5000,90.0,61.99,2.019,56.45,8.02,33.06,1170.6,3062.8,Good,
2024-05-01 12:30:00,B100,DR-Grade,5168.11,5000,90.0,63.68,2.019,59.14,8.28,33.04,1170.3,3189.0,Good,
2024-05-01 12:31:00,B100,DR-Grade,5171.12,5000,90.0,63.69,2.019,57.74,8.27,33.14,1169.9,3133.7,Good,
2024-05-01 12:32:00,B100,DR-Grade,5173.25,5000,90.0,61.08,2.019,58.88,8.45,33.15,1169.4,3089.6,Good,
2024-05-01 12:33:00,B100,DR-Grade,5174.59,5000,90.0,60.67,2.018,52.53,8.28,33.2,1168.9,3183.3,Good,
2024-05-01 12:34:00,B100,DR-Grade,5176.95,5000,90.0,60.81,2.017,55.81,8.35,33.14,1168.9,3132.9,Good,
2024-05-01 12:35:00,B100,DR-Grade,5179.08,5000,90.0,62.65,2.016,56.33,8.15,33.15,1168.6,3078.1,Good,
2024-05-01 12:36:00,B100,DR-Grade,5179.32,5000,90.0,59.59,2.017,56.63,8.99,33.2,1168.3,3110.4,Good,
2024-05-01 12:37:00,B100,DR-Grade,5179.44,5000,90.0,61.8,2.016,57.18,8.09,33.17,1168.1,3164.9,Good,
2024-05-01 12:38:00,B100,DR-Grade,5182.1,5000,90.0,60.26,2.016,56.09,8.6,33.26,1167.8,3080.4,Good,
2024-05-01 12:39:00,B100,DR-Grade,5181.13,5000,90.0,62.68,2.015,57.82,8.22,33.23,1167.3,3149.8,Good,
2024-05-01 12:40:00,B100,DR-Grade,5183.3,5000,90.0,62.52,2.015,57.72,8.51,33.24,1166.7,3098.7,Good,
2024-05-01 12:41:00,B100,DR-Grade,5185.17,5000,90.0,63.58,2.016,58.89,8.49,33.28,1166.4,3129.5,Good,
2024-05-01 12:42:00,B100,DR-Grade,5187.75,5000,90.0,60.67,2.016,58.86,8.04,33.35,1166.0,3086.2,Good,
2024-05-01 12:43:00,B100,DR-Grade,5191.15,5000,90.0,62.86,2.015,59.53,8.17,33.41,1165.9,3063.7,Good,
2024-05-01 12:44:00,B100,DR-Grade,5194.1,5000,90.0,62.82,2.015,57.6,8.54,33.43,1165.4,3103.6,Good,
2024-05-01 12:45:00,B100,DR-Grade,5197.29,5000,90.0,62.08,2.015,59.57,8.27,33.47,1165.1,3117.6,Good,
2024-05-01 12:46:00,B100,DR-Grade,5199.68,5000,90.0,62.39,2.014,55.48,9.03,33.44,1164.4,3078.6,Good,
2024-05-01 12:47:00,B100,DR-Grade,5201.72,5000,90.0,63.18,2.015,59.59,8.49,33.52,1164.1,3056.6,Good,
2024-05-01 12:48:00,B100,DR-Grade,5204.37,5000,90.0,63.17,2.015,60.43,8.19,33.56,1163.7,2988.7,Good,
2024-05-01 12:49:00,B100,DR-Grade,5205.85,5000,90.0,62.55,2.015,57.09,8.08,33.66,1163.3,2999.1,Good,
2024-05-01 12:50:00,B100,DR-Grade,5206.35,5000,90.0,61.68,2.014,58.52,8.4,33.67,1163.0,3089.6,Good,
2024-05-01 12:51:00,B100,DR-Grade,5207.75,5000,90.0,64.44,2.014,58.79,8.27,33.67,1162.6,3039.0,Good,
2024-05-01 12:52:00,B100,DR-Grade,5207.5,5000,90.0,61.85,2.015,57.13,8.22,33.68,1162.3,3100.8,Good,
2024-05-01 12:53:00,B100,DR-Grade,5208.38,5000,90.0,61.41,2.016,59.52,8.63,33.67,1162.0,3011.9,Good,
2024-05-01 12:54:00,B100,DR-Grade,5212.06,5000,90.0,60.86,2.015,60.2,8.18,33.63,1161.8,3086.6,Good,
2024-05-01 12:55:00,B100,DR-Grade,5214.07,5000,90.0,62.87,2.016,58.36,8.62,33.67,1161.8,3102.5,Good,
2024-05-01 12:56:00,B100,DR-Grade,5215.33,5000,90.0,62.61,2.015,57.03,8.17,33.66,1161.3,3033.4,Good,
2024-05-01 12:57:00,B100,DR-Grade,5216.13,5000,90.0,61.11,2.016,57.8,8.15,33.69,1161.3,3031.2,Good,
2024-05-01 12:58:00,B100,DR-Grade,5215.66,5000,90.0,61.41,2.016,59.35,8.21,33.72,1161.0,3056.7,Good,
2024-05-01 12:59:00,B100,DR-Grade,5216.51,5000,90.0,63.45,2.017,58.07,8.13,33.71,1160.7,3055.6,Good,
2024-05-01 13:00:00,B100,DR-Grade,5217.09,5000,90.0,64.49,2.017,59.36,8.19,33.76,1160.1,3018.7,Good,
2024-05-01 13:01:00,B100,DR-Grade,5218.5,5000,90.0,63.72,2.017,60.11,8.39,33.8,1159.7,2956.5,Good,
2024-05-01 13:02:00,B100,DR-Grade,5219.98,5000,90.0,62.14,2.017,59.82,8.62,33.83,1159.4,3032.8,Good,
2024-05-01 13:03:00,B100,DR-Grade,5221.3,5000,90.0,63.52,2.017,59.3,8.55,33.84,1159.1,3096.7,Good,
2024-05-01 13:04:00,B100,DR-Grade,5220.64,5000,90.0,62.99,2.017,58.32,8.04,33.82,1158.9,3095.0,Good,
2024-05-01 13:05:00,B100,DR-Grade,5223.56,5000,90.0,63.0,2.017,60.32,8.65,33.86,1158.9,3039.5,Good,
2024-05-01 13:06:00,B100,DR-Grade,5225.39,5000,90.0,62.87,2.017,61.45,8.19,33.87,1158.7,3051.5,Good,
2024-05-01 13:07:00,B100,DR-Grade,5226.76,5000,90.0,59.82,2.017,58.07,8.66,33.89,1158.3,3100.5,Good,
2024-05-01 13:08:00,B100,DR-Grade,5227.75,5000,90.0,60.99,2.017,54.24,8.43,33.94,1158.1,3046.7,Good,
2024-05-01 13:09:00,B100,DR-Grade,5229.56,5000,90.0,59.67,2.017,57.76,7.87,33.99,1158.0,3047.5,Good,
2024-05-01 13:10:00,B100,DR-Grade,5232.21,5000,90.0,63.12,2.017,57.38,8.49,34.01,1157.8,2900.6,Good,
2024-05-01 13:11:00,B100,DR-Grade,5234.17,5000,90.0,62.52,2.017,61.51,8.38,33.98,1157.6,3050.8,Good,
2024-05-01 13:12:00,B100,DR-Grade,5234.24,5000,90.0,63.82,2.018,60.71,8.5,33.95,1157.6,2998.6,Good,
2024-05-01 13:13:00,B100,DR-Grade,5234.2,5000,90.0,62.94,2.018,58.44,8.56,34.05,1157.5,3016.2,Good,
2024-05-01 13:14:00,B100,DR-Grade,5232.97,5000,90.0,62.72,2.018,57.59,8.41,34.06,1157.2,3055.1,Good,
2024-05-01 13:15:00,B100,DR-Grade,5234.38,5000,90.0,61.23,2.018,60.7,8.32,34.07,1156.9,3004.7,Good,
2024-05-01 13:16:00,B100,DR-Grade,5236.39,5000,90.0,65.05,2.018,58.44,8.38,34.09,1156.7,2962.1,Good,
2024-05-01 13:17:00,B100,DR-Grade,5238.93,5000,90.0,64.52,2.018,60.54,8.28,34.13,1156.7,3029.7,Good,
2024-05-01 13:18:00,B100,DR-Grade,5240.3,5000,90.0,61.46,2.018,59.82,8.55,34.21,1156.7,3015.5,Good,
2024-05-01 13:19:00,B100,DR-Grade,5242.39,5000,90.0,63.21,2.017,56.52,8.27,34.28,1156.4,2992.0,Good,
2024-05-01 13:20:00,B100,DR-Grade,5242.62,5000,90.0,63.71,2.017,60.23,8.52,34.33,1156.2,3027.2,Good,
2024-05-01 13:21:00,B100,DR-Grade,5244.37,5000,90.0,64.88,2.016,59.07,8.21,34.35,1156.1,3002.5,Good,
2024-05-01 13:22:00,B100,DR-Grade,5245.42,5000,90.0,63.14,2.017,56.8,8.65,34.38,1155.7,3004.6,Good,
2024-05-01 13:23:00,B100,DR-Grade,5245.89,5000,90.0,63.11,2.017,59.32,8.57,34.37,1155.6,3030.8,Good,
2024-05-01 13:24:00,B100,DR-Grade,5245.27,5000,90.0,62.78,2.016,59.2,8.35,34.4,1155.3,2969.4,Good,
2024-05-01 13:25:00,B100,DR-Grade,5247.64,5000,90.0,60.03,2.016,59.68,8.32,34.47,1155.2,2971.7,Good,
2024-05-01 13:26:00,B100,DR-Grade,5246.4,5000,90.0,61.48,2.015,58.6,8.58,34.47,1155.1,2952.2,Good,
2024-05-01 13:27:00,B100,DR-Grade,5248.19,5000,90.0,62.16,2.014,58.98,8.88,34.5,1154.9,2990.3,Good,
2024-05-01 13:28:00,B100,DR-Grade,5248.47,5000,90.0,64.19,2.013,57.54,8.73,34.52,1154.7,2937.1,Good,
2024-05-01 13:29:00,B100,DR-Grade,5250.22,5000,90.0,63.97,2.013,58.38,8.0,34.47,1154.6,3025.5,Good,
2024-05-01 13:30:00,B100,DR-Grade,5250.73,5000,90.0,62.67,2.013,58.04,8.29,34.46,1154.5,3000.3,Good,
2024-05-01 13:31:00,B100,DR-Grade,5252.61,5000,90.0,66.36,2.013,58.8,8.73,34.42,1154.3,2940.0,Good,
2024-05-01 13:32:00,B100,DR-Grade,5253.46,5000,90.0,63.27,2.013,59.51,8.4,34.37,1154.4,2985.0,Good,
2024-05-01 13:33:00,B100,DR-Grade,5253.43,5000,90.0,62.59,2.013,59.84,8.39,34.43,1154.7,3015.5,Good,
2024-05-01 13:34:00,B100,DR-Grade,5253.95,5000,90.0,64.9,2.013,62.32,8.52,34.49,1154.4,2980.2,Good,
2024-05-01 13:35:00,B100,DR-Grade,5253.3,5000,90.0,64.25,2.013,60.66,8.86,34.49,1154.3,2991.8,Good,
2024-05-01 13:36:00,B100,DR-Grade,5254.63,5000,90.0,65.64,2.013,56.59,8.65,34.47,1154.2,3043.8,Good,
2024-05-01 13:37:00,B100,DR-Grade,5256.75,5000,90.0,61.53,2.013,60.67,8.62,34.55,1154.1,2957.9,Good,
2024-05-01 13:38:00,B100,DR-Grade,5258.21,5000,90.0,62.44,2.012,61.6,8.1,34.59,1154.0,2929.6,Good,
2024-05-01 13:39:00,B100,DR-Grade,5259.32,5000,90.0,62.79,2.011,60.68,8.59,34.64,1154.0,3010.2,Good,
2024-05-01 13:40:00,B100,DR-Grade,5261.67,5000,90.0,61.85,2.011,61.1,8.32,34.67,1154.0,2973.0,Good,
2024-05-01 13:41:00,B100,DR-Grade,5261.44,5000,90.0,64.69,2.011,59.58,8.43,34.71,1153.9,2981.9,Good,
2024-05-01 13:42:00,B100,DR-Grade,5262.99,5000,90.0,61.25,2.009,57.63,8.2,34.7,1153.8,2918.9,Good,
2024-05-01 13:43:00,B100,DR-Grade,5263.97,5000,90.0,61.35,2.009,58.7,8.51,34.73,1153.9,3078.3,Good,
2024-05-01 13:44:00,B100,DR-Grade,5264.43,5000,90.0,63.73,2.009,58.7,8.34,34.77,1153.6,2946.1,Good,
2024-05-01 13:45:00,B100,DR-Grade,5265.95,5000,90.0,62.28,2.01,59.37,8.26,34.76,1153.5,2987.4,Good,
2024-05-01 13:46:00,B100,DR-Grade,5265.68,5000,90.0,59.29,2.01,59.12,8.64,34.79,1153.5,2960.0,Good,
2024-05-01 13:47:00,B100,DR-Grade,5266.47,5000,90.0,60.8,2.01,56.81,8.43,34.83,1153.4,2996.2,Good,
2024-05-01 13:48:00,B100,DR-Grade,5267.73,5000,90.0,59.87,2.01,59.31,8.65,34.89,1153.2,2962.4,Good,
2024-05-01 13:49:00,B100,DR-Grade,5267.42,5000,90.0,62.29,2.01,59.31,8.26,34.95,1153.0,2973.9,Good,
2024-05-01 13:50:00,B100,DR-Grade,5268.06,5000,90.0,63.85,2.01,56.88,8.43,34.99,1153.1,2969.8,Good,
2024-05-01 13:51:00,B100,DR-Grade,5269.49,5000,90.0,61.77,2.01,57.01,8.5,34.94,1152.9,2964.7,Good,
2024-05-01 13:52:00,B100,DR-Grade,5271.35,5000,90.0,63.82,2.01,59.88,8.32,34.95,1152.9,3007.9,Good,
2024-05-01 13:53:00,B100,DR-Grade,5271.23,5000,90.0,64.08,2.01,60.66,8.64,34.95,1152.8,2950.6,Good,
2024-05-01 13:54:00,B100,DR-Grade,5273.0,5000,90.0,63.33,2.011,57.28,8.56,35.03,1152.8,2977.0,Good,
2024-05-01 13:55:00,B100,DR-Grade,5273.53,5000,90.0,62.38,2.011,58.8,8.62,35.05,1153.0,2963.8,Good,
2024-05-01 13:56:00,B100,DR-Grade,5274.45,5000,90.0,61.32,2.011,59.31,8.54,35.15,1153.0,2983.4,Good,
2024-05-01 13:57:00,B100,DR-Grade,5274.69,5000,90.0,62.93,2.011,58.61,8.4,35.23,1152.9,2982.7,Good,
2024-05-01 13:58:00,B100,DR-Grade,5276.3,5000,90.0,62.64,2.011,59.01,8.26,35.23,1152.9,3026.1,Good,
2024-05-01 13:59:00,B100,DR-Grade,5276.36,5000,90.0,61.47,2.01,58.99,8.68,35.25,1152.7,3014.9,Good,
2024-05-01 14:00:00,B100,DR-Grade,5277.42,5000,90.0,63.06,2.01,61.31,8.64,35.29,1152.9,2985.6,Good,
2024-05-01 14:01:00,B100,DR-Grade,5278.58,5000,90.0,60.99,2.01,58.57,8.74,35.35,1153.0,2974.1,Good,
2024-05-01 14:02:00,B100,DR-Grade,5280.11,5000,90.0,61.44,2.01,58.03,8.24,35.42,1153.0,3012.9,Good,
2024-05-01 14:03:00,B100,DR-Grade,5279.77,5000,90.0,63.01,2.009,59.38,9.13,35.4,1152.9,2925.5,Good,
2024-05-01 14:04:00,B100,DR-Grade,5281.3,5000,90.0,62.8,2.009,56.26,8.39,35.5,1152.7,2978.2,Good,
2024-05-01 14:05:00,B100,DR-Grade,5282.05,5000,90.0,61.15,2.01,57.49,8.51,35.52,1152.8,2992.4,Good,
2024-05-01 14:06:00,B100,DR-Grade,5284.25,5000,90.0,63.9,2.011,57.38,8.19,35.58,1152.8,2938.5,Good,
2024-05-01 14:07:00,B100,DR-Grade,5284.58,5000,90.0,63.62,2.011,57.18,8.72,35.64,1152.8,3011.1,Good,
2024-05-01 14:08:00,B100,DR-Grade,5284.67,5000,90.0,63.78,2.011,55.99,8.42,35.71,1153.0,2971.4,Good,
2024-05-01 14:09:00,B100,DR-Grade,5285.28,5000,90.0,63.56,2.011,58.98,8.48,35.72,1153.2,2967.7,Good,
2024-05-01 14:10:00,B100,DR-Grade,5285.61,5000,90.0,64.02,2.012,56.73,8.62,35.74,1153.2,2941.5,Good,
2024-05-01 14:11:00,B100,DR-Grade,5286.08,5000,90.0,63.64,2.012,59.01,8.1,35.71,1153.2,2915.9,Good,
2024-05-01 14:12:00,B100,DR-Grade,5285.4,5000,90.0,62.49,2.011,58.65,8.35,35.77,1153.4,3023.5,Good,
2024-05-01 14:13:00,B100,DR-Grade,5283.88,5000,90.0,62.43,2.011,57.82,8.07,35.83,1153.4,2945.2,Good,
2024-05-01 14:14:00,B100,DR-Grade,5282.97,5000,90.0,62.25,2.011,57.31,9.08,35.9,1153.5,2971.4,Good,
2024-05-01 14:15:00,B100,DR-Grade,5282.96,5000,90.0,61.9,2.01,57.08,8.2,35.93,1153.5,3086.4,Good,
2024-05-01 14:16:00,B100,DR-Grade,5283.97,5000,90.0,61.95,2.01,57.21,9.01,35.93,1153.7,3102.6,Good,
2024-05-01 14:17:00,B100,DR-Grade,5284.22,5000,90.0,64.02,2.011,56.73,8.75,35.96,1153.8,2922.6,Good,
2024-05-01 14:18:00,B100,DR-Grade,5283.79,5000,90.0,63.5,2.01,56.64,8.65,35.95,1153.8,2952.5,Good,
2024-05-01 14:19:00,B100,DR-Grade,5284.17,5000,90.0,61.71,2.01,57.57,8.39,35.99,1153.9,2980.6,Good,
2024-05-01 14:20:00,B100,DR-Grade,5284.75,5000,90.0,61.91,2.01,57.17,8.4,36.03,1154.1,2946.5,Good,
2024-05-01 14:21:00,B100,DR-Grade,5288.09,5000,90.0,61.98,2.01,57.98,8.27,36.1,1154.2,3011.6,Good,
2024-05-01 14:22:00,B100,DR-Grade,5289.89,5000,90.0,63.48,2.009,59.52,8.3,36.16,1154.5,3051.5,Good,
2024-05-01 14:23:00,B100,DR-Grade,5290.57,5000,90.0,64.51,2.009,56.73,8.73,36.2,1154.6,2988.8,Good,
2024-05-01 14:24:00,B100,DR-Grade,5289.56,5000,90.0,62.82,2.009,59.05,8.89,36.27,1154.8,2959.8,Good,
2024-05-01 14:25:00,B100,DR-Grade,5289.84,5000,90.0,62.97,2.009,62.47,8.66,36.35,1155.1,3011.6,Good,
2024-05-01 14:26:00,B100,DR-Grade,5289.97,5000,90.0,61.55,2.009,55.61,9.11,36.4,1155.4,3012.0,Good,
2024-05-01 14:27:00,B100,DR-Grade,5290.97,5000,90.0,60.55,2.009,55.04,8.95,36.47,1155.7,2993.0,Good,
2024-05-01 14:28:00,B100,DR-Grade,5293.55,5000,90.0,61.19,2.009,56.9,8.98,36.55,1155.8,3010.4,Good,
2024-05-01 14:29:00,B100,DR-Grade,5293.89,5000,90.0,63.37,2.009,54.72,8.74,36.62,1155.7,2988.3,Good,
2024-05-01 14:30:00,B100,DR-Grade,5292.28,5000,90.0,65.14,2.008,58.4,8.59,36.63,1156.1,2994.8,Good,
2024-05-01 14:31:00,B100,DR-Grade,5292.55,5000,90.0,63.43,2.008,56.16,8.81,36.6,1156.3,2932.2,Good,
2024-05-01 14:32:00,B100,DR-Grade,5291.21,5000,90.0,63.06,2.008,54.73,8.55,36.58,1156.4,3115.8,Good,
2024-05-01 14:33:00,B100,DR-Grade,5292.42,5000,90.0,63.2,2.007,53.63,8.59,36.59,1156.4,3037.7,Good,
2024-05-01 14:34:00,B100,DR-Grade,5293.88,5000,90.0,62.22,2.006,58.12,7.86,36.64,1156.4,3022.3,Good,
2024-05-01 14:35:00,B100,DR-Grade,5294.55,5000,90.0,61.61,2.006,56.68,8.89,36.67,1156.4,3019.9,Good,
2024-05-01 14:36:00,B100,DR-Grade,5293.36,5000,90.0,62.36,2.007,58.06,8.43,36.72,1156.5,2937.4,Good,
2024-05-01 14:37:00,B100,DR-Grade,5293.49,5000,90.0,62.25,2.007,56.46,8.72,36.73,1156.7,3064.8,Good,
2024-05-01 14:38:00,B100,DR-Grade,5295.01,5000,90.0,63.71,2.006,56.71,8.77,36.77,1156.8,2972.3,Good,
2024-05-01 14:39:00,B100,DR-Grade,5294.27,5000,90.0,63.77,2.006,53.16,8.76,36.86,1157.1,3042.9,Good,
2024-05-01 14:40:00,B100,DR-Grade,5293.94,5000,90.0,63.17,2.005,56.01,8.42,36.87,1157.1,3004.1,Good,
2024-05-01 14:41:00,B100,DR-Grade,5294.45,5000,90.0,63.42,2.005,55.29,8.97,36.92,1157.3,3016.0,Good,
2024-05-01 14:42:00,B100,DR-Grade,5295.19,5000,90.0,62.79,2.006,53.97,9.06,36.89,1157.3,3063.1,Good,
2024-05-01 14:43:00,B100,DR-Grade,5295.5,5000,90.0,60.32,2.006,56.36,8.88,36.93,1157.6,3056.5,Good,
2024-05-01 14:44:00,B100,DR-Grade,5296.05,5000,90.0,62.09,2.005,56.2,8.49,36.99,1157.9,3093.0,Good,
2024-05-01 14:45:00,B100,DR-Grade,5296.46,5000,90.0,61.93,2.005,57.91,8.6,36.97,1157.9,3062.9,Good,
2024-05-01 14:46:00,B100,DR-Grade,5296.06,5000,90.0,64.09,2.005,54.06,8.65,37.03,1158.0,2995.2,Good,
2024-05-01 14:47:00,B100,DR-Grade,5296.15,5000,90.0,61.51,2.005,58.39,8.96,37.08,1157.9,2968.5,Good,
2024-05-01 14:48:00,B100,DR-Grade,5296.6,5000,90.0,63.84,2.004,55.86,9.15,37.15,1158.0,3035.4,Good,
2024-05-01 14:49:00,B100,DR-Grade,5295.65,5000,90.0,62.08,2.004,56.65,8.35,37.19,1158.3,3086.9,Good,
2024-05-01 14:50:00,B100,DR-Grade,5295.98,5000,90.0,60.68,2.003,56.65,8.84,37.22,1158.4,2999.1,Good,
2024-05-01 14:51:00,B100,DR-Grade,5296.2,5000,90.0,62.88,2.002,53.93,8.81,37.25,1158.6,3038.5,Good,
2024-05-01 14:52:00,B100,DR-Grade,5296.77,5000,90.0,62.62,2.002,54.4,9.07,37.33,1158.7,3039.5,Good,
2024-05-01 14:53:00,B100,DR-Grade,5297.21,5000,90.0,62.31,2.003,57.65,8.69,37.33,1159.0,3015.1,Good,
2024-05-01 14:54:00,B100,DR-Grade,5296.24,5000,90.0,61.82,2.003,56.94,9.21,37.42,1159.3,3016.5,Good,
2024-05-01 14:55:00,B100,DR-Grade,5295.04,5000,90.0,61.1,2.003,55.32,8.48,37.46,1159.4,3008.3,Good,
2024-05-01 14:56:00,B100,DR-Grade,5295.35,5000,90.0,61.6,2.002,56.93,8.74,37.52,1159.5,3127.3,Good,
2024-05-01 14:57:00,B100,DR-Grade,5295.23,5000,90.0,62.09,2.002,53.33,8.81,37.59,1159.8,3099.6,Good,
2024-05-01 14:58:00,B100,DR-Grade,5295.36,5000,90.0,63.47,2.002,54.03,8.79,37.59,1160.0,3069.9,Good,
2024-05-01 14:59:00,B100,DR-Grade,5294.81,5000,90.0,63.6,2.002,53.29,8.55,37.62,1160.2,3025.2,Good,
2024-05-01 15:00:00,B100,DR-Grade,5293.53,5000,90.0,61.19,2.002,56.03,8.33,37.7,1160.4,3046.2,Good,
2024-05-01 15:01:00,B100,DR-Grade,5293.78,5000,90.0,62.22,2.002,54.46,8.77,37.74,1160.7,3071.1,Good,
2024-05-01 15:02:00,B100,DR-Grade,5293.62,5000,90.0,63.76,2.001,54.65,8.61,37.8,1161.0,2960.4,Good,
2024-05-01 15:03:00,B100,DR-Grade,5294.19,5000,90.0,63.3,1.999,51.99,8.58,37.83,1161.2,2999.0,Good,
2024-05-01 15:04:00,B100,DR-Grade,5295.23,5000,90.0,63.05,2.0,57.87,8.67,37.88,1161.5,3041.4,Good,
2024-05-01 15:05:00,B100,DR-Grade,5296.24,5000,90.0,64.63,2.0,57.19,8.59,37.86,1161.6,3074.3,Good,
2024-05-01 15:06:00,B100,DR-Grade,5297.14,5000,90.0,62.0,1.999,57.12,8.88,37.91,1161.8,3083.0,Good,
2024-05-01 15:07:00,B100,DR-Grade,5296.09,5000,90.0,63.68,1.999,54.86,9.23,37.89,1161.9,3075.5,Good,
2024-05-01 15:08:00,B100,DR-Grade,5293.88,5000,90.0,61.34,1.998,53.23,9.09,37.88,1162.2,2951.0,Good,
2024-05-01 15:09:00,B100,DR-Grade,5293.14,5000,90.0,63.89,1.998,53.5,9.02,37.91,1162.6,3044.8,Good,
2024-05-01 15:10:00,B100,DR-Grade,5291.79,5000,90.0,62.33,1.998,52.63,8.91,37.89,1162.9,3031.0,Good,
2024-05-01 15:11:00,B100,DR-Grade,5290.33,5000,90.0,60.14,1.998,53.05,8.5,37.97,1163.2,3116.5,Good,
2024-05-01 15:12:00,B100,DR-Grade,5290.81,5000,90.0,62.95,1.997,52.43,9.13,38.02,1163.2,3121.9,Good,
2024-05-01 15:13:00,B100,DR-Grade,5289.03,5000,90.0,63.92,1.998,57.15,8.9,38.04,1163.6,3043.8,Good,
2024-05-01 15:14:00,B100,DR-Grade,5289.74,5000,90.0,61.86,1.999,52.71,9.12,38.09,1163.9,3100.2,Good,
2024-05-01 15:15:00,B100,DR-Grade,5290.61,5000,90.0,64.8,1.998,55.7,8.87,37.99,1164.3,3093.4,Good,
2024-05-01 15:16:00,B100,DR-Grade,5293.02,5000,90.0,61.86,1.998,52.49,8.63,37.98,1164.5,3088.9,Good,
2024-05-01 15:17:00,B100,DR-Grade,5293.81,5000,90.0,64.74,1.998,52.57,8.95,38.03,1164.8,3049.1,Good,
2024-05-01 15:18:00,B100,DR-Grade,5295.63,5000,90.0,63.37,1.998,52.93,9.03,38.06,1165.1,3023.1,Good,
2024-05-01 15:19:00,B100,DR-Grade,5294.72,5000,90.0,64.2,1.999,54.29,8.35,38.08,1165.4,3067.5,Good,
2024-05-01 15:20:00,B100,DR-Grade,5293.77,5000,90.0,63.86,1.998,54.33,8.88,38.06,1165.6,3031.3,Good,
2024-05-01 15:21:00,B100,DR-Grade,5294.44,5000,90.0,63.07,1.998,52.35,8.85,38.18,1166.0,3155.8,Good,
2024-05-01 15:22:00,B100,DR-Grade,5292.83,5000,90.0,64.35,1.999,52.25,8.87,38.17,1166.1,3085.1,Good,
2024-05-01 15:23:00,B100,DR-Grade,5293.63,5000,90.0,60.65,1.998,51.5,9.12,38.18,1166.5,3048.0,Good,
2024-05-01 15:24:00,B100,DR-Grade,5293.02,5000,90.0,61.81,1.999,55.28,9.03,38.28,1166.9,3090.6,Good,
2024-05-01 15:25:00,B100,DR-Grade,5290.74,5000,90.0,64.16,1.999,50.98,8.97,38.29,1167.1,3109.3,Good,
2024-05-01 15:26:00,B100,DR-Grade,5292.2,5000,90.0,63.75,1.999,54.94,8.97,38.35,1167.4,3072.3,Good,
2024-05-01 15:27:00,B100,DR-Grade,5290.72,5000,90.0,61.96,1.999,51.61,9.11,38.33,1167.7,3095.9,Good,
2024-05-01 15:28:00,B100,DR-Grade,5292.79,5000,90.0,63.09,1.999,54.34,8.7,38.37,1167.9,3094.6,Good,
2024-05-01 15:29:00,B100,DR-Grade,5290.93,5000,90.0,64.48,1.999,51.8,9.43,38.39,1168.5,3098.6,Good,
2024-05-01 15:30:00,B100,DR-Grade,5289.69,5000,90.0,60.93,1.999,53.21,8.82,38.42,1168.6,3123.3,Good,
2024-05-01 15:31:00,B100,DR-Grade,5289.47,5000,90.0,62.88,1.999,54.75,9.17,38.53,1168.8,3096.7,Good,
2024-05-01 15:32:00,B100,DR-Grade,5289.04,5000,90.0,63.7,1.999,54.17,9.0,38.54,1169.0,3069.7,Good,
2024-05-01 15:33:00,B100,DR-Grade,5287.03,5000,90.0,63.13,1.998,49.29,8.83,38.53,1169.3,3140.6,Good,
2024-05-01 15:34:00,B100,DR-Grade,5286.67,5000,90.0,61.51,1.999,53.26,8.98,38.57,1169.6,3134.7,Good,
2024-05-01 15:35:00,B100,DR-Grade,5286.37,5000,90.0,60.92,1.999,52.17,8.77,38.53,1170.1,3118.6,Good,
2024-05-01 15:36:00,B100,DR-Grade,5286.33,5000,90.0,62.73,2.0,52.64,9.09,38.6,1170.2,3073.7,Good,
2024-05-01 15:37:00,B100,DR-Grade,5284.25,5000,90.0,63.54,2.0,52.26,8.89,38.66,1170.4,3061.6,Good,
2024-05-01 15:38:00,B100,DR-Grade,5283.13,5000,90.0,63.1,1.999,53.57,8.76,38.7,1170.6,3117.1,Good,
2024-05-01 15:39:00,B100,DR-Grade,5282.5,5000,90.0,64.76,2.0,53.11,8.68,38.74,1170.7,3192.7,Good,
2024-05-01 15:40:00,B100,DR-Grade,5282.74,5000,90.0,62.86,2.0,50.92,8.93,38.75,1170.9,3094.3,Good,
2024-05-01 15:41:00,B100,DR-Grade,5282.35,5000,90.0,61.44,2.0,53.91,9.11,38.84,1171.2,3134.1,Good,
2024-05-01 15:42:00,B100,DR-Grade,5281.44,5000,90.0,64.25,2.0,53.63,9.08,38.95,1171.8,3140.5,Good,
2024-05-01 15:43:00,B100,DR-Grade,5280.44,5000,90.0,62.16,2.001,50.96,8.94,38.91,1172.2,3136.6,Good,
2024-05-01 15:44:00,B100,DR-Grade,5281.27,5000,90.0,63.04,2.001,53.92,8.72,39.01,1172.7,3113.4,Good,
2024-05-01 15:45:00,B100,DR-Grade,5279.86,5000,90.0,64.17,2.001,50.33,8.52,39.12,1173.0,3128.6,Good,
2024-05-01 15:46:00,B100,DR-Grade,5279.53,5000,90.0,62.43,2.001,51.93,8.69,39.14,1173.4,3223.1,Good,
2024-05-01 15:47:00,B100,DR-Grade,5276.79,5000,90.0,61.79,2.0,52.56,8.88,39.19,1173.7,3166.4,Good,
2024-05-01 15:48:00,B100,DR-Grade,5277.8,5000,90.0,61.74,2.001,54.8,8.81,39.2,1174.0,3180.9,Good,
2024-05-01 15:49:00,B100,DR-Grade,5277.59,5000,90.0,62.82,2.001,53.17,9.01,39.24,1174.5,3087.4,Good,
2024-05-01 15:50:00,B100,DR-Grade,5275.21,5000,90.0,63.24,2.001,53.71,8.36,39.29,1174.8,3149.5,Good,
2024-05-01 15:51:00,B100,DR-Grade,5275.11,5000,90.0,60.51,2.001,54.52,8.91,39.36,1175.0,3112.8,Good,
2024-05-01 15:52:00,B100,DR-Grade,5275.77,5000,90.0,63.8,2.001,52.26,9.31,39.43,1175.4,3145.7,Good,
2024-05-01 15:53:00,B100,DR-Grade,5275.85,5000,90.0,61.94,2.001,53.76,8.92,39.44,1175.9,3236.5,Good,
2024-05-01 15:54:00,B100,DR-Grade,5275.21,5000,90.0,63.65,2.001,54.11,9.25,39.46,1176.2,3170.9,Good,
2024-05-01 15:55:00,B100,DR-Grade,5275.3,5000,90.0,61.83,2.001,50.36,8.69,39.55,1176.7,3276.4,Good,
2024-05-01 15:56:00,B100,DR-Grade,5273.83,5000,90.0,63.19,2.001,49.66,8.89,39.63,1177.0,3208.6,Good,
2024-05-01 15:57:00,B100,DR-Grade,5272.83,5000,90.0,64.84,2.0,49.42,8.82,39.66,1177.2,3171.1,Good,
2024-05-01 15:58:00,B100,DR-Grade,5271.71,5000,90.0,61.85,2.0,51.89,9.21,39.73,1177.5,3168.5,Good,
2024-05-01 15:59:00,B100,DR-Grade,5271.01,5000,90.0,60.91,2.0,50.37,9.12,39.8,1177.7,3170.1,Good,
2024-05-01 16:00:00,B100,DR-Grade,5269.21,5000,90.0,63.03,1.999,52.6,9.03,39.85,1178.2,3198.7,Good,C_2024-05-01
2024-05-01 16:01:00,B100,DR-Grade,5269.74,5000,90.0,60.94,2.0,51.79,9.52,39.87,1178.6,3229.8,Good,C_2024-05-01
2024-05-01 16:02:00,B100,DR-Grade,5268.8,5000,90.0,60.58,2.0,52.84,8.85,39.91,1178.8,3140.9,Good,C_2024-05-01
2024-05-01 16:03:00,B100,DR-Grade,5266.93,5000,90.0,62.17,2.0,52.95,8.68,39.99,1179.1,3222.7,Good,C_2024-05-01
2024-05-01 16:04:00,B100,DR-Grade,5265.88,5000,90.0,60.13,2.0,53.38,8.8,40.11,1179.6,3167.6,Good,C_2024-05-01
2024-05-01 16:05:00,B100,DR-Grade,5265.38,5000,90.0,60.68,2.0,50.64,8.98,40.12,1180.3,3214.8,Good,C_2024-05-01
2024-05-01 16:06:00,B100,DR-Grade,5264.57,5000,90.0,61.9,2.0,49.58,8.64,40.12,1180.6,3175.3,Good,C_2024-05-01
2024-05-01 16:07:00,B100,DR-Grade,5264.75,5000,90.0,59.66,2.0,52.37,9.28,40.13,1180.9,3249.4,Good,C_2024-05-01
2024-05-01 16:08:00,B100,DR-Grade,5263.53,5000,90.0,61.9,2.001,53.12,9.02,40.21,1181.0,3246.0,Good,C_2024-05-01
2024-05-01 16:09:00,B100,DR-Grade,5261.89,5000,90.0,63.03,2.0,51.2,9.11,40.18,1181.4,3194.2,Good,C_2024-05-01
2024-05-01 16:10:00,B100,DR-Grade,5261.46,5000,90.0,62.48,2.0,49.56,8.94,40.25,1181.7,3220.5,Good,C_2024-05-01
2024-05-01 16:11:00,B100,DR-Grade,5261.77,5000,90.0,62.87,2.0,49.43,8.68,40.33,1181.9,3224.4,Good,C_2024-05-01
2024-05-01 16:12:00,B100,DR-Grade,5259.91,5000,90.0,62.94,2.0,52.66,9.38,40.42,1182.3,3204.8,Good,C_2024-05-01
2024-05-01 16:13:00,B100,DR-Grade,5257.45,5000,90.0,60.39,2.0,49.92,8.88,40.52,1182.7,3235.3,Good,C_2024-05-01
2024-05-01 16:14:00,B100,DR-Grade,5255.88,5000,90.0,62.5,2.0,50.09,8.93,40.64,1183.0,3208.6,Good,C_2024-05-01
2024-05-01 16:15:00,B100,DR-Grade,5254.84,5000,90.0,61.79,1.999,50.14,9.01,40.66,1183.4,3234.7,Good,C_2024-05-01
2024-05-01 16:16:00,B100,DR-Grade,5252.88,5000,90.0,64.29,2.0,51.37,9.45,40.7,1183.6,3223.2,Good,C_2024-05-01
2024-05-01 16:17:00,B100,DR-Grade,5252.05,5000,90.0,60.97,1.999,52.38,9.05,40.74,1184.1,3226.5,Good,C_2024-05-01
2024-05-01 16:18:00,B100,DR-Grade,5250.23,5000,90.0,63.01,1.999,50.48,9.38,40.83,1184.4,3212.4,Good,C_2024-05-01
2024-05-01 16:19:00,B100,DR-Grade,5250.08,5000,90.0,61.08,1.999,51.41,9.02,40.87,1184.7,3262.2,Good,C_2024-05-01
2024-05-01 16:20:00,B100,DR-Grade,5247.92,5000,90.0,63.5,2.0,47.99,8.75,40.88,1185.1,3250.6,Good,C_2024-05-01
2024-05-01 16:21:00,B100,DR-Grade,5246.02,5000,90.0,63.19,2.0,49.79,9.32,40.9,1185.6,3250.2,Good,C_2024-05-01
2024-05-01 16:22:00,B100,DR-Grade,5245.05,5000,90.0,63.36,2.0,51.9,9.26,40.93,1185.8,3153.1,Good,C_2024-05-01
2024-05-01 16:23:00,B100,DR-Grade,5244.64,5000,90.0,61.82,2.0,51.93,9.54,40.95,1186.2,3193.2,Good,C_2024-05-01
2024-05-01 16:24:00,B100,DR-Grade,5244.46,5000,90.0,63.11,2.0,51.34,9.12,40.93,1186.7,3231.2,Good,C_2024-05-01
2024-05-01 16:25:00,B100,DR-Grade,5242.73,5000,90.0,62.84,2.0,50.39,8.81,40.97,1186.8,3255.7,Good,C_2024-05-01
2024-05-01 16:26:00,B100,DR-Grade,5241.66,5000,90.0,61.48,2.0,53.52,8.98,40.98,1187.2,3268.6,Good,C_2024-05-01
2024-05-01 16:27:00,B100,DR-Grade,5241.08,5000,90.0,62.0,1.999,46.33,9.48,40.97,1187.5,3263.9,Good,C_2024-05-01
2024-05-01 16:28:00,B100,DR-Grade,5241.34,5000,90.0,64.41,1.999,50.99,9.47,41.0,1187.8,3273.9,Good,C_2024-05-01
2024-05-01 16:29:00,B100,DR-Grade,5239.37,5000,90.0,61.72,1.999,51.0,9.11,41.03,1188.3,3276.6,Good,C_2024-05-01
2024-05-01 16:30:00,B100,DR-Grade,5237.06,5000,90.0,61.99,1.998,50.99,9.28,41.03,1188.7,3244.2,Good,C_2024-05-01
2024-05-01 16:31:00,B100,DR-Grade,5236.39,5000,90.0,61.12,1.998,52.67,9.6,41.05,1188.9,3248.9,Good,C_2024-05-01
2024-05-01 16:32:00,B100,DR-Grade,5235.0,5000,90.0,61.96,1.998,48.31,8.75,41.08,1189.4,3302.5,Good,C_2024-05-01
2024-05-01 16:33:00,B100,DR-Grade,5235.13,5000,90.0,63.12,1.998,48.95,8.86,41.09,1189.6,3246.1,Good,C_2024-05-01
2024-05-01 16:34:00,B100,DR-Grade,5233.99,5000,90.0,62.73,1.997,52.37,9.21,41.12,1189.7,3224.0,Good,C_2024-05-01
2024-05-01 16:35:00,B100,DR-Grade,5233.12,5000,90.0,62.44,1.996,49.87,9.04,41.13,1190.0,3269.8,Good,C_2024-05-01
2024-05-01 16:36:00,B100,DR-Grade,5231.19,5000,90.0,63.19,1.996,52.33,9.23,41.15,1190.5,3387.8,Good,C_2024-05-01
2024-05-01 16:37:00,B100,DR-Grade,5230.26,5000,90.0,62.8,1.997,51.6,9.08,41.21,1190.7,3270.8,Good,C_2024-05-01
2024-05-01 16:38:00,B100,DR-Grade,5230.22,5000,90.0,62.54,1.996,51.37,9.2,41.18,1191.2,3240.3,Good,C_2024-05-01
2024-05-01 16:39:00,B100,DR-Grade,5228.77,5000,90.0,61.26,1.996,51.98,9.68,41.17,1191.4,3292.4,Good,C_2024-05-01
2024-05-01 16:40:00,B100,DR-Grade,5226.42,5000,90.0,63.68,1.996,51.48,8.85,41.17,1191.8,3309.2,Good,C_2024-05-01
2024-05-01 16:41:00,B100,DR-Grade,5226.03,5000,90.0,60.91,1.995,49.9,9.45,41.21,1192.1,3299.6,Good,C_2024-05-01
2024-05-01 16:42:00,B100,DR-Grade,5224.5,5000,90.0,62.34,1.995,51.91,8.82,41.25,1192.1,3316.4,Good,C_2024-05-01
2024-05-01 16:43:00,B100,DR-Grade,5223.3,5000,90.0,62.47,1.996,50.3,9.11,41.34,1192.3,3340.4,Good,C_2024-05-01
2024-05-01 16:44:00,B100,DR-Grade,5221.37,5000,90.0,61.51,1.995,52.27,9.28,41.33,1192.7,3341.2,Good,C_2024-05-01
2024-05-01 16:45:00,B100,DR-Grade,5221.0,5000,90.0,61.73,1.995,50.57,9.32,41.48,1193.1,3358.3,Good,C_2024-05-01
2024-05-01 16:46:00,B100,DR-Grade,5219.02,5000,90.0,62.1,1.995,49.26,9.31,41.49,1193.2,3260.3,Good,C_2024-05-01
2024-05-01 16:47:00,B100,DR-Grade,5217.28,5000,90.0,64.53,1.994,52.42,10.02,41.47,1193.5,3349.9,Good,C_2024-05-01
2024-05-01 16:48:00,B100,DR-Grade,5216.0,5000,90.0,63.0,1.995,53.39,9.6,41.46,1193.6,3332.4,Good,C_2024-05-01
2024-05-01 16:49:00,B100,DR-Grade,5214.51,5000,90.0,63.24,1.994,49.0,8.98,41.53,1193.9,3307.2,Good,C_2024-05-01
2024-05-01 16:50:00,B100,DR-Grade,5211.09,5000,90.0,63.31,1.994,52.27,9.0,41.62,1194.2,3344.1,Good,C_2024-05-01
2024-05-01 16:51:00,B100,DR-Grade,5210.21,5000,90.0,61.84,1.994,52.42,8.8,41.62,1194.5,3377.5,Good,C_2024-05-01
2024-05-01 16:52:00,B100,DR-Grade,5207.79,5000,90.0,60.62,1.994,50.28,8.67,41.7,1194.9,3284.6,Good,C_2024-05-01
2024-05-01 16:53:00,B100,DR-Grade,5206.71,5000,90.0,60.21,1.993,50.47,9.17,41.7,1195.2,3300.2,Good,C_2024-05-01
2024-05-01 16:54:00,B100,DR-Grade,5205.0,5000,90.0,61.42,1.993,51.41,9.28,41.8,1195.4,3319.3,Good,C_2024-05-01
2024-05-01 16:55:00,B100,DR-Grade,5203.54,5000,90.0,61.3,1.992,50.78,9.04,41.78,1195.7,3406.9,Good,C_2024-05-01
2024-05-01 16:56:00,B100,DR-Grade,5201.5,5000,90.0,61.2,1.991,50.88,9.25,41.83,1196.0,3356.5,Good,C_2024-05-01
2024-05-01 16:57:00,B100,DR-Grade,5199.14,5000,90.0,64.17,1.99,48.82,8.78,41.81,1196.3,3254.1,Good,C_2024-05-01
2024-05-01 16:58:00,B100,DR-Grade,5197.91,5000,90.0,61.97,1.99,52.35,8.84,41.88,1196.5,3344.3,Good,C_2024-05-01
2024-05-01 16:59:00,B100,DR-Grade,5196.74,5000,90.0,63.1,1.989,52.76,8.93,41.87,1196.6,3292.9,Good,C_2024-05-01
2024-05-01 17:00:00,B100,DR-Grade,5196.3,5000,90.0,63.68,1.989,51.99,9.34,41.96,1196.8,3418.7,Good,
2024-05-01 17:01:00,B100,DR-Grade,5195.42,5000,90.0,63.08,1.99,50.7,9.31,42.05,1197.2,3361.9,Good,
2024-05-01 17:02:00,B100,DR-Grade,5193.37,5000,90.0,63.01,1.99,50.63,9.13,42.11,1197.5,3353.2,Good,
2024-05-01 17:03:00,B100,DR-Grade,5193.06,5000,90.0,61.76,1.989,54.26,8.74,42.14,1197.7,3222.5,Good,
2024-05-01 17:04:00,B100,DR-Grade,5193.72,5000,90.0,62.87,1.989,51.51,9.26,42.17,1197.8,3327.6,Good,
2024-05-01 17:05:00,B100,DR-Grade,5192.97,5000,90.0,62.8,1.989,50.96,9.17,42.24,1198.0,3338.1,Good,
2024-05-01 17:06:00,B100,DR-Grade,5191.37,5000,90.0,62.65,1.989,51.46,9.34,42.22,1198.1,3319.1,Good,
2024-05-01 17:07:00,B100,DR-Grade,5189.04,5000,90.0,63.72,1.99,54.85,9.25,42.23,1198.5,3308.0,Good,
2024-05-01 17:08:00,B100,DR-Grade,5187.68,5000,90.0,61.17,1.99,51.51,9.22,42.31,1198.7,3289.7,Good,
2024-05-01 17:09:00,B100,DR-Grade,5184.9,5000,90.0,62.49,1.99,50.91,9.56,42.38,1199.0,3326.8,Good,
2024-05-01 17:10:00,B100,DR-Grade,5184.19,5000,90.0,61.09,1.99,53.9,8.98,42.36,1199.2,3356.4,Good,
2024-05-01 17:11:00,B100,DR-Grade,5182.38,5000,90.0,63.86,1.991,53.07,9.51,42.45,1199.3,3375.5,Good,
2024-05-01 17:12:00,B100,DR-Grade,5180.39,5000,90.0,61.79,1.99,54.18,9.26,42.44,1199.3,3312.6,Good,
2024-05-01 17:13:00,B100,DR-Grade,5179.16,5000,90.0,63.65,1.99,51.67,9.19,42.53,1199.5,3344.6,Good,
2024-05-01 17:14:00,B100,DR-Grade,5176.53,5000,90.0,61.99,1.99,54.41,9.07,42.53,1199.8,3352.8,Good,
2024-05-01 17:15:00,B100,DR-Grade,5173.43,5000,90.0,63.29,1.991,55.05,9.61,42.5,1200.1,3329.8,Good,
2024-05-01 17:16:00,B100,DR-Grade,5171.54,5000,90.0,61.44,1.99,50.95,9.75,42.55,1200.2,3415.0,Good,
2024-05-01 17:17:00,B100,DR-Grade,5171.19,5000,90.0,61.42,1.991,50.79,9.18,42.55,1200.4,3458.9,Good,
2024-05-01 17:18:00,B100,DR-Grade,5168.9,5000,90.0,61.52,1.991,54.01,9.39,42.61,1200.8,3445.9,Good,
2024-05-01 17:19:00,B100,DR-Grade,5168.22,5000,90.0,61.25,1.99,52.81,9.35,42.6,1200.9,3410.1,Good,
2024-05-01 17:20:00,B100,DR-Grade,5165.0,5000,90.0,62.32,1.99,50.65,9.29,42.55,1200.9,3413.3,Good,
2024-05-01 17:21:00,B100,DR-Grade,5163.44,5000,90.0,62.38,1.99,53.02,8.94,42.64,1201.2,3348.3,Good,
2024-05-01 17:22:00,B100,DR-Grade,5162.4,5000,90.0,63.8,1.99,53.88,9.3,42.64,1201.4,3374.2,Good,
2024-05-01 17:23:00,B100,DR-Grade,5162.54,5000,90.0,62.34,1.989,53.84,9.63,42.63,1201.3,3402.6,Good,
2024-05-01 17:24:00,B100,DR-Grade,5159.38,5000,90.0,61.8,1.989,51.49,9.41,42.63,1201.6,3320.5,Good,
2024-05-01 17:25:00,B100,DR-Grade,5157.79,5000,90.0,62.32,1.989,53.4,9.42,42.63,1201.6,3399.3,Good,
2024-05-01 17:26:00,B100,DR-Grade,5155.42,5000,90.0,61.17,1.988,51.02,9.24,42.68,1201.9,3386.8,Good,
2024-05-01 17:27:00,B100,DR-Grade,5154.17,5000,90.0,62.61,1.987,53.58,9.51,42.74,1201.9,3434.4,Good,
2024-05-01 17:28:00,B100,DR-Grade,5152.12,5000,90.0,63.65,1.987,53.11,10.14,42.7,1202.0,3411.6,Good,
2024-05-01 17:29:00,B100,DR-Grade,5150.67,5000,90.0,62.63,1.988,55.31,9.07,42.73,1202.1,3302.2,Good,
2024-05-01 17:30:00,B100,DR-Grade,5148.43,5000,90.0,63.11,1.988,54.51,9.46,42.64,1202.4,3408.2,Good,
2024-05-01 17:31:00,B100,DR-Grade,5146.37,5000,90.0,61.17,1.988,52.86,9.12,42.63,1202.4,3384.8,Good,
2024-05-01 17:32:00,B100,DR-Grade,5145.18,5000,90.0,63.25,1.988,54.31,8.9,42.67,1202.5,3351.7,Good,
2024-05-01 17:33:00,B100,DR-Grade,5145.0,5000,90.0,62.99,1.987,49.97,9.31,42.64,1202.6,3392.7,Good,
2024-05-01 17:34:00,B100,DR-Grade,5143.64,5000,90.0,62.16,1.988,55.54,9.07,42.67,1202.8,3406.0,Good,
2024-05-01 17:35:00,B100,DR-Grade,5142.18,5000,90.0,63.55,1.988,52.28,9.47,42.74,1202.9,3424.0,Good,
2024-05-01 17:36:00,B100,DR-Grade,5140.19,5000,90.0,62.96,1.988,54.32,8.85,42.7,1203.0,3402.0,Good,
2024-05-01 17:37:00,B100,DR-Grade,5140.07,5000,90.0,62.28,1.987,55.76,9.44,42.75,1203.0,3442.1,Good,
2024-05-01 17:38:00,B100,DR-Grade,5136.71,5000,90.0,61.44,1.987,54.28,9.36,42.72,1203.2,3348.0,Good,
2024-05-01 17:39:00,B100,DR-Grade,5133.31,5000,90.0,59.25,1.987,54.06,9.05,42.69,1203.3,3399.0,Good,
2024-05-01 17:40:00,B100,DR-Grade,5131.01,5000,90.0,62.08,1.987,52.75,9.15,42.71,1203.6,3390.9,Good,
2024-05-01 17:41:00,B100,DR-Grade,5129.84,5000,90.0,61.57,1.988,54.14,9.77,42.77,1203.5,3410.2,Good,
2024-05-01 17:42:00,B100,DR-Grade,5129.13,5000,90.0,61.44,1.988,54.52,8.87,42.81,1203.4,3307.3,Good,
2024-05-01 17:43:00,B100,DR-Grade,5128.07,5000,90.0,61.97,1.988,55.25,9.22,42.8,1203.2,3375.9,Good,
2024-05-01 17:44:00,B100,DR-Grade,5127.17,5000,90.0,61.31,1.988,54.81,9.38,42.81,1203.2,3395.4,Good,
2024-05-01 17:45:00,B100,DR-Grade,5125.73,5000,90.0,61.84,1.987,56.15,9.1,42.78,1203.1,3419.6,Good,
2024-05-01 17:46:00,B100,DR-Grade,5123.71,5000,90.0,64.4,1.988,54.1,9.43,42.83,1203.3,3437.6,Good,
2024-05-01 17:47:00,B100,DR-Grade,5121.15,5000,90.0,63.57,1.988,54.51,9.61,42.87,1203.6,3383.8,Good,
2024-05-01 17:48:00,B100,DR-Grade,5119.97,5000,90.0,62.41,1.988,53.17,8.93,42.87,1203.6,3442.5,Good,
2024-05-01 17:49:00,B100,DR-Grade,5117.51,5000,90.0,62.38,1.987,54.2,9.57,42.91,1203.7,3412.0,Good,
2024-05-01 17:50:00,B100,DR-Grade,5116.3,5000,90.0,61.15,1.988,52.86,9.26,42.86,1203.9,3341.3,Good,
2024-05-01 17:51:00,B100,DR-Grade,5115.38,5000,90.0,63.18,1.987,52.78,9.12,42.87,1203.7,3375.5,Good,
2024-05-01 17:52:00,B100,DR-Grade,5113.22,5000,90.0,58.87,1.987,56.17,9.19,42.87,1203.7,3366.1,Good,
2024-05-01 17:53:00,B100,DR-Grade,5111.21,5000,90.0,62.18,1.987,57.97,9.2,42.91,1203.7,3406.0,Good,
2024-05-01 17:54:00,B100,DR-Grade,5109.11,5000,90.0,62.53,1.987,55.3,9.5,42.89,1203.9,3438.8,Good,
2024-05-01 17:55:00,B100,DR-Grade,5108.14,5000,90.0,62.87,1.987,55.04,9.14,42.91,1204.0,3436.9,Good,
2024-05-01 17:56:00,B100,DR-Grade,5106.68,5000,90.0,61.76,1.986,54.61,9.85,42.93,1204.2,3364.5,Good,
2024-05-01 17:57:00,B100,DR-Grade,5104.47,5000,90.0,58.53,1.987,53.38,9.58,42.95,1204.1,3320.7,Good,
2024-05-01 17:58:00,B100,DR-Grade,5103.11,5000,90.0,63.5,1.986,52.81,9.23,43.01,1204.0,3405.0,Good,
2024-05-01 17:59:00,B100,DR-Grade,5102.88,5000,90.0,61.65,1.987,53.43,9.5,42.98,1204.0,3394.9,Good,
2024-05-01 18:00:00,B100,DR-Grade,5101.54,5000,90.0,62.34,1.987,52.4,9.07,43.04,1203.8,3375.5,Good,
2024-05-01 18:01:00,B100,DR-Grade,5100.05,5000,90.0,62.44,1.986,55.31,9.09,43.11,1204.0,3421.5,Good,
2024-05-01 18:02:00,B100,DR-Grade,5098.09,5000,90.0,60.17,1.986,52.62,9.39,43.11,1204.2,3486.8,Good,
2024-05-01 18:03:00,B100,DR-Grade,5095.64,5000,90.0,62.74,1.986,56.76,9.1,43.1,1204.2,3345.2,Good,
2024-05-01 18:04:00,B100,DR-Grade,5094.05,5000,90.0,61.51,1.986,54.97,9.58,43.1,1204.2,3411.6,Good,
2024-05-01 18:05:00,B100,DR-Grade,5092.51,5000,90.0,62.97,1.986,55.71,8.8,43.11,1204.3,3443.3,Good,
2024-05-01 18:06:00,B100,DR-Grade,5090.63,5000,90.0,61.19,1.986,55.23,9.04,43.06,1204.2,3358.8,Good,
2024-05-01 18:07:00,B100,DR-Grade,5090.1,5000,90.0,62.71,1.986,55.8,9.72,43.07,1204.3,3385.6,Good,
2024-05-01 18:08:00,B100,DR-Grade,5088.29,5000,90.0,60.74,1.986,54.54,9.45,43.13,1204.2,3344.1,Good,
2024-05-01 18:09:00,B100,DR-Grade,5086.55,5000,90.0,64.88,1.986,55.33,8.9,43.13,1204.2,3411.0,Good,
2024-05-01 18:10:00,B100,DR-Grade,5085.13,5000,90.0,62.42,4.234,57.42,9.5,43.11,1204.2,3339.0,Bad,
2024-05-01 18:11:00,B100,DR-Grade,5084.02,5000,90.0,60.16,1.985,55.22,9.09,43.15,1204.1,3417.6,Good,
2024-05-01 18:12:00,B100,DR-Grade,5080.81,5000,90.0,61.76,1.985,54.66,8.91,43.19,1204.0,3414.8,Good,
2024-05-01 18:13:00,B100,DR-Grade,5079.46,5000,90.0,63.09,1.985,54.32,9.11,43.16,1203.9,3382.7,Good,
2024-05-01 18:14:00,B100,DR-Grade,5079.0,5000,90.0,62.34,1.985,55.34,9.36,43.13,1203.9,3352.5,Good,
2024-05-01 18:15:00,B100,DR-Grade,5076.41,5000,90.0,63.96,1.985,55.23,9.05,43.13,1203.8,3365.4,Good,
2024-05-01 18:16:00,B100,DR-Grade,5075.18,5000,90.0,62.19,1.985,57.83,9.21,43.14,1203.7,3300.6,Good,
2024-05-01 18:17:00,B100,DR-Grade,5073.14,5000,90.0,60.83,1.985,54.75,9.48,43.17,1203.4,3331.0,Good,
2024-05-01 18:18:00,B100,DR-Grade,5070.67,5000,90.0,60.02,1.985,56.08,8.8,43.2,1203.3,3463.7,Good,
2024-05-01 18:19:00,B100,DR-Grade,5069.33,5000,90.0,61.35,1.985,54.72,8.91,43.21,1203.3,3390.5,Good,
2024-05-01 18:20:00,B100,DR-Grade,5067.67,5000,90.0,63.6,1.985,56.19,9.57,43.29,1203.2,3363.6,Good,
2024-05-01 18:21:00,B100,DR-Grade,5064.23,5000,90.0,62.05,1.985,55.24,9.76,43.28,1202.9,3396.6,Good,
2024-05-01 18:22:00,B100,DR-Grade,5062.13,5000,90.0,62.75,1.986,55.31,9.39,43.38,1202.7,3382.1,Good,
2024-05-01 18:23:00,B100,DR-Grade,5061.3,5000,90.0,60.52,1.985,57.09,9.69,43.36,1202.7,3407.1,Good,
2024-05-01 18:24:00,B100,DR-Grade,5059.21,5000,90.0,60.54,1.985,56.28,9.07,43.38,1202.7,3413.7,Good,
2024-05-01 18:25:00,B100,DR-Grade,5056.99,5000,90.0,63.08,1.986,54.13,9.36,43.41,1202.5,3413.5,Good,
2024-05-01 18:26:00,B100,DR-Grade,5055.1,5000,90.0,63.47,1.986,56.31,9.41,43.44,1202.4,3405.4,Good,
2024-05-01 18:27:00,B100,DR-Grade,5053.15,5000,90.0,62.45,1.987,56.52,9.39,43.41,1202.2,3361.0,Good,
2024-05-01 18:28:00,B100,DR-Grade,5052.27,5000,90.0,61.71,1.987,58.18,9.34,43.43,1202.0,3384.6,Good,
2024-05-01 18:29:00,B100,DR-Grade,5049.96,5000,90.0,62.27,1.987,54.64,9.65,43.41,1201.8,3399.8,Good,
2024-05-01 18:30:00,B100,DR-Grade,5047.38,5000,90.0,63.34,1.986,59.6,9.24,43.42,1201.5,3387.9,Good,
2024-05-01 18:31:00,B100,DR-Grade,5046.23,5000,90.0,62.88,1.987,57.48,9.16,43.42,1201.3,3341.8,Good,
2024-05-01 18:32:00,B100,DR-Grade,5045.58,5000,90.0,61.98,1.987,58.25,9.43,43.42,1201.0,3439.1,Good,
2024-05-01 18:33:00,B100,DR-Grade,5044.68,5000,90.0,62.45,1.987,57.92,10.05,43.43,1200.8,3383.3,Good,
2024-05-01 18:34:00,B100,DR-Grade,5043.9,5000,90.0,62.16,1.986,57.8,9.14,43.41,1200.8,3361.6,Good,
2024-05-01 18:35:00,B100,DR-Grade,5041.8,5000,90.0,63.66,1.987,60.1,9.23,43.45,1200.6,3454.8,Good,
2024-05-01 18:36:00,B100,DR-Grade,5038.98,5000,90.0,62.23,1.987,56.77,9.33,43.4,1200.5,3301.7,Good,
2024-05-01 18:37:00,B100,DR-Grade,5036.84,5000,90.0,63.16,1.988,55.56,9.52,43.47,1200.2,3327.3,Good,
2024-05-01 18:38:00,B100,DR-Grade,5035.32,5000,90.0,61.51,1.988,58.49,9.2,43.48,1200.1,3319.5,Good,
2024-05-01 18:39:00,B100,DR-Grade,5032.31,5000,90.0,60.67,1.988,56.46,9.57,43.49,1199.9,3355.5,Good,
2024-05-01 18:40:00,B100,DR-Grade,5030.55,5000,90.0,62.75,1.988,58.12,9.53,43.51,1199.8,3418.6,Good,
2024-05-01 18:41:00,B100,DR-Grade,5029.57,5000,90.0,61.4,1.988,59.07,9.63,43.52,1199.6,3306.1,Good,
2024-05-01 18:42:00,B100,DR-Grade,5027.48,5000,90.0,62.4,1.988,58.1,9.22,43.48,1199.6,3340.9,Good,
2024-05-01 18:43:00,B100,DR-Grade,5027.76,5000,90.0,62.91,1.988,57.77,8.95,43.49,1199.6,3415.8,Good,
2024-05-01 18:44:00,B100,DR-Grade,5026.95,5000,90.0,60.56,1.988,56.32,9.63,43.53,1199.5,3376.8,Good,
2024-05-01 18:45:00,B100,DR-Grade,5024.4,5000,90.0,62.14,1.989,56.32,9.41,43.5,1199.3,3336.0,Good,
2024-05-01 18:46:00,B100,DR-Grade,5021.94,5000,90.0,62.53,1.989,60.07,9.2,43.48,1199.1,3329.9,Good,
2024-05-01 18:47:00,B100,DR-Grade,5019.86,5000,90.0,61.49,1.988,56.46,9.75,43.54,1198.8,3307.4,Good,
2024-05-01 18:48:00,B100,DR-Grade,5019.03,5000,90.0,61.27,1.989,58.86,9.28,43.52,1198.6,3313.2,Good,
2024-05-01 18:49:00,B100,DR-Grade,5018.0,5000,90.0,60.49,1.988,59.01,9.68,43.48,1198.3,3398.1,Good,
2024-05-01 18:50:00,B100,DR-Grade,5016.06,5000,90.0,60.59,1.988,58.37,9.44,43.4,1198.1,3320.6,Good,
2024-05-01 18:51:00,B100,DR-Grade,5014.78,5000,90.0,62.22,1.989,60.05,9.3,43.43,1198.1,3343.5,Good,
2024-05-01 18:52:00,B100,DR-Grade,5014.06,5000,90.0,63.01,1.988,58.1,9.29,43.47,1198.0,3334.1,Good,
2024-05-01 18:53:00,B100,DR-Grade,5013.1,5000,90.0,64.11,1.988,58.38,9.2,43.48,1197.5,3340.1,Good,
2024-05-01 18:54:00,B100,DR-Grade,5010.27,5000,90.0,60.07,1.988,59.59,9.52,43.47,1197.3,3337.2,Good,
2024-05-01 18:55:00,B100,DR-Grade,5007.9,5000,90.0,62.15,1.987,58.66,9.21,43.49,1196.9,3350.6,Good,
2024-05-01 18:56:00,B100,DR-Grade,5005.69,5000,90.0,60.47,1.988,58.3,9.4,43.47,1196.8,3351.5,Good,
2024-05-01 18:57:00,B100,DR-Grade,5002.77,5000,90.0,61.73,1.987,57.63,9.03,43.44,1196.6,3362.0,Good,
2024-05-01 18:58:00,B100,DR-Grade,5002.14,5000,90.0,61.22,1.988,60.05,9.77,43.44,1196.5,3352.7,Good,
2024-05-01 18:59:00,B100,DR-Grade,5000.19,5000,90.0,60.36,1.988,57.55,9.35,43.45,1196.2,3296.8,Good,
2024-05-01 19:00:00,B100,DR-Grade,4998.24,5000,90.0,59.94,1.987,57.58,9.57,43.5,1195.8,3301.4,Good,
2024-05-01 19:01:00,B100,DR-Grade,4996.14,5000,90.0,61.61,1.988,57.6,9.38,43.54,1195.6,3323.4,Good,
2024-05-01 19:02:00,B100,DR-Grade,4995.04,5000,90.0,61.15,1.987,57.1,9.21,43.52,1195.4,3330.2,Good,
2024-05-01 19:03:00,B100,DR-Grade,4994.19,5000,90.0,61.27,1.988,56.02,9.34,43.5,1195.1,3297.1,Good,
2024-05-01 19:04:00,B100,DR-Grade,4993.43,5000,90.0,63.1,1.989,60.2,9.3,43.51,1195.0,3370.2,Good,
2024-05-01 19:05:00,B100,DR-Grade,4993.18,5000,90.0,62.18,1.989,58.03,9.6,43.47,1194.9,3352.8,Good,
2024-05-01 19:06:00,B100,DR-Grade,4991.03,5000,90.0,59.88,1.989,56.37,9.42,43.44,1194.5,3378.5,Good,
2024-05-01 19:07:00,B100,DR-Grade,4991.13,5000,90.0,61.42,1.99,61.09,9.57,43.38,1194.5,3320.8,Good,
2024-05-01 19:08:00,B100,DR-Grade,4991.98,5000,90.0,62.3,1.989,59.19,9.59,43.39,1194.0,3220.6,Good,
2024-05-01 19:09:00,B100,DR-Grade,4990.21,5000,90.0,61.61,1.989,60.59,9.57,43.36,1193.8,3294.4,Good,
2024-05-01 19:10:00,B100,DR-Grade,4988.59,5000,90.0,62.83,1.989,60.16,9.44,43.37,1193.6,3253.4,Good,
2024-05-01 19:11:00,B100,DR-Grade,4987.82,5000,90.0,61.96,1.989,58.73,9.48,43.38,1193.2,3363.5,Good,
2024-05-01 19:12:00,B100,DR-Grade,4987.62,5000,90.0,59.47,1.99,55.92,9.36,43.34,1193.0,3318.3,Good,
2024-05-01 19:13:00,B100,DR-Grade,4986.11,5000,90.0,61.46,1.991,61.41,9.15,43.33,1192.6,3376.2,Good,
2024-05-01 19:14:00,B100,DR-Grade,4984.14,5000,90.0,64.0,1.991,60.23,9.5,43.29,1192.4,3278.1,Good,
2024-05-01 19:15:00,B100,DR-Grade,4984.69,5000,90.0,61.04,1.991,56.56,9.64,43.29,1192.3,3352.4,Good,
2024-05-01 19:16:00,B100,DR-Grade,4983.0,5000,90.0,59.61,1.991,57.38,9.34,43.3,1192.2,3287.7,Good,
2024-05-01 19:17:00,B100,DR-Grade,4979.36,5000,90.0,61.68,1.991,62.85,9.21,43.33,1191.8,3372.9,Good,
2024-05-01 19:18:00,B100,DR-Grade,4978.6,5000,90.0,60.27,1.991,58.77,9.14,43.33,1191.5,3303.9,Good,
2024-05-01 19:19:00,B100,DR-Grade,4978.25,5000,90.0,61.5,1.991,60.79,9.2,43.3,1191.2,3249.5,Good,
2024-05-01 19:20:00,B100,DR-Grade,4978.52,5000,90.0,61.49,1.991,58.96,9.06,43.35,1190.8,3279.9,Good,
2024-05-01 19:21:00,B100,DR-Grade,4978.87,5000,90.0,62.09,1.991,58.45,9.76,43.35,1190.5,3270.8,Good,
2024-05-01 19:22:00,B100,DR-Grade,4980.37,5000,90.0,60.87,1.991,58.85,9.81,43.37,1190.4,3298.3,Good,
2024-05-01 19:23:00,B100,DR-Grade,4978.69,5000,90.0,60.97,1.991,61.24,9.64,43.35,1190.0,3291.1,Good,
2024-05-01 19:24:00,B100,DR-Grade,4976.66,5000,90.0,60.99,1.991,61.66,9.42,43.36,1189.6,3219.2,Good,
2024-05-01 19:25:00,B100,DR-Grade,4974.22,5000,90.0,60.67,1.99,59.16,9.1,43.31,1189.4,3282.9,Good,
2024-05-01 19:26:00,B100,DR-Grade,4974.55,5000,90.0,61.59,1.99,55.49,10.12,43.32,1189.1,3254.4,Good,
2024-05-01 19:27:00,B100,DR-Grade,4973.02,5000,90.0,63.52,1.99,57.7,9.7,43.34,1188.8,3272.6,Good,
2024-05-01 19:28:00,B100,DR-Grade,4970.42,5000,90.0,59.78,1.991,57.01,8.97,43.29,1188.4,3207.2,Good,
2024-05-01 19:29:00,B100,DR-Grade,4967.49,5000,90.0,61.96,1.991,57.98,9.29,43.3,1188.0,3313.9,Good,
2024-05-01 19:30:00,B100,DR-Grade,4966.48,5000,90.0,61.59,1.991,57.9,9.53,43.2,1187.7,3261.0,Good,
2024-05-01 19:31:00,B100,DR-Grade,4964.99,5000,90.0,62.26,1.991,60.24,9.35,43.15,1187.2,3263.8,Good,
2024-05-01 19:32:00,B100,DR-Grade,4964.17,5000,90.0,60.79,1.991,56.16,9.07,43.1,1186.6,3175.6,Good,
2024-05-01 19:33:00,B100,DR-Grade,4962.33,5000,90.0,60.98,1.991,59.8,9.12,43.11,1186.3,3246.2,Good,
2024-05-01 19:34:00,B100,DR-Grade,4960.61,5000,90.0,63.46,1.992,56.19,9.38,43.05,1186.0,3219.3,Good,
2024-05-01 19:35:00,B100,DR-Grade,4959.95,5000,90.0,62.1,1.991,57.38,9.56,43.05,1185.6,3315.9,Good,
2024-05-01 19:36:00,B100,DR-Grade,4958.71,5000,90.0,61.27,1.991,58.91,9.24,43.07,1185.0,3276.4,Good,
2024-05-01 19:37:00,B100,DR-Grade,4958.16,5000,90.0,59.15,1.99,58.03,9.23,43.05,1184.8,3180.7,Good,
2024-05-01 19:38:00,B100,DR-Grade,4957.01,5000,90.0,60.81,1.991,59.05,9.37,43.04,1184.4,3178.4,Good,
2024-05-01 19:39:00,B100,DR-Grade,4955.74,5000,90.0,60.04,1.992,60.18,8.91,43.05,1184.1,3279.8,Good,
2024-05-01 19:40:00,B100,DR-Grade,4955.03,5000,90.0,60.22,1.992,56.96,9.44,42.94,1183.7,3262.1,Good,
2024-05-01 19:41:00,B100,DR-Grade,4953.74,5000,90.0,61.46,1.992,59.04,9.37,42.94,1183.4,3280.0,Good,
2024-05-01 19:42:00,B100,DR-Grade,4952.9,5000,90.0,61.68,1.992,57.24,9.46,42.95,1183.3,3219.1,Good,
2024-05-01 19:43:00,B100,DR-Grade,4952.3,5000,90.0,63.55,1.992,58.01,9.41,42.93,1183.0,3266.3,Good,
2024-05-01 19:44:00,B100,DR-Grade,4950.88,5000,90.0,62.07,1.992,57.9,8.87,42.86,1182.6,3232.6,Good,
2024-05-01 19:45:00,B100,DR-Grade,4949.81,5000,90.0,61.46,1.992,58.8,8.86,42.82,1182.4,3143.5,Good,
2024-05-01 19:46:00,B100,DR-Grade,4948.94,5000,90.0,62.2,1.991,57.43,9.5,42.82,1182.1,3234.6,Good,
2024-05-01 19:47:00,B100,DR-Grade,4948.58,5000,90.0,60.58,1.991,59.85,9.33,42.78,1181.8,3201.5,Good,
2024-05-01 19:48:00,B100,DR-Grade,4947.85,5000,90.0,59.07,1.991,57.42,9.09,42.73,1181.5,3241.3,Good,
2024-05-01 19:49:00,B100,DR-Grade,4947.14,5000,90.0,62.66,1.991,62.5,9.6,42.73,1181.2,3227.9,Good,
2024-05-01 19:50:00,B100,DR-Grade,4946.63,5000,90.0,60.25,1.991,60.41,9.31,42.66,1180.9,3180.8,Good,
2024-05-01 19:51:00,B100,DR-Grade,4945.46,5000,90.0,59.43,1.991,57.72,9.62,42.65,1180.6,3137.8,Good,
2024-05-01 19:52:00,B100,DR-Grade,4944.88,5000,90.0,61.25,1.991,59.65,9.37,42.61,1180.4,3139.1,Good,
2024-05-01 19:53:00,B100,DR-Grade,4943.36,5000,90.0,61.83,1.991,59.26,8.97,42.58,1179.9,3180.5,Good,
2024-05-01 19:54:00,B100,DR-Grade,4940.92,5000,90.0,60.02,1.992,61.13,9.12,42.55,1179.5,3270.3,Good,
2024-05-01 19:55:00,B100,DR-Grade,4940.42,5000,90.0,63.17,1.992,59.65,8.94,42.54,1179.2,3221.2,Good,
2024-05-01 19:56:00,B100,DR-Grade,4937.89,5000,90.0,62.37,1.992,58.79,9.13,42.5,1178.5,3193.7,Good,
2024-05-01 19:57:00,B100,DR-Grade,4936.92,5000,90.0,61.66,1.992,61.35,9.52,42.45,1178.2,3204.6,Good,
2024-05-01 19:58:00,B100,DR-Grade,4937.42,5000,90.0,61.93,1.993,59.53,9.41,42.46,1178.0,3204.5,Good,
2024-05-01 19:59:00,B100,DR-Grade,4937.23,5000,90.0,62.89,1.992,56.92,9.01,42.44,1177.7,3232.2,Good,
2024-05-01 20:00:00,B100,DR-Grade,4935.56,5000,90.0,62.21,1.992,59.9,9.19,42.42,1177.4,3196.3,Good,
2024-05-01 20:01:00,B100,DR-Grade,4935.41,5000,90.0,62.14,1.992,56.98,9.39,42.39,1177.1,3221.5,Good,
2024-05-01 20:02:00,B100,DR-Grade,4934.84,5000,90.0,61.05,1.991,56.98,9.77,42.36,1176.8,3194.3,Good,
2024-05-01 20:03:00,B100,DR-Grade,4933.36,5000,90.0,60.89,1.991,63.13,9.11,42.35,1176.4,3114.7,Good,
2024-05-01 20:04:00,B100,DR-Grade,4932.52,5000,90.0,61.31,1.991,57.57,9.03,42.29,1176.2,3194.6,Good,
2024-05-01 20:05:00,B100,DR-Grade,4931.32,5000,90.0,62.34,1.991,59.74,9.23,42.28,1175.7,3116.3,Good,
2024-05-01 20:06:00,B100,DR-Grade,4930.33,5000,90.0,62.18,1.99,59.1,9.06,42.25,1175.3,3205.1,Good,
2024-05-01 20:07:00,B100,DR-Grade,4929.9,5000,90.0,63.12,1.989,57.86,8.79,42.23,1175.1,3136.9,Good,
2024-05-01 20:08:00,B100,DR-Grade,4927.87,5000,90.0,61.01,1.989,56.97,9.51,42.17,1174.8,3144.1,Good,
2024-05-01 20:09:00,B100,DR-Grade,4927.91,5000,90.0,63.97,1.989,57.73,8.74,42.14,1174.5,3080.3,Good,
2024-05-01 20:10:00,B100,DR-Grade,4928.96,5000,90.0,60.67,1.989,58.36,9.56,42.16,1174.1,3164.1,Good,
2024-05-01 20:11:00,B100,DR-Grade,4928.16,5000,90.0,59.46,1.989,56.43,9.4,42.1,1173.8,3095.2,Good,
2024-05-01 20:12:00,B100,DR-Grade,4926.68,5000,90.0,61.83,1.989,58.56,9.09,42.06,1173.5,3123.8,Good,
2024-05-01 20:13:00,B100,DR-Grade,4925.69,5000,90.0,61.19,1.989,57.67,9.3,42.06,1173.1,3163.5,Good,
2024-05-01 20:14:00,B100,DR-Grade,4926.12,5000,90.0,60.84,1.989,57.5,9.81,42.02,1172.7,3173.7,Good,
2024-05-01 20:15:00,B100,DR-Grade,4925.08,5000,90.0,61.08,1.988,59.62,8.98,41.94,1172.4,3159.2,Good,
2024-05-01 20:16:00,B100,DR-Grade,4924.89,5000,90.0,60.59,1.988,55.77,9.4,41.91,1172.2,3204.3,Good,
2024-05-01 20:17:00,B100,DR-Grade,4926.25,5000,90.0,60.1,1.988,58.91,9.27,41.84,1171.8,3152.9,Good,
2024-05-01 20:18:00,B100,DR-Grade,4925.07,5000,90.0,61.01,1.988,59.14,9.36,41.8,1171.5,3128.6,Good,
2024-05-01 20:19:00,B100,DR-Grade,4924.59,5000,90.0,63.25,1.989,59.08,8.94,41.73,1171.3,3058.2,Good,
2024-05-01 20:20:00,B100,DR-Grade,4923.56,5000,90.0,60.89,1.988,57.15,9.12,41.68,1171.1,3146.1,Good,
2024-05-01 20:21:00,B100,DR-Grade,4922.72,5000,90.0,61.78,1.989,57.31,9.06,41.66,1171.0,3099.2,Good,
2024-05-01 20:22:00,B100,DR-Grade,4922.31,5000,90.0,63.55,1.988,58.73,9.18,41.71,1170.4,3147.4,Good,
2024-05-01 20:23:00,B100,DR-Grade,4921.17,5000,90.0,62.51,1.987,57.81,9.36,41.69,1170.0,3177.4,Good,
2024-05-01 20:24:00,B100,DR-Grade,4921.07,5000,90.0,59.13,1.987,56.42,9.35,41.68,1169.5,3105.8,Good,
2024-05-01 20:25:00,B100,DR-Grade,4920.74,5000,90.0,61.04,1.987,56.26,9.59,41.63,1169.2,3078.4,Good,
2024-05-01 20:26:00,B100,DR-Grade,4921.27,5000,90.0,61.77,1.988,58.54,9.67,41.63,1168.8,3111.2,Good,
2024-05-01 20:27:00,B100,DR-Grade,4921.41,5000,90.0,61.07,1.989,59.11,8.54,41.64,1168.5,3078.0,Good,
2024-05-01 20:28:00,B100,DR-Grade,4921.3,5000,90.0,59.17,1.989,59.81,8.73,41.61,1168.1,3086.1,Good,
2024-05-01 20:29:00,B100,DR-Grade,4922.16,5000,90.0,62.03,4.661,57.94,8.9,41.5,1167.8,3015.8,Bad,
2024-05-01 20:30:00,B100,DR-Grade,4921.58,5000,90.0,61.95,1.99,56.53,9.52,41.48,1167.6,3112.4,Good,
2024-05-01 20:31:00,B100,DR-Grade,4921.73,5000,90.0,60.26,1.99,55.59,9.27,41.51,1167.2,3105.6,Good,
2024-05-01 20:32:00,B100,DR-Grade,4920.8,5000,90.0,61.05,1.991,57.2,9.42,41.48,1167.0,3100.7,Good,
2024-05-01 20:33:00,B100,DR-Grade,4921.66,5000,90.0,62.44,1.991,56.99,9.34,41.41,1166.8,3147.3,Good,
2024-05-01 20:34:00,B100,DR-Grade,4920.69,5000,90.0,61.58,1.991,56.52,9.42,41.37,1166.6,3009.3,Good,
2024-05-01 20:35:00,B100,DR-Grade,4921.19,5000,90.0,62.46,1.991,57.23,9.84,41.38,1166.5,3103.6,Good,
2024-05-01 20:36:00,B100,DR-Grade,4920.27,5000,90.0,60.76,1.992,55.47,8.91,41.39,1166.2,3092.3,Good,
2024-05-01 20:37:00,B100,DR-Grade,4920.16,5000,90.0,61.24,1.992,54.46,8.63,41.37,1166.0,3054.5,Good,
2024-05-01 20:38:00,B100,DR-Grade,4918.98,5000,90.0,62.94,1.993,56.9,9.24,41.29,1165.6,3123.8,Good,
2024-05-01 20:39:00,B100,DR-Grade,4918.07,5000,90.0,61.27,1.993,57.96,9.08,41.27,1165.4,3084.6,Good,
2024-05-01 20:40:00,B100,DR-Grade,4917.02,5000,90.0,61.77,1.993,54.71,8.6,41.22,1165.1,3052.1,Good,
2024-05-01 20:41:00,B100,DR-Grade,4917.16,5000,90.0,61.7,1.993,55.32,9.29,41.2,1165.0,3008.9,Good,
2024-05-01 20:42:00,B100,DR-Grade,4917.39,5000,90.0,60.21,1.992,56.3,8.8,41.16,1164.6,3089.8,Good,
2024-05-01 20:43:00,B100,DR-Grade,4917.84,5000,90.0,62.4,1.993,56.13,9.32,41.14,1164.3,3077.7,Good,
2024-05-01 20:44:00,B100,DR-Grade,4917.99,5000,90.0,62.59,1.993,56.41,9.19,41.11,1163.9,3095.4,Good,
2024-05-01 20:45:00,B100,DR-Grade,4917.66,5000,90.0,61.89,1.993,56.42,9.05,41.05,1163.6,3049.0,Good,
2024-05-01 20:46:00,B100,DR-Grade,4918.08,5000,90.0,61.31,1.993,56.48,9.07,40.99,1163.1,3065.9,Good,
2024-05-01 20:47:00,B100,DR-Grade,4919.26,5000,90.0,61.38,1.994,56.46,9.11,40.91,1162.9,3010.5,Good,
2024-05-01 20:48:00,B100,DR-Grade,4918.83,5000,90.0,63.31,1.994,54.7,9.56,40.87,1162.4,3076.2,Good,
2024-05-01 20:49:00,B100,DR-Grade,4918.11,5000,90.0,58.51,1.994,55.33,8.54,40.85,1162.2,3108.1,Good,
2024-05-01 20:50:00,B100,DR-Grade,4918.51,5000,90.0,61.41,1.994,55.21,9.41,40.88,1162.0,3019.2,Good,
2024-05-01 20:51:00,B100,DR-Grade,4920.17,5000,90.0,61.21,1.994,52.9,9.09,40.86,1161.9,3070.4,Good,
2024-05-01 20:52:00,B100,DR-Grade,4920.05,5000,90.0,61.51,1.995,51.94,9.09,40.78,1161.7,3017.2,Good,
2024-05-01 20:53:00,B100,DR-Grade,4919.75,5000,90.0,59.87,1.995,55.98,8.9,40.78,1161.4,3030.8,Good,
2024-05-01 20:54:00,B100,DR-Grade,4918.89,5000,90.0,61.06,1.995,58.03,9.46,40.78,1161.2,3016.1,Good,
2024-05-01 20:55:00,B100,DR-Grade,4918.29,5000,90.0,61.1,1.996,58.74,8.91,40.73,1160.8,3170.8,Good,
2024-05-01 20:56:00,B100,DR-Grade,4917.51,5000,90.0,60.05,1.996,55.81,9.24,40.68,1160.8,3059.1,Good,
2024-05-01 20:57:00,B100,DR-Grade,4916.73,5000,90.0,59.95,1.995,56.29,9.51,40.7,1160.5,3045.2,Good,
2024-05-01 20:58:00,B100,DR-Grade,4917.67,5000,90.0,60.55,1.995,55.2,9.14,40.71,1160.2,3022.0,Good,
2024-05-01 20:59:00,B100,DR-Grade,4918.8,5000,90.0,60.25,1.996,57.97,9.01,40.69,1160.2,3036.4,Good,
2024-05-01 21:00:00,B100,DR-Grade,4918.96,5000,90.0,61.08,1.997,58.8,8.97,40.6,1159.8,3103.9,Good,
2024-05-01 21:01:00,B100,DR-Grade,4919.14,5000,90.0,62.68,1.997,55.98,9.26,40.54,1159.8,3028.8,Good,
2024-05-01 21:02:00,B100,DR-Grade,4919.94,5000,90.0,61.84,1.997,56.06,8.94,40.51,1159.6,2991.7,Good,
2024-05-01 21:03:00,B100,DR-Grade,4920.09,5000,90.0,60.7,1.997,53.97,9.26,40.53,1159.2,2982.9,Good,
2024-05-01 21:04:00,B100,DR-Grade,4920.32,5000,90.0,62.82,1.997,54.59,9.2,40.51,1159.0,3043.7,Good,
2024-05-01 21:05:00,B100,DR-Grade,4920.99,5000,90.0,62.15,1.997,57.19,8.72,40.49,1158.7,3031.8,Good,
2024-05-01 21:06:00,B100,DR-Grade,4921.13,5000,90.0,61.57,1.997,56.08,9.43,40.51,1158.5,3062.6,Good,
2024-05-01 21:07:00,B100,DR-Grade,4922.39,5000,90.0,61.32,1.996,53.54,9.32,40.5,1158.4,3004.5,Good,
2024-05-01 21:08:00,B100,DR-Grade,4925.31,5000,90.0,60.18,1.997,53.33,9.64,40.47,1158.1,2999.3,Good,
2024-05-01 21:09:00,B100,DR-Grade,4925.53,5000,90.0,60.59,1.997,54.22,9.31,40.44,1158.0,3003.6,Good,
2024-05-01 21:10:00,B100,DR-Grade,4926.0,5000,90.0,60.22,1.998,55.23,8.95,40.44,1157.9,3077.0,Good,
2024-05-01 21:11:00,B100,DR-Grade,4925.56,5000,90.0,64.82,1.998,55.35,8.9,40.39,1157.6,2996.8,Good,
2024-05-01 21:12:00,B100,DR-Grade,4925.45,5000,90.0,61.77,1.999,51.91,9.22,40.35,1157.3,3019.0,Good,
2024-05-01 21:13:00,B100,DR-Grade,4925.8,5000,90.0,62.66,1.999,52.91,8.89,40.3,1157.2,3124.1,Good,
2024-05-01 21:14:00,B100,DR-Grade,4926.44,5000,90.0,61.18,1.999,51.4,8.88,40.22,1157.1,2943.3,Good,
2024-05-01 21:15:00,B100,DR-Grade,4926.59,5000,90.0,62.22,1.999,55.21,9.12,40.18,1156.9,3035.3,Good,
2024-05-01 21:16:00,B100,DR-Grade,4925.91,5000,90.0,59.32,1.999,56.17,8.89,40.12,1156.7,3037.0,Good,
2024-05-01 21:17:00,B100,DR-Grade,4926.57,5000,90.0,60.89,1.998,52.79,8.92,40.11,1156.5,3019.2,Good,
2024-05-01 21:18:00,B100,DR-Grade,4926.48,5000,90.0,62.48,1.998,54.5,9.29,40.03,1156.1,3018.3,Good,
2024-05-01 21:19:00,B100,DR-Grade,4927.18,5000,90.0,61.55,1.998,53.04,8.9,39.98,1156.0,3002.6,Good,
2024-05-01 21:20:00,B100,DR-Grade,4927.37,5000,90.0,62.6,1.999,53.62,9.42,39.95,1155.7,2903.2,Good,
2024-05-01 21:21:00,B100,DR-Grade,4927.65,5000,90.0,60.82,1.999,53.86,9.22,39.92,1155.6,2944.8,Good,
2024-05-01 21:22:00,B100,DR-Grade,4927.99,5000,90.0,60.68,2.0,55.08,9.01,39.92,1155.2,2987.4,Good,
2024-05-01 21:23:00,B100,DR-Grade,4926.64,5000,90.0,59.95,2.0,53.78,8.77,39.88,1155.1,3039.8,Good,
2024-05-01 21:24:00,B100,DR-Grade,4928.1,5000,90.0,59.93,2.001,53.26,8.85,39.84,1154.9,3035.2,Good,
2024-05-01 21:25:00,B100,DR-Grade,4927.79,5000,90.0,61.19,2.001,50.6,9.27,39.79,1155.0,2989.5,Good,
2024-05-01 21:26:00,B100,DR-Grade,4928.54,5000,90.0,61.96,2.001,54.14,9.34,39.73,1155.0,3017.1,Good,
2024-05-01 21:27:00,B100,DR-Grade,4929.47,5000,90.0,61.13,2.001,55.63,9.22,39.71,1154.8,2946.5,Good,
2024-05-01 21:28:00,B100,DR-Grade,4929.49,5000,90.0,62.04,2.002,52.93,9.0,39.69,1154.7,2998.4,Good,
2024-05-01 21:29:00,B100,DR-Grade,4928.86,5000,90.0,62.67,2.003,52.75,9.28,39.57,1154.4,3019.9,Good,
2024-05-01 21:30:00,B100,DR-Grade,4929.84,5000,90.0,60.66,2.002,53.92,9.32,39.61,1154.3,2961.9,Good,
2024-05-01 21:31:00,B100,DR-Grade,4929.57,5000,90.0,59.86,2.003,51.44,9.34,39.61,1154.4,3051.2,Good,
2024-05-01 21:32:00,B100,DR-Grade,4930.04,5000,90.0,62.01,2.002,50.41,9.22,39.53,1154.1,3017.3,Good,
2024-05-01 21:33:00,B100,DR-Grade,4930.97,5000,90.0,60.82,2.002,53.97,9.06,39.54,1154.0,2976.1,Good,
2024-05-01 21:34:00,B100,DR-Grade,4931.13,5000,90.0,63.03,2.003,52.39,9.18,39.46,1154.1,3072.8,Good,
2024-05-01 21:35:00,B100,DR-Grade,4930.28,5000,90.0,59.67,2.003,50.98,8.67,39.41,1154.0,2995.3,Good,
2024-05-01 21:36:00,B100,DR-Grade,4930.3,5000,90.0,60.61,2.003,53.39,8.72,39.33,1154.0,3014.3,Good,
2024-05-01 21:37:00,B100,DR-Grade,4931.31,5000,90.0,59.31,2.003,50.35,8.82,39.31,1154.2,3046.0,Good,
2024-05-01 21:38:00,B100,DR-Grade,4931.24,5000,90.0,61.3,2.003,52.19,8.97,39.28,1154.3,2984.2,Good,
2024-05-01 21:39:00,B100,DR-Grade,4932.58,5000,90.0,62.22,2.004,51.22,9.3,39.31,1154.4,3000.7,Good,
2024-05-01 21:40:00,B100,DR-Grade,4931.94,5000,90.0,62.52,2.005,51.35,8.8,39.23,1154.4,3075.6,Good,
2024-05-01 21:41:00,B100,DR-Grade,4931.77,5000,90.0,62.57,2.005,52.06,9.02,39.2,1154.2,2955.6,Good,
2024-05-01 21:42:00,B100,DR-Grade,4930.97,5000,90.0,60.24,2.005,50.39,8.8,39.11,1154.2,2937.1,Good,
2024-05-01 21:43:00,B100,DR-Grade,4930.84,5000,90.0,61.25,2.005,51.49,9.38,39.03,1154.1,3058.1,Good,
2024-05-01 21:44:00,B100,DR-Grade,4932.75,5000,90.0,60.37,2.005,52.92,9.22,38.95,1154.0,2928.5,Good,
2024-05-01 21:45:00,B100,DR-Grade,4933.89,5000,90.0,59.9,2.005,55.44,8.48,38.93,1154.2,3047.2,Good,
2024-05-01 21:46:00,B100,DR-Grade,4934.35,5000,90.0,60.53,2.005,52.31,9.04,38.89,1154.2,2999.2,Good,
2024-05-01 21:47:00,B100,DR-Grade,4934.52,5000,90.0,61.6,2.005,54.4,8.72,38.85,1154.2,2957.3,Good,
2024-05-01 21:48:00,B100,DR-Grade,4936.16,5000,90.0,61.24,2.005,52.24,9.07,38.82,1154.2,2969.3,Good,
2024-05-01 21:49:00,B100,DR-Grade,4936.77,5000,90.0,61.95,2.005,53.51,8.65,38.78,1153.8,2932.7,Good,
2024-05-01 21:50:00,B100,DR-Grade,4936.67,5000,90.0,58.97,2.004,54.34,9.57,38.77,1153.9,2905.9,Good,
2024-05-01 21:51:00,B100,DR-Grade,4938.67,5000,90.0,61.89,2.005,53.81,9.27,38.8,1153.9,3075.7,Good,
2024-05-01 21:52:00,B100,DR-Grade,4938.32,5000,90.0,61.43,2.005,51.66,8.61,38.73,1153.8,2891.2,Good,
2024-05-01 21:53:00,B100,DR-Grade,4939.22,5000,90.0,59.71,2.006,53.03,9.02,38.67,1153.6,3057.3,Good,
2024-05-01 21:54:00,B100,DR-Grade,4940.51,5000,90.0,61.71,2.005,53.65,8.88,38.65,1153.3,2982.6,Good,
2024-05-01 21:55:00,B100,DR-Grade,4942.07,5000,90.0,59.58,2.006,54.11,8.74,38.53,1153.3,3007.3,Good,
2024-05-01 21:56:00,B100,DR-Grade,4944.47,5000,90.0,60.99,2.006,52.97,8.47,38.48,1153.2,3021.9,Good,
2024-05-01 21:57:00,B100,DR-Grade,4945.95,5000,90.0,61.93,2.005,48.73,8.54,38.43,1153.2,2919.4,Good,
2024-05-01 21:58:00,B100,DR-Grade,4946.17,5000,90.0,62.94,2.005,53.29,8.51,38.36,1153.0,2907.6,Good,
2024-05-01 21:59:00,B100,DR-Grade,4947.93,5000,90.0,60.62,2.004,50.34,8.45,38.32,1153.0,3003.3,Good,
2024-05-01 22:00:00,B100,DR-Grade,4948.99,5000,90.0,60.86,2.005,50.36,8.67,38.24,1153.1,2981.2,Good,
2024-05-01 22:01:00,B100,DR-Grade,4948.82,5000,90.0,60.33,2.005,50.14,8.86,38.2,1153.2,3031.1,Good,
2024-05-01 22:02:00,B100,DR-Grade,4948.77,5000,90.0,60.54,2.006,52.66,9.02,38.16,1153.3,3036.9,Good,
2024-05-01 22:03:00,B100,DR-Grade,4948.95,5000,90.0,62.37,2.006,50.98,8.74,38.12,1153.0,3031.8,Good,
2024-05-01 22:04:00,B100,DR-Grade,4948.04,5000,90.0,63.63,2.006,51.61,8.66,38.06,1152.9,2963.3,Good,
2024-05-01 22:05:00,B100,DR-Grade,4949.26,5000,90.0,61.57,2.006,50.26,8.74,38.02,1152.9,3001.4,Good,
2024-05-01 22:06:00,B100,DR-Grade,4950.6,5000,90.0,61.64,2.006,52.46,9.32,37.96,1153.0,2963.3,Good,
2024-05-01 22:07:00,B100,DR-Grade,4951.89,5000,90.0,61.0,2.006,52.38,8.84,37.89,1153.0,3012.9,Good,
2024-05-01 22:08:00,B100,DR-Grade,4952.11,5000,90.0,62.07,2.005,51.74,8.05,37.87,1153.0,3033.9,Good,
2024-05-01 22:09:00,B100,DR-Grade,4952.97,5000,90.0,60.71,2.005,50.5,9.22,37.82,1153.2,3002.8,Good,
2024-05-01 22:10:00,B100,DR-Grade,4954.87,5000,90.0,60.8,2.006,52.81,8.95,37.77,1153.2,2946.9,Good,
2024-05-01 22:11:00,B100,DR-Grade,4956.11,5000,90.0,62.39,2.006,53.51,8.57,37.75,1153.3,2938.0,Good,
2024-05-01 22:12:00,B100,DR-Grade,4956.93,5000,90.0,62.16,2.006,51.75,8.67,37.7,1153.4,2995.1,Good,
2024-05-01 22:13:00,B100,DR-Grade,4957.27,5000,90.0,60.71,2.008,53.02,8.5,37.63,1153.5,2935.9,Good,
2024-05-01 22:14:00,B100,DR-Grade,4958.19,5000,90.0,61.54,2.008,51.64,8.79,37.59,1153.5,2960.2,Good,
2024-05-01 22:15:00,B100,DR-Grade,4960.2,5000,90.0,61.38,2.008,50.75,9.19,37.53,1153.6,3016.0,Good,
2024-05-01 22:16:00,B100,DR-Grade,4961.2,5000,90.0,60.8,2.008,48.18,8.56,37.46,1153.2,3010.9,Good,
2024-05-01 22:17:00,B100,DR-Grade,4964.07,5000,90.0,62.58,2.007,49.64,8.82,37.44,1153.1,2969.4,Good,
2024-05-01 22:18:00,B100,DR-Grade,4967.05,5000,90.0,60.33,2.007,52.03,8.35,37.36,1153.3,3031.8,Good,
2024-05-01 22:19:00,B100,DR-Grade,4968.64,5000,90.0,61.55,2.007,50.2,8.51,37.31,1153.4,2982.9,Good,
2024-05-01 22:20:00,B100,DR-Grade,4968.33,5000,90.0,59.32,2.008,50.59,8.75,37.26,1153.3,2991.8,Good,
2024-05-01 22:21:00,B100,DR-Grade,4969.15,5000,90.0,61.58,2.008,50.86,8.78,37.24,1153.5,2985.3,Good,
2024-05-01 22:22:00,B100,DR-Grade,4971.23,5000,90.0,63.12,2.008,51.57,8.83,37.19,1153.3,3007.0,Good,
2024-05-01 22:23:00,B100,DR-Grade,4971.82,5000,90.0,60.15,2.007,51.14,8.78,37.19,1153.4,2946.5,Good,
2024-05-01 22:24:00,B100,DR-Grade,4972.32,5000,90.0,62.22,2.007,51.3,9.27,37.14,1153.4,3015.5,Good,
2024-05-01 22:25:00,B100,DR-Grade,4973.41,5000,90.0,60.45,4.615,49.4,8.73,37.13,1153.4,2918.0,Bad,
2024-05-01 22:26:00,B100,DR-Grade,4976.67,5000,90.0,60.15,2.008,51.09,8.19,37.13,1153.6,2978.8,Good,
2024-05-01 22:27:00,B100,DR-Grade,4977.38,5000,90.0,61.59,2.008,50.96,8.3,37.1,1153.7,2981.9,Good,
2024-05-01 22:28:00,B100,DR-Grade,4976.89,5000,90.0,61.75,2.008,53.49,8.81,37.04,1153.8,3005.6,Good,
2024-05-01 22:29:00,B100,DR-Grade,4978.23,5000,90.0,62.85,2.008,50.97,8.6,37.01,1153.8,3020.1,Good,
2024-05-01 22:30:00,B100,DR-Grade,4979.67,5000,90.0,60.19,2.008,50.07,8.92,36.89,1153.9,2945.2,Good,
2024-05-01 22:31:00,B100,DR-Grade,4981.4,5000,90.0,61.92,2.009,50.99,8.75,36.86,1154.0,2993.1,Good,
2024-05-01 22:32:00,B100,DR-Grade,4982.59,5000,90.0,61.63,2.009,52.72,8.6,36.82,1154.1,3025.2,Good,
2024-05-01 22:33:00,B100,DR-Grade,4984.02,5000,90.0,62.31,2.009,50.51,8.85,36.72,1154.2,3012.5,Good,
2024-05-01 22:34:00,B100,DR-Grade,4984.79,5000,90.0,60.82,2.01,50.83,8.61,36.66,1154.3,2971.8,Good,
2024-05-01 22:35:00,B100,DR-Grade,4986.73,5000,90.0,63.35,2.01,53.73,8.29,36.64,1154.5,3031.7,Good,
2024-05-01 22:36:00,B100,DR-Grade,4987.88,5000,90.0,62.46,2.009,52.52,8.68,36.6,1154.6,3026.7,Good,
2024-05-01 22:37:00,B100,DR-Grade,4989.48,5000,90.0,63.65,2.009,52.44,8.81,36.55,1154.7,2969.8,Good,
2024-05-01 22:38:00,B100,DR-Grade,4990.07,5000,90.0,60.02,2.011,49.49,8.79,36.5,1154.9,3011.0,Good,
2024-05-01 22:39:00,B100,DR-Grade,4992.4,5000,90.0,61.88,2.011,51.81,8.81,36.39,1155.1,3034.7,Good,
2024-05-01 22:40:00,B100,DR-Grade,4993.8,5000,90.0,62.48,2.011,55.03,8.35,36.33,1155.2,3006.8,Good,
2024-05-01 22:41:00,B100,DR-Grade,4994.67,5000,90.0,59.21,2.011,48.13,8.55,36.31,1155.5,3009.2,Good,
2024-05-01 22:42:00,B100,DR-Grade,4995.92,5000,90.0,62.89,2.011,52.89,8.49,36.25,1155.6,2981.4,Good,
2024-05-01 22:43:00,B100,DR-Grade,4996.26,5000,90.0,64.43,2.011,52.48,8.25,36.19,1155.8,2956.8,Good,
2024-05-01 22:44:00,B100,DR-Grade,4997.01,5000,90.0,62.54,2.011,50.57,8.2,36.15,1156.1,3050.4,Good,
2024-05-01 22:45:00,B100,DR-Grade,4998.93,5000,90.0,60.77,2.012,49.9,9.0,36.11,1156.1,2968.9,Good,
2024-05-01 22:46:00,B100,DR-Grade,5000.67,5000,90.0,60.06,2.012,52.56,8.47,36.11,1156.4,3077.1,Good,
2024-05-01 22:47:00,B100,DR-Grade,5002.62,5000,90.0,59.02,2.012,53.48,8.84,36.1,1156.5,3076.1,Good,
2024-05-01 22:48:00,B100,DR-Grade,5004.46,5000,90.0,63.09,2.012,49.92,8.54,36.02,1156.7,2969.9,Good,
2024-05-01 22:49:00,B100,DR-Grade,5005.51,5000,90.0,61.97,2.012,49.58,8.75,35.95,1156.7,3035.4,Good,
2024-05-01 22:50:00,B100,DR-Grade,5006.88,5000,90.0,60.74,2.012,50.15,8.37,35.88,1156.9,3016.8,Good,
2024-05-01 22:51:00,B100,DR-Grade,5009.71,5000,90.0,63.68,2.013,51.64,8.51,35.83,1156.9,3041.1,Good,
2024-05-01 22:52:00,B100,DR-Grade,5010.92,5000,90.0,64.31,2.013,51.81,7.77,35.8,1157.0,3027.0,Good,
2024-05-01 22:53:00,B100,DR-Grade,5010.98,5000,90.0,61.44,2.013,52.43,8.87,35.79,1157.3,2987.9,Good,
2024-05-01 22:54:00,B100,DR-Grade,5012.28,5000,90.0,60.39,2.013,52.73,9.25,35.76,1157.4,3050.3,Good,
2024-05-01 22:55:00,B100,DR-Grade,5013.26,5000,90.0,59.16,2.014,50.63,8.45,35.72,1157.8,3079.1,Good,
2024-05-01 22:56:00,B100,DR-Grade,5014.5,5000,90.0,64.3,2.014,51.35,8.55,35.63,1158.0,2999.2,Good,
2024-05-01 22:57:00,B100,DR-Grade,5015.84,5000,90.0,59.75,2.014,49.66,8.35,35.56,1158.2,3037.2,Good,
2024-05-01 22:58:00,B100,DR-Grade,5016.34,5000,90.0,61.5,2.014,50.47,8.26,35.52,1158.4,3014.4,Good,
2024-05-01 22:59:00,B100,DR-Grade,5018.01,5000,90.0,61.09,2.014,51.91,8.83,35.47,1158.4,3032.0,Good,
2024-05-01 23:00:00,B100,DR-Grade,5019.22,5000,90.0,61.96,2.013,49.76,8.45,35.46,1158.6,3021.0,Good,
2024-05-01 23:01:00,B100,DR-Grade,5021.04,5000,90.0,61.25,2.013,48.86,8.78,35.4,1158.8,3043.4,Good,
2024-05-01 23:02:00,B100,DR-Grade,5021.83,5000,90.0,63.18,2.012,50.73,8.82,35.33,1159.1,3019.5,Good,
2024-05-01 23:03:00,B100,DR-Grade,5022.38,5000,90.0,61.27,2.013,52.15,8.13,35.31,1159.4,3032.9,Good,
2024-05-01 23:04:00,B100,DR-Grade,5023.39,5000,90.0,65.49,2.013,49.12,8.47,35.21,1159.6,2988.9,Good,
2024-05-01 23:05:00,B100,DR-Grade,5026.08,5000,90.0,60.78,2.012,52.69,8.81,35.17,1159.8,3005.7,Good,
2024-05-01 23:06:00,B100,DR-Grade,5025.99,5000,90.0,63.11,2.013,53.01,8.54,35.16,1160.1,3081.8,Good,
2024-05-01 23:07:00,B100,DR-Grade,5028.24,5000,90.0,61.56,2.013,52.41,8.52,35.14,1160.3,3123.9,Good,
2024-05-01 23:08:00,B100,DR-Grade,5029.58,5000,90.0,61.16,2.012,52.67,8.62,35.1,1160.4,2972.7,Good,
2024-05-01 23:09:00,B100,DR-Grade,5031.88,5000,90.0,60.88,2.013,54.47,8.37,35.08,1160.8,3041.6,Good,
2024-05-01 23:10:00,B100,DR-Grade,5032.95,5000,90.0,60.68,2.013,50.15,8.52,35.01,1161.0,3087.3,Good,
2024-05-01 23:11:00,B100,DR-Grade,5034.65,5000,90.0,60.8,2.013,51.72,9.07,34.95,1161.3,3064.8,Good,
2024-05-01 23:12:00,B100,DR-Grade,5036.33,5000,90.0,60.51,2.013,47.66,8.76,34.92,1161.4,3021.1,Good,
2024-05-01 23:13:00,B100,DR-Grade,5039.43,5000,90.0,60.87,2.013,51.5,8.51,34.85,1161.6,3033.7,Good,
2024-05-01 23:14:00,B100,DR-Grade,5040.73,5000,90.0,62.8,2.013,52.74,8.23,34.84,1161.7,3053.3,Good,
2024-05-01 23:15:00,B100,DR-Grade,5042.32,5000,90.0,61.52,2.013,50.74,8.24,34.8,1162.0,3096.0,Good,
2024-05-01 23:16:00,B100,DR-Grade,5043.12,5000,90.0,63.29,2.013,52.71,8.53,34.79,1162.3,3095.7,Good,
2024-05-01 23:17:00,B100,DR-Grade,5044.77,5000,90.0,59.16,2.014,52.39,8.19,34.79,1162.5,3063.4,Good,
2024-05-01 23:18:00,B100,DR-Grade,5045.59,5000,90.0,62.13,2.015,52.57,8.69,34.68,1162.7,3034.8,Good,
2024-05-01 23:19:00,B100,DR-Grade,5046.92,5000,90.0,59.66,2.015,51.19,9.02,34.68,1163.0,3038.6,Good,
2024-05-01 23:20:00,B100,DR-Grade,5048.65,5000,90.0,61.84,2.015,51.99,7.97,34.57,1163.4,3080.8,Good,
2024-05-01 23:21:00,B100,DR-Grade,5050.53,5000,90.0,62.76,2.016,53.47,8.29,34.58,1163.8,3079.1,Good,
2024-05-01 23:22:00,B100,DR-Grade,5051.24,5000,90.0,62.89,2.016,52.97,8.5,34.55,1164.3,3092.7,Good,
2024-05-01 23:23:00,B100,DR-Grade,5051.97,5000,90.0,61.48,2.016,53.14,7.77,34.51,1164.5,3034.1,Good,
2024-05-01 23:24:00,B100,DR-Grade,5054.34,5000,90.0,61.3,2.017,52.61,8.06,34.44,1164.8,3102.4,Good,
2024-05-01 23:25:00,B100,DR-Grade,5055.37,5000,90.0,62.61,2.017,53.01,8.33,34.34,1165.1,3133.1,Good,
2024-05-01 23:26:00,B100,DR-Grade,5056.96,5000,90.0,61.68,2.018,52.43,7.94,34.33,1165.4,3081.7,Good,
2024-05-01 23:27:00,B100,DR-Grade,5058.19,5000,90.0,60.69,2.018,52.51,8.52,34.32,1165.8,3136.5,Good,
2024-05-01 23:28:00,B100,DR-Grade,5058.4,5000,90.0,61.58,2.018,55.3,8.77,34.28,1166.2,3117.1,Good,
2024-05-01 23:29:00,B100,DR-Grade,5059.78,5000,90.0,63.19,2.018,54.53,8.67,34.26,1166.3,3115.2,Good,
2024-05-01 23:30:00,B100,DR-Grade,5061.15,5000,90.0,60.46,2.018,54.67,8.61,34.2,1166.6,3083.4,Good,
2024-05-01 23:31:00,B100,DR-Grade,5064.03,5000,90.0,61.4,2.018,55.33,8.15,34.16,1166.9,3073.1,Good,
2024-05-01 23:32:00,B100,DR-Grade,5063.99,5000,90.0,60.02,2.018,52.63,8.84,34.17,1167.1,3078.8,Good,
2024-05-01 23:33:00,B100,DR-Grade,5065.05,5000,90.0,61.41,2.019,51.67,8.69,34.17,1167.5,3108.4,Good,
2024-05-01 23:34:00,B100,DR-Grade,5067.03,5000,90.0,62.87,2.019,50.56,8.36,34.12,1167.7,3111.1,Good,
2024-05-01 23:35:00,B100,DR-Grade,5068.09,5000,90.0,63.23,2.019,53.43,8.61,34.05,1168.0,3142.2,Good,
2024-05-01 23:36:00,B100,DR-Grade,5067.86,5000,90.0,61.61,2.019,55.29,7.9,34.03,1168.4,3155.1,Good,
2024-05-01 23:37:00,B100,DR-Grade,5069.85,5000,90.0,62.89,2.019,51.9,8.68,33.95,1168.8,3105.9,Good,
2024-05-01 23:38:00,B100,DR-Grade,5071.48,5000,90.0,59.55,2.02,54.38,8.2,33.9,1169.0,3051.8,Good,
2024-05-01 23:39:00,B100,DR-Grade,5072.3,5000,90.0,62.2,2.02,52.33,8.38,33.82,1169.3,3153.2,Good,
2024-05-01 23:40:00,B100,DR-Grade,5073.01,5000,90.0,63.14,2.019,55.63,8.61,33.76,1169.8,3075.7,Good,
2024-05-01 23:41:00,B100,DR-Grade,5073.97,5000,90.0,61.28,2.02,54.05,8.28,33.77,1170.1,3144.5,Good,
2024-05-01 23:42:00,B100,DR-Grade,5075.62,5000,90.0,63.51,2.02,52.68,8.44,33.75,1170.4,3083.3,Good,
2024-05-01 23:43:00,B100,DR-Grade,5076.99,5000,90.0,62.05,2.02,54.49,8.35,33.72,1170.6,3118.0,Good,
2024-05-01 23:44:00,B100,DR-Grade,5077.97,5000,90.0,64.36,2.02,51.27,8.26,33.73,1171.0,3106.1,Good,
2024-05-01 23:45:00,B100,DR-Grade,5079.75,5000,90.0,61.08,2.02,55.35,8.51,33.69,1171.5,3115.5,Good,
2024-05-01 23:46:00,B100,DR-Grade,5082.08,5000,90.0,62.0,2.019,56.18,8.17,33.62,1171.7,3107.9,Good,
2024-05-01 23:47:00,B100,DR-Grade,5083.11,5000,90.0,63.63,2.02,53.0,8.08,33.56,1172.1,3107.2,Good,
2024-05-01 23:48:00,B100,DR-Grade,5085.86,5000,90.0,61.86,2.02,53.82,8.63,33.56,1172.3,3149.6,Good,
2024-05-01 23:49:00,B100,DR-Grade,5087.39,5000,90.0,59.92,2.02,53.38,8.21,33.53,1172.6,3100.4,Good,
2024-05-01 23:50:00,B100,DR-Grade,5089.37,5000,90.0,62.09,2.02,52.56,8.35,33.48,1172.9,3143.8,Good,
2024-05-01 23:51:00,B100,DR-Grade,5091.21,5000,90.0,60.69,2.02,54.62,8.11,33.41,1173.2,3196.8,Good,
2024-05-01 23:52:00,B100,DR-Grade,5093.11,5000,90.0,61.9,2.02,55.0,8.29,33.34,1173.6,3159.3,Good,
2024-05-01 23:53:00,B100,DR-Grade,5094.8,5000,90.0,60.51,2.019,53.19,8.52,33.34,1173.8,3132.9,Good,
2024-05-01 23:54:00,B100,DR-Grade,5094.53,5000,90.0,61.84,2.019,53.27,8.23,33.29,1174.0,3102.4,Good,
2024-05-01 23:55:00,B100,DR-Grade,5095.29,5000,90.0,61.86,2.019,55.35,8.33,33.26,1174.3,3150.0,Good,
2024-05-01 23:56:00,B100,DR-Grade,5097.49,5000,90.0,61.8,2.019,56.97,8.77,33.27,1174.6,3190.0,Good,
2024-05-01 23:57:00,B100,DR-Grade,5098.17,5000,90.0,62.56,2.018,51.35,8.62,33.22,1174.8,3130.5,Good,
2024-05-01 23:58:00,B100,DR-Grade,5099.76,5000,90.0,63.29,2.018,56.6,8.19,33.19,1175.1,3194.0,Good,
2024-05-01 23:59:00,B100,DR-Grade,5100.04,5000,90.0,62.67,2.019,55.85,8.48,33.15,1175.5,3176.9,Good,
2024-05-02 00:00:00,B100,DR-Grade,5101.06,5000,90.0,61.28,2.02,51.42,8.41,33.1,1175.8,3121.7,Good,A_2024-05-02
2024-05-02 00:01:00,B100,DR-Grade,5103.76,5000,90.0,64.0,2.019,54.26,8.09,33.05,1176.1,3176.2,Good,A_2024-05-02
2024-05-02 00:02:00,B100,DR-Grade,5105.45,5000,90.0,63.05,2.019,55.03,8.17,33.03,1176.4,3234.3,Good,A_2024-05-02
2024-05-02 00:03:00,B100,DR-Grade,5106.27,5000,90.0,61.3,2.02,54.05,8.47,33.01,1176.6,3151.6,Good,A_2024-05-02
2024-05-02 00:04:00,B100,DR-Grade,5107.27,5000,90.0,63.23,2.02,53.1,8.14,33.02,1176.8,3166.3,Good,A_2024-05-02
2024-05-02 00:05:00,B100,DR-Grade,5107.43,5000,90.0,61.81,2.019,53.09,8.29,32.96,1177.2,3161.2,Good,A_2024-05-02
2024-05-02 00:06:00,B100,DR-Grade,5109.28,5000,90.0,62.38,2.02,54.22,7.85,33.01,1177.5,3237.6,Good,A_2024-05-02
2024-05-02 00:07:00,B100,DR-Grade,5110.58,5000,90.0,62.1,2.02,54.38,8.45,33.0,1178.0,3178.1,Good,A_2024-05-02
2024-05-02 00:08:00,B100,DR-Grade,5112.63,5000,90.0,62.22,2.02,54.42,8.4,33.02,1178.5,3205.7,Good,A_2024-05-02
2024-05-02 00:09:00,B100,DR-Grade,5114.73,5000,90.0,62.61,2.02,56.84,8.9,33.01,1178.7,3177.0,Good,A_2024-05-02
2024-05-02 00:10:00,B100,DR-Grade,5115.97,5000,90.0,60.74,2.02,54.55,8.03,32.97,1178.9,3135.4,Good,A_2024-05-02
2024-05-02 00:11:00,B100,DR-Grade,5116.7,5000,90.0,62.6,2.021,54.54,8.45,32.95,1179.2,3174.4,Good,A_2024-05-02
2024-05-02 00:12:00,B100,DR-Grade,5117.22,5000,90.0,60.51,2.02,55.61,8.16,32.92,1179.5,3229.9,Good,A_2024-05-02
2024-05-02 00:13:00,B100,DR-Grade,5118.37,5000,90.0,62.9,2.021,54.93,8.78,32.86,1179.8,3264.3,Good,A_2024-05-02
2024-05-02 00:14:00,B100,DR-Grade,5119.84,5000,90.0,64.59,2.022,54.6,7.94,32.82,1180.1,3197.1,Good,A_2024-05-02
2024-05-02 00:15:00,B100,DR-Grade,5122.37,5000,90.0,62.18,2.022,55.37,8.52,32.85,1180.5,3182.4,Good,A_2024-05-02
2024-05-02 00:16:00,B100,DR-Grade,5123.08,5000,90.0,60.7,2.022,58.04,8.34,32.82,1181.0,3198.7,Good,A_2024-05-02
2024-05-02 00:17:00,B100,DR-Grade,5124.88,5000,90.0,62.54,2.022,55.55,8.37,32.8,1181.2,3163.0,Good,A_2024-05-02
2024-05-02 00:18:00,B100,DR-Grade,5125.51,5000,90.0,64.29,2.022,56.3,8.61,32.75,1181.6,3170.5,Good,A_2024-05-02
2024-05-02 00:19:00,B100,DR-Grade,5126.5,5000,90.0,62.27,2.022,55.92,8.44,32.72,1181.8,3233.3,Good,A_2024-05-02
2024-05-02 00:20:00,B100,DR-Grade,5128.55,5000,90.0,61.92,4.489,54.8,8.05,32.69,1182.1,3261.2,Bad,A_2024-05-02
2024-05-02 00:21:00,B100,DR-Grade,5130.39,5000,90.0,61.83,2.023,56.71,8.39,32.7,1182.3,3200.3,Good,A_2024-05-02
2024-05-02 00:22:00,B100,DR-Grade,5131.4,5000,90.0,62.27,2.023,54.25,8.32,32.68,1182.6,3213.4,Good,A_2024-05-02
2024-05-02 00:23:00,B100,DR-Grade,5132.33,5000,90.0,60.06,2.024,54.78,8.23,32.68,1182.9,3226.2,Good,A_2024-05-02
2024-05-02 00:24:00,B100,DR-Grade,5134.61,5000,90.0,61.02,2.024,54.23,8.12,32.68,1183.4,3238.6,Good,A_2024-05-02
2024-05-02 00:25:00,B100,DR-Grade,5135.9,5000,90.0,62.79,2.024,53.16,8.13,32.7,1183.8,3252.8,Good,A_2024-05-02
2024-05-02 00:26:00,B100,DR-Grade,5137.08,5000,90.0,62.51,2.024,55.34,8.04,32.69,1184.1,3227.6,Good,A_2024-05-02
2024-05-02 00:27:00,B100,DR-Grade,5137.67,5000,90.0,62.58,2.024,55.64,8.59,32.66,1184.5,3178.4,Good,A_2024-05-02
2024-05-02 00:28:00,B100,DR-Grade,5141.04,5000,90.0,61.77,2.024,56.74,7.97,32.69,1184.9,3247.9,Good,A_2024-05-02
2024-05-02 00:29:00,B100,DR-Grade,5143.88,5000,90.0,61.32,2.025,55.53,8.19,32.68,1185.1,3273.3,Good,A_2024-05-02
2024-05-02 00:30:00,B100,DR-Grade,5145.7,5000,90.0,62.8,2.025,58.95,8.04,32.66,1185.5,3203.3,Good,A_2024-05-02
2024-05-02 00:31:00,B100,DR-Grade,5148.84,5000,90.0,61.17,2.025,59.72,8.29,32.63,1185.7,3214.0,Good,A_2024-05-02
2024-05-02 00:32:00,B100,DR-Grade,5150.64,5000,90.0,61.38,2.025,58.47,8.8,32.62,1186.0,3234.9,Good,A_2024-05-02
2024-05-02 00:33:00,B100,DR-Grade,5151.79,5000,90.0,60.81,2.025,57.07,8.6,32.6,1186.4,3323.1,Good,A_2024-05-02
2024-05-02 00:34:00,B100,DR-Grade,5153.63,5000,90.0,62.05,2.026,57.49,8.17,32.6,1186.7,3252.9,Good,A_2024-05-02
2024-05-02 00:35:00,B100,DR-Grade,5156.16,5000,90.0,63.39,2.026,59.4,8.27,32.55,1186.9,3175.5,Good,A_2024-05-02
2024-05-02 00:36:00,B100,DR-Grade,5156.71,5000,90.0,62.45,2.026,58.29,8.29,32.49,1187.1,3310.0,Good,A_2024-05-02
2024-05-02 00:37:00,B100,DR-Grade,5159.09,5000,90.0,59.91,2.026,59.45,8.28,32.48,1187.4,3299.1,Good,A_2024-05-02
2024-05-02 00:38:00,B100,DR-Grade,5161.44,5000,90.0,63.41,2.026,57.06,8.36,32.48,1187.6,3256.5,Good,A_2024-05-02
2024-05-02 00:39:00,B100,DR-Grade,5164.02,5000,90.0,59.8,2.026,58.26,8.39,32.46,1187.9,3209.3,Good,A_2024-05-02
2024-05-02 00:40:00,B100,DR-Grade,5165.82,5000,90.0,61.79,2.025,58.33,8.52,32.45,1188.3,3328.3,Good,A_2024-05-02
2024-05-02 00:41:00,B100,DR-Grade,5168.11,5000,90.0,61.59,2.025,57.47,8.2,32.4,1188.6,3247.9,Good,A_2024-05-02
2024-05-02 00:42:00,B100,DR-Grade,5168.19,5000,90.0,61.97,2.025,62.09,8.13,32.38,1188.7,3235.4,Good,A_2024-05-02
2024-05-02 00:43:00,B100,DR-Grade,5169.56,5000,90.0,63.75,2.025,57.8,8.09,32.39,1189.1,3232.5,Good,A_2024-05-02
2024-05-02 00:44:00,B100,DR-Grade,5171.78,5000,90.0,61.29,2.026,56.23,8.57,32.32,1189.2,3283.1,Good,A_2024-05-02
2024-05-02 00:45:00,B100,DR-Grade,5173.62,5000,90.0,62.56,2.026,57.23,8.19,32.32,1189.5,3270.2,Good,A_2024-05-02
2024-05-02 00:46:00,B100,DR-Grade,5175.24,5000,90.0,62.99,2.027,56.92,8.37,32.25,1189.6,3295.0,Good,A_2024-05-02
2024-05-02 00:47:00,B100,DR-Grade,5175.69,5000,90.0,62.31,2.027,58.97,8.4,32.28,1189.7,3289.8,Good,A_2024-05-02
2024-05-02 00:48:00,B100,DR-Grade,5176.96,5000,90.0,62.43,2.026,56.63,8.16,32.27,1189.9,3306.2,Good,A_2024-05-02
2024-05-02 00:49:00,B100,DR-Grade,5177.03,5000,90.0,60.45,2.026,60.17,8.35,32.24,1190.1,3268.4,Good,A_2024-05-02
2024-05-02 00:50:00,B100,DR-Grade,5178.24,5000,90.0,60.69,2.027,58.47,8.45,32.22,1190.4,3324.7,Good,A_2024-05-02
2024-05-02 00:51:00,B100,DR-Grade,5179.89,5000,90.0,60.44,2.028,54.82,8.31,32.22,1190.6,3278.3,Good,A_2024-05-02
2024-05-02 00:52:00,B100,DR-Grade,5180.87,5000,90.0,61.3,2.028,57.48,8.08,32.19,1190.8,3325.5,Good,A_2024-05-02
2024-05-02 00:53:00,B100,DR-Grade,5182.63,5000,90.0,62.32,2.028,58.74,8.05,32.14,1191.1,3207.8,Good,A_2024-05-02
2024-05-02 00:54:00,B100,DR-Grade,5184.01,5000,90.0,60.75,2.029,59.35,8.24,32.15,1191.3,3282.2,Good,A_2024-05-02
2024-05-02 00:55:00,B100,DR-Grade,5186.07,5000,90.0,60.34,2.029,57.25,8.38,32.15,1191.4,3301.4,Good,A_2024-05-02
2024-05-02 00:56:00,B100,DR-Grade,5187.17,5000,90.0,62.6,2.029,58.91,8.18,32.11,1191.5,3322.5,Good,A_2024-05-02
2024-05-02 00:57:00,B100,DR-Grade,5187.29,5000,90.0,61.08,2.029,58.97,7.93,32.08,1191.9,3371.4,Good,A_2024-05-02
2024-05-02 00:58:00,B100,DR-Grade,5187.67,5000,90.0,62.95,2.029,59.32,8.06,32.05,1192.1,3284.9,Good,A_2024-05-02
2024-05-02 00:59:00,B100,DR-Grade,5188.43,5000,90.0,63.13,2.029,56.56,8.09,32.08,1192.3,3272.5,Good,A_2024-05-02
2024-05-02 01:00:00,B100,DR-Grade,5189.77,5000,90.0,62.35,2.029,59.53,8.15,32.03,1192.8,3317.0,Good,
2024-05-02 01:01:00,B100,DR-Grade,5191.19,5000,90.0,61.79,2.03,60.18,8.28,31.98,1193.0,3294.6,Good,
2024-05-02 01:02:00,B100,DR-Grade,5191.95,5000,90.0,61.19,2.03,58.46,8.36,31.95,1193.2,3326.9,Good,
2024-05-02 01:03:00,B100,DR-Grade,5193.36,5000,90.0,61.9,2.03,57.82,8.18,31.91,1193.4,3295.2,Good,
2024-05-02 01:04:00,B100,DR-Grade,5194.18,5000,90.0,62.96,2.03,58.83,8.47,31.89,1193.6,3334.3,Good,
2024-05-02 01:05:00,B100,DR-Grade,5195.99,5000,90.0,62.22,2.031,59.84,8.53,31.88,1194.0,3214.7,Good,
2024-05-02 01:06:00,B100,DR-Grade,5196.28,5000,90.0,59.91,2.031,58.13,8.32,31.86,1194.3,3267.4,Good,
2024-05-02 01:07:00,B100,DR-Grade,5198.48,5000,90.0,61.89,2.031,60.31,8.09,31.84,1194.5,3340.9,Good,
2024-05-02 01:08:00,B100,DR-Grade,5200.0,5000,90.0,62.42,2.031,58.09,8.04,31.83,1194.7,3287.0,Good,
2024-05-02 01:09:00,B100,DR-Grade,5200.99,5000,90.0,61.0,2.031,57.63,8.23,31.79,1195.0,3343.7,Good,
2024-05-02 01:10:00,B100,DR-Grade,5201.46,5000,90.0,60.46,2.031,61.4,8.24,31.8,1195.1,3376.2,Good,
2024-05-02 01:11:00,B100,DR-Grade,5203.17,5000,90.0,61.69,2.031,56.81,8.63,31.82,1195.3,3358.8,Good,
2024-05-02 01:12:00,B100,DR-Grade,5204.0,5000,90.0,61.47,2.031,55.68,8.43,31.77,1195.2,3268.2,Good,
2024-05-02 01:13:00,B100,DR-Grade,5205.78,5000,90.0,63.82,2.032,57.87,8.11,31.75,1195.4,3342.4,Good,
2024-05-02 01:14:00,B100,DR-Grade,5208.47,5000,90.0,62.78,2.032,58.54,7.93,31.7,1195.6,3356.1,Good,
2024-05-02 01:15:00,B100,DR-Grade,5209.87,5000,90.0,62.42,2.031,62.49,8.11,31.62,1195.8,3301.8,Good,
2024-05-02 01:16:00,B100,DR-Grade,5211.33,5000,90.0,60.91,2.032,59.62,7.91,31.61,1196.1,3370.5,Good,
2024-05-02 01:17:00,B100,DR-Grade,5213.01,5000,90.0,63.32,2.032,59.12,8.13,31.57,1196.5,3414.8,Good,
2024-05-02 01:18:00,B100,DR-Grade,5213.87,5000,90.0,60.6,2.033,57.97,8.34,31.56,1196.6,3332.0,Good,
2024-05-02 01:19:00,B100,DR-Grade,5216.62,5000,90.0,61.92,2.032,62.57,8.08,31.55,1196.9,3321.7,Good,
2024-05-02 01:20:00,B100,DR-Grade,5217.71,5000,90.0,62.78,2.033,60.31,8.19,31.49,1196.9,3336.2,Good,
2024-05-02 01:21:00,B100,DR-Grade,5219.5,5000,90.0,61.5,2.033,56.19,8.51,31.52,1197.1,3394.5,Good,
2024-05-02 01:22:00,B100,DR-Grade,5221.02,5000,90.0,64.36,2.033,58.25,8.5,31.47,1197.1,3348.6,Good,
2024-05-02 01:23:00,B100,DR-Grade,5221.82,5000,90.0,62.36,2.033,58.83,7.76,31.47,1197.2,3386.6,Good,
2024-05-02 01:24:00,B100,DR-Grade,5224.12,5000,90.0,63.92,2.033,58.83,8.07,31.49,1197.4,3402.1,Good,
2024-05-02 01:25:00,B100,DR-Grade,5225.65,5000,90.0,63.73,2.033,58.38,8.16,31.46,1197.6,3296.4,Good,
2024-05-02 01:26:00,B100,DR-Grade,5226.4,5000,90.0,60.73,2.034,58.72,8.06,31.46,1197.6,3413.9,Good,
2024-05-02 01:27:00,B100,DR-Grade,5227.15,5000,90.0,63.46,2.034,56.09,8.47,31.42,1197.8,3361.7,Good,
2024-05-02 01:28:00,B100,DR-Grade,5226.92,5000,90.0,64.56,2.034,62.04,8.17,31.41,1197.7,3300.2,Good,
2024-05-02 01:29:00,B100,DR-Grade,5227.33,5000,90.0,63.53,2.034,57.55,8.7,31.42,1198.0,3323.6,Good,
2024-05-02 01:30:00,B100,DR-Grade,5229.2,5000,90.0,60.56,2.035,57.64,8.0,31.42,1198.2,3434.8,Good,
2024-05-02 01:31:00,B100,DR-Grade,5231.07,5000,90.0,62.96,2.035,59.08,7.86,31.46,1198.3,3371.0,Good,
2024-05-02 01:32:00,B100,DR-Grade,5231.57,5000,90.0,64.07,2.034,58.56,8.28,31.43,1198.3,3408.2,Good,
2024-05-02 01:33:00,B100,DR-Grade,5233.26,5000,90.0,63.12,2.034,62.16,8.08,31.38,1198.3,3319.6,Good,
2024-05-02 01:34:00,B100,DR-Grade,5235.2,5000,90.0,62.62,2.035,56.89,7.76,31.3,1198.6,3245.7,Good,
2024-05-02 01:35:00,B100,DR-Grade,5236.99,5000,90.0,61.94,2.035,58.52,7.75,31.22,1198.8,3406.1,Good,
2024-05-02 01:36:00,B100,DR-Grade,5239.12,5000,90.0,62.03,2.035,58.89,7.8,31.25,1198.9,3288.9,Good,
2024-05-02 01:37:00,B100,DR-Grade,5238.85,5000,90.0,62.38,2.035,56.72,8.14,31.26,1199.0,3301.3,Good,
2024-05-02 01:38:00,B100,DR-Grade,5240.17,5000,90.0,62.18,2.036,59.09,8.39,31.25,1199.1,3288.8,Good,
2024-05-02 01:39:00,B100,DR-Grade,5240.6,5000,90.0,63.01,2.036,58.31,8.4,31.26,1199.2,3337.3,Good,
2024-05-02 01:40:00,B100,DR-Grade,5242.26,5000,90.0,61.96,2.036,61.43,8.2,31.23,1199.3,3372.4,Good,
2024-05-02 01:41:00,B100,DR-Grade,5242.84,5000,90.0,61.57,2.036,59.62,7.79,31.25,1199.5,3359.6,Good,
2024-05-02 01:42:00,B100,DR-Grade,5244.04,5000,90.0,64.7,2.035,57.98,7.79,31.25,1199.6,3332.3,Good,
2024-05-02 01:43:00,B100,DR-Grade,5245.81,5000,90.0,63.57,2.035,59.68,8.23,31.28,1199.5,3363.7,Good,
2024-05-02 01:44:00,B100,DR-Grade,5245.72,5000,90.0,63.36,2.035,58.68,8.19,31.28,1199.4,3373.3,Good,
2024-05-02 01:45:00,B100,DR-Grade,5246.31,5000,90.0,61.25,2.035,58.77,8.15,31.25,1199.4,3421.0,Good,
2024-05-02 01:46:00,B100,DR-Grade,5246.84,5000,90.0,61.36,2.035,58.89,8.38,31.26,1199.4,3330.9,Good,
2024-05-02 01:47:00,B100,DR-Grade,5247.87,5000,90.0,63.38,2.035,59.87,8.23,31.22,1199.6,3363.0,Good,
2024-05-02 01:48:00,B100,DR-Grade,5247.72,5000,90.0,61.69,2.035,56.46,7.86,31.21,1199.5,3438.2,Good,
2024-05-02 01:49:00,B100,DR-Grade,5249.33,5000,90.0,60.38,2.035,61.02,8.41,31.22,1199.7,3329.1,Good,
2024-05-02 01:50:00,B100,DR-Grade,5251.8,5000,90.0,62.98,2.035,56.59,8.28,31.18,1199.9,3367.0,Good,
2024-05-02 01:51:00,B100,DR-Grade,5252.58,5000,90.0,62.35,2.034,57.55,7.99,31.19,1199.9,3312.1,Good,
2024-05-02 01:52:00,B100,DR-Grade,5253.94,5000,90.0,62.47,2.034,59.54,8.04,31.18,1199.7,3326.0,Good,
2024-05-02 01:53:00,B100,DR-Grade,5252.89,5000,90.0,62.94,2.034,56.89,8.31,31.22,1199.7,3371.3,Good,
2024-05-02 01:54:00,B100,DR-Grade,5252.91,5000,90.0,60.66,2.034,59.42,8.45,31.19,1199.6,3386.5,Good,
2024-05-02 01:55:00,B100,DR-Grade,5254.34,5000,90.0,62.06,2.034,58.83,8.05,31.24,1199.7,3346.7,Good,
2024-05-02 01:56:00,B100,DR-Grade,5255.47,5000,90.0,61.24,2.035,58.93,8.56,31.21,1199.8,3346.5,Good,
2024-05-02 01:57:00,B100,DR-Grade,5256.86,5000,90.0,61.57,2.035,57.49,8.5,31.2,1199.7,3296.9,Good,
2024-05-02 01:58:00,B100,DR-Grade,5258.74,5000,90.0,63.52,2.036,59.89,8.14,31.23,1199.8,3371.7,Good,
2024-05-02 01:59:00,B100,DR-Grade,5259.67,5000,90.0,60.15,2.037,59.95,7.92,31.16,1199.8,3368.3,Good,
2024-05-02 02:00:00,B100,DR-Grade,5260.33,5000,90.0,62.24,2.037,56.91,8.22,31.11,1199.9,3340.9,Good,
2024-05-02 02:01:00,B100,DR-Grade,5260.81,5000,90.0,62.5,2.037,57.89,7.6,31.1,1199.8,3326.6,Good,
2024-05-02 02:02:00,B100,DR-Grade,5261.71,5000,90.0,62.36,2.037,58.45,8.15,31.08,1199.8,3366.2,Good,
2024-05-02 02:03:00,B100,DR-Grade,5260.91,5000,90.0,61.2,2.038,58.75,7.55,31.07,1199.7,3311.8,Good,
2024-05-02 02:04:00,B100,DR-Grade,5262.81,5000,90.0,63.1,2.037,58.1,8.04,31.05,1199.7,3377.2,Good,
2024-05-02 02:05:00,B100,DR-Grade,5261.94,5000,90.0,62.63,2.038,58.46,7.97,31.06,1199.8,3363.6,Good,
2024-05-02 02:06:00,B100,DR-Grade,5261.49,5000,90.0,62.66,2.039,57.79,8.46,31.11,1199.9,3342.6,Good,
2024-05-02 02:07:00,B100,DR-Grade,5262.28,5000,90.0,60.99,2.039,56.93,7.73,31.1,1200.0,3390.6,Good,
2024-05-02 02:08:00,B100,DR-Grade,5263.7,5000,90.0,61.04,2.039,58.21,7.97,31.1,1200.1,3316.1,Good,
2024-05-02 02:09:00,B100,DR-Grade,5264.82,5000,90.0,60.1,2.039,58.33,8.08,31.14,1200.1,3367.1,Good,
2024-05-02 02:10:00,B100,DR-Grade,5266.64,5000,90.0,61.1,2.04,58.36,8.13,31.17,1199.9,3327.6,Good,
2024-05-02 02:11:00,B100,DR-Grade,5266.98,5000,90.0,63.8,2.04,57.65,8.1,31.19,1199.9,3384.1,Good,
2024-05-02 02:12:00,B100,DR-Grade,5267.16,5000,90.0,61.76,2.041,58.04,7.84,31.18,1199.8,3405.6,Good,
2024-05-02 02:13:00,B100,DR-Grade,5268.22,5000,90.0,60.84,2.041,59.04,8.74,31.25,1199.7,3399.2,Good,
2024-05-02 02:14:00,B100,DR-Grade,5268.0,5000,90.0,64.15,2.041,58.52,7.88,31.26,1199.6,3387.5,Good,
2024-05-02 02:15:00,B100,DR-Grade,5268.77,5000,90.0,62.5,2.042,60.67,8.16,31.24,1199.5,3404.7,Good,
2024-05-02 02:16:00,B100,DR-Grade,5269.76,5000,90.0,60.97,2.042,55.19,7.85,31.18,1199.6,3340.0,Good,
2024-05-02 02:17:00,B100,DR-Grade,5270.57,5000,90.0,60.81,2.042,57.5,8.05,31.21,1199.6,3369.9,Good,
2024-05-02 02:18:00,B100,DR-Grade,5269.62,5000,90.0,62.5,2.043,56.74,8.2,31.21,1199.6,3360.4,Good,
2024-05-02 02:19:00,B100,DR-Grade,5270.0,5000,90.0,61.71,2.044,57.65,8.06,31.2,1199.6,3346.7,Good,
2024-05-02 02:20:00,B100,DR-Grade,5269.01,5000,90.0,63.4,2.044,57.17,7.91,31.23,1199.5,3282.9,Good,
2024-05-02 02:21:00,B100,DR-Grade,5270.18,5000,90.0,62.8,2.044,58.44,7.68,31.29,1199.6,3339.0,Good,
2024-05-02 02:22:00,B100,DR-Grade,5270.37,5000,90.0,63.19,2.044,62.48,8.4,31.26,1199.4,3294.5,Good,
2024-05-02 02:23:00,B100,DR-Grade,5271.62,5000,90.0,62.83,2.044,57.59,8.11,31.2,1199.4,3442.3,Good,
2024-05-02 02:24:00,B100,DR-Grade,5273.1,5000,90.0,61.5,2.044,57.78,8.44,31.18,1199.4,3315.4,Good,
2024-05-02 02:25:00,B100,DR-Grade,5272.56,5000,90.0,63.37,2.044,56.49,8.21,31.13,1199.2,3281.3,Good,
2024-05-02 02:26:00,B100,DR-Grade,5273.71,5000,90.0,63.16,2.044,59.13,8.52,31.14,1199.1,3341.4,Good,
2024-05-02 02:27:00,B100,DR-Grade,5274.46,5000,90.0,63.59,2.045,57.04,8.29,31.17,1199.0,3287.1,Good,
2024-05-02 02:28:00,B100,DR-Grade,5276.02,5000,90.0,63.47,2.045,58.59,8.0,31.22,1198.9,3413.6,Good,
2024-05-02 02:29:00,B100,DR-Grade,5275.5,5000,90.0,63.41,2.045,56.7,8.04,31.27,1198.8,3324.6,Good,
2024-05-02 02:30:00,B100,DR-Grade,5274.95,5000,90.0,61.47,2.045,59.68,8.36,31.24,1198.7,3388.8,Good,
2024-05-02 02:31:00,B100,DR-Grade,5274.76,5000,90.0,61.45,2.044,57.34,7.97,31.28,1198.7,3368.5,Good,
2024-05-02 02:32:00,B100,DR-Grade,5273.76,5000,90.0,61.15,2.045,55.76,7.91,31.27,1198.7,3412.4,Good,
2024-05-02 02:33:00,B100,DR-Grade,5274.23,5000,90.0,61.83,2.045,56.46,8.21,31.24,1198.6,3393.8,Good,
2024-05-02 02:34:00,B100,DR-Grade,5274.04,5000,90.0,64.22,2.046,60.44,8.2,31.27,1198.5,3324.0,Good,
2024-05-02 02:35:00,B100,DR-Grade,5274.53,5000,90.0,61.71,2.046,56.18,8.23,31.31,1198.5,3368.2,Good,
2024-05-02 02:36:00,B100,DR-Grade,5275.12,5000,90.0,62.41,2.046,58.59,8.11,31.34,1198.3,3395.3,Good,
2024-05-02 02:37:00,B100,DR-Grade,5276.06,5000,90.0,61.82,2.046,55.9,8.33,31.38,1198.2,3361.7,Good,
2024-05-02 02:38:00,B100,DR-Grade,5275.37,5000,90.0,62.52,2.046,58.33,8.06,31.35,1197.7,3325.3,Good,
2024-05-02 02:39:00,B100,DR-Grade,5276.2,5000,90.0,61.47,2.047,55.89,8.25,31.33,1197.4,3332.2,Good,
2024-05-02 02:40:00,B100,DR-Grade,5277.01,5000,90.0,61.73,2.047,56.24,8.42,31.38,1197.2,3361.6,Good,
2024-05-02 02:41:00,B100,DR-Grade,5276.53,5000,90.0,65.7,2.048,54.34,8.57,31.37,1197.1,3298.3,Good,
2024-05-02 02:42:00,B100,DR-Grade,5276.3,5000,90.0,62.52,2.048,58.56,8.15,31.41,1197.0,3294.0,Good,
2024-05-02 02:43:00,B100,DR-Grade,5275.44,5000,90.0,64.19,2.048,56.53,8.08,31.44,1196.9,3343.6,Good,
2024-05-02 02:44:00,B100,DR-Grade,5276.57,5000,90.0,62.34,2.048,56.37,8.34,31.47,1196.6,3359.6,Good,
2024-05-02 02:45:00,B100,DR-Grade,5277.77,5000,90.0,64.88,2.048,57.18,8.47,31.49,1196.5,3324.2,Good,
2024-05-02 02:46:00,B100,DR-Grade,5277.31,5000,90.0,62.71,2.048,55.71,8.5,31.51,1196.3,3337.8,Good,
2024-05-02 02:47:00,B100,DR-Grade,5277.4,5000,90.0,61.72,2.048,55.85,7.83,31.53,1196.1,3347.5,Good,
2024-05-02 02:48:00,B100,DR-Grade,5277.85,5000,90.0,61.53,2.048,59.13,8.33,31.56,1196.1,3337.0,Good,
2024-05-02 02:49:00,B100,DR-Grade,5278.51,5000,90.0,62.9,2.047,54.83,8.02,31.58,1195.9,3379.4,Good,
2024-05-02 02:50:00,B100,DR-Grade,5278.58,5000,90.0,61.77,2.048,56.48,8.49,31.62,1195.7,3272.6,Good,
2024-05-02 02:51:00,B100,DR-Grade,5279.92,5000,90.0,62.73,2.048,54.82,8.19,31.65,1195.5,3387.1,Good,
2024-05-02 02:52:00,B100,DR-Grade,5279.32,5000,90.0,61.82,2.049,55.08,8.41,31.64,1195.5,3303.1,Good,
2024-05-02 02:53:00,B100,DR-Grade,5280.04,5000,90.0,64.85,2.048,57.56,8.13,31.64,1195.3,3280.5,Good,
2024-05-02 02:54:00,B100,DR-Grade,5280.18,5000,90.0,63.22,2.049,56.97,8.48,31.61,1195.0,3239.1,Good,
2024-05-02 02:55:00,B100,DR-Grade,5280.45,5000,90.0,61.28,2.048,55.66,8.39,31.57,1194.8,3311.8,Good,
2024-05-02 02:56:00,B100,DR-Grade,5279.94,5000,90.0,63.99,2.048,56.18,7.92,31.52,1194.6,3431.3,Good,
2024-05-02 02:57:00,B100,DR-Grade,5278.68,5000,90.0,62.1,2.049,52.87,8.49,31.51,1194.4,3362.8,Good,
2024-05-02 02:58:00,B100,DR-Grade,5278.3,5000,90.0,60.81,2.049,54.37,8.38,31.5,1194.2,3261.1,Good,
2024-05-02 02:59:00,B100,DR-Grade,5278.66,5000,90.0,62.05,2.049,54.12,8.26,31.49,1193.9,3357.1,Good,
2024-05-02 03:00:00,B100,DR-Grade,5278.02,5000,90.0,62.58,2.049,53.72,8.06,31.55,1193.7,3289.8,Good,
2024-05-02 03:01:00,B100,DR-Grade,5276.74,5000,90.0,65.75,2.049,52.57,8.01,31.56,1193.4,3285.1,Good,
2024-05-02 03:02:00,B100,DR-Grade,5276.57,5000,90.0,62.61,2.049,53.89,8.47,31.58,1193.1,3322.1,Good,
2024-05-02 03:03:00,B100,DR-Grade,5276.5,5000,90.0,62.11,2.048,55.02,8.05,31.61,1192.9,3320.6,Good,
2024-05-02 03:04:00,B100,DR-Grade,5275.68,5000,90.0,62.77,2.049,54.42,8.44,31.6,1192.7,3294.1,Good,
2024-05-02 03:05:00,B100,DR-Grade,5275.51,5000,90.0,64.19,2.049,57.2,8.07,31.61,1192.6,3349.8,Good,
2024-05-02 03:06:00,B100,DR-Grade,5275.72,5000,90.0,63.66,2.049,54.66,8.04,31.65,1192.3,3308.7,Good,
2024-05-02 03:07:00,B100,DR-Grade,5275.77,5000,90.0,60.73,2.048,53.63,8.53,31.72,1192.1,3350.6,Good,
2024-05-02 03:08:00,B100,DR-Grade,5276.32,5000,90.0,61.83,2.049,53.55,8.46,31.75,1191.9,3292.6,Good,
2024-05-02 03:09:00,B100,DR-Grade,5277.06,5000,90.0,63.08,2.05,53.46,7.97,31.79,1191.8,3331.9,Good,
2024-05-02 03:10:00,B100,DR-Grade,5276.88,5000,90.0,62.81,2.05,52.72,8.13,31.78,1191.7,3328.3,Good,
2024-05-02 03:11:00,B100,DR-Grade,5276.12,5000,90.0,64.9,2.05,51.27,8.29,31.8,1191.5,3261.7,Good,
2024-05-02 03:12:00,B100,DR-Grade,5274.65,5000,90.0,63.12,2.05,53.79,8.12,31.82,1191.2,3297.5,Good,
2024-05-02 03:13:00,B100,DR-Grade,5275.2,5000,90.0,62.81,2.05,55.04,7.81,31.83,1190.8,3327.1,Good,
2024-05-02 03:14:00,B100,DR-Grade,5275.24,5000,90.0,63.0,2.05,53.25,8.29,31.82,1190.6,3327.3,Good,
2024-05-02 03:15:00,B100,DR-Grade,5275.77,5000,90.0,63.58,2.049,53.25,8.79,31.83,1190.3,3347.1,Good,
2024-05-02 03:16:00,B100,DR-Grade,5274.93,5000,90.0,63.48,2.05,53.43,7.79,31.87,1189.9,3299.8,Good,
2024-05-02 03:17:00,B100,DR-Grade,5274.77,5000,90.0,60.73,2.049,55.45,7.95,31.95,1189.8,3309.1,Good,
2024-05-02 03:18:00,B100,DR-Grade,5273.91,5000,90.0,62.43,2.05,54.31,8.5,32.01,1189.3,3298.4,Good,
2024-05-02 03:19:00,B100,DR-Grade,5272.97,5000,90.0,63.41,2.05,52.95,8.48,32.02,1188.9,3299.5,Good,
2024-05-02 03:20:00,B100,DR-Grade,5271.61,5000,90.0,63.24,2.049,56.46,8.55,32.07,1188.6,3295.4,Good,
2024-05-02 03:21:00,B100,DR-Grade,5271.14,5000,90.0,62.74,2.049,53.49,7.95,32.03,1188.3,3247.6,Good,
2024-05-02 03:22:00,B100,DR-Grade,5271.17,5000,90.0,64.15,2.049,54.53,8.17,32.07,1187.9,3255.2,Good,
2024-05-02 03:23:00,B100,DR-Grade,5271.41,5000,90.0,63.79,2.049,52.27,7.96,32.1,1187.5,3246.9,Good,
2024-05-02 03:24:00,B100,DR-Grade,5271.24,5000,90.0,60.2,2.049,55.19,7.8,32.08,1187.1,3158.4,Good,
2024-05-02 03:25:00,B100,DR-Grade,5270.68,5000,90.0,64.86,2.048,54.24,8.34,32.08,1186.8,3299.2,Good,
2024-05-02 03:26:00,B100,DR-Grade,5271.79,5000,90.0,62.15,2.048,52.5,8.78,32.13,1186.4,3270.4,Good,
2024-05-02 03:27:00,B100,DR-Grade,5272.54,5000,90.0,61.8,2.048,54.58,7.8,32.13,1186.1,3274.4,Good,
2024-05-02 03:28:00,B100,DR-Grade,5272.89,5000,90.0,63.47,2.048,52.72,7.9,32.18,1185.9,3236.6,Good,
2024-05-02 03:29:00,B100,DR-Grade,5272.59,5000,90.0,60.83,2.048,54.03,7.73,32.18,1185.4,3207.8,Good,
2024-05-02 03:30:00,B100,DR-Grade,5273.1,5000,90.0,63.3,2.048,52.67,8.5,32.22,1185.1,3284.7,Good,
2024-05-02 03:31:00,B100,DR-Grade,5272.1,5000,90.0,63.67,2.047,51.29,7.85,32.21,1184.8,3204.0,Good,
2024-05-02 03:32:00,B100,DR-Grade,5270.71,5000,90.0,62.38,2.047,53.3,8.6,32.27,1184.7,3203.2,Good,
2024-05-02 03:33:00,B100,DR-Grade,5270.71,5000,90.0,61.5,2.047,53.39,8.2,32.23,1184.5,3200.8,Good,
2024-05-02 03:34:00,B100,DR-Grade,5270.36,5000,90.0,62.42,2.047,53.86,8.36,32.28,1184.3,3193.4,Good,
2024-05-02 03:35:00,B100,DR-Grade,5270.64,5000,90.0,62.35,2.048,52.72,7.96,32.28,1183.9,3197.6,Good,
2024-05-02 03:36:00,B100,DR-Grade,5269.56,5000,90.0,61.44,2.047,51.69,8.31,32.31,1183.5,3207.2,Good,
2024-05-02 03:37:00,B100,DR-Grade,5269.25,5000,90.0,63.49,2.048,49.98,8.14,32.35,1183.2,3191.4,Good,
2024-05-02 03:38:00,B100,DR-Grade,5267.96,5000,90.0,63.65,2.047,50.95,8.4,32.34,1182.9,3186.6,Good,
2024-05-02 03:39:00,B100,DR-Grade,5267.17,5000,90.0,61.76,2.048,51.78,8.59,32.43,1182.5,3226.7,Good,
2024-05-02 03:40:00,B100,DR-Grade,5266.95,5000,90.0,62.18,2.048,54.5,8.13,32.47,1182.2,3186.5,Good,
2024-05-02 03:41:00,B100,DR-Grade,5266.34,5000,90.0,63.17,2.048,51.55,8.1,32.47,1181.9,3192.6,Good,
2024-05-02 03:42:00,B100,DR-Grade,5265.07,5000,90.0,60.45,2.048,49.97,8.37,32.52,1181.6,3207.8,Good,
2024-05-02 03:43:00,B100,DR-Grade,5263.41,5000,90.0,62.25,2.048,53.94,8.32,32.55,1181.2,3254.6,Good,
2024-05-02 03:44:00,B100,DR-Grade,5262.52,5000,90.0,62.73,2.048,53.29,8.2,32.57,1180.7,3176.1,Good,
2024-05-02 03:45:00,B100,DR-Grade,5261.23,5000,90.0,62.75,2.048,51.94,8.41,32.57,1180.2,3210.0,Good,
2024-05-02 03:46:00,B100,DR-Grade,5259.54,5000,90.0,62.03,2.048,51.57,8.26,32.58,1179.9,3219.8,Good,
2024-05-02 03:47:00,B100,DR-Grade,5258.96,5000,90.0,60.69,2.048,54.14,8.59,32.62,1179.5,3144.4,Good,
2024-05-02 03:48:00,B100,DR-Grade,5257.64,5000,90.0,62.08,2.048,53.47,8.35,32.64,1179.2,3184.5,Good,
2024-05-02 03:49:00,B100,DR-Grade,5257.91,5000,90.0,62.08,2.048,53.23,7.89,32.67,1179.1,3240.8,Good,
2024-05-02 03:50:00,B100,DR-Grade,5258.74,5000,90.0,61.51,2.048,53.27,8.1,32.7,1178.9,3249.1,Good,
2024-05-02 03:51:00,B100,DR-Grade,5258.87,5000,90.0,63.55,2.048,48.25,8.32,32.7,1178.5,3206.6,Good,
2024-05-02 03:52:00,B100,DR-Grade,5260.2,5000,90.0,61.5,2.049,52.3,8.38,32.77,1178.4,3283.0,Good,
2024-05-02 03:53:00,B100,DR-Grade,5258.6,5000,90.0,61.94,2.049,52.08,8.04,32.79,1178.0,3217.6,Good,
2024-05-02 03:54:00,B100,DR-Grade,5256.61,5000,90.0,62.26,2.049,52.88,8.06,32.78,1177.7,3269.5,Good,
2024-05-02 03:55:00,B100,DR-Grade,5255.77,5000,90.0,64.38,2.049,53.22,8.24,32.81,1177.4,3207.4,Good,
2024-05-02 03:56:00,B100,DR-Grade,5253.73,5000,90.0,62.67,2.049,49.93,7.88,32.81,1177.0,3243.3,Good,
2024-05-02 03:57:00,B100,DR-Grade,5253.07,5000,90.0,60.71,2.048,49.99,8.42,32.88,1176.6,3116.0,Good,
2024-05-02 03:58:00,B100,DR-Grade,5252.94,5000,90.0,61.06,2.049,50.46,8.53,32.92,1176.3,3145.9,Good,
2024-05-02 03:59:00,B100,DR-Grade,5252.72,5000,90.0,63.45,2.049,53.49,8.36,32.98,1176.0,3266.5,Good,
2024-05-02 04:00:00,B100,DR-Grade,5252.63,5000,90.0,60.97,2.049,53.86,7.76,32.98,1175.6,3146.8,Good,
2024-05-02 04:01:00,B100,DR-Grade,5251.67,5000,90.0,61.7,2.049,52.62,8.15,32.96,1175.2,3148.4,Good,
2024-05-02 04:02:00,B100,DR-Grade,5250.8,5000,90.0,63.73,2.05,50.54,8.36,32.95,1174.8,3146.7,Good,
2024-05-02 04:03:00,B100,DR-Grade,5250.14,5000,90.0,61.12,2.05,48.19,8.28,32.99,1174.5,3130.7,Good,
2024-05-02 04:04:00,B100,DR-Grade,5249.26,5000,90.0,64.21,2.05,50.08,8.27,33.02,1174.1,3137.8,Good,
2024-05-02 04:05:00,B100,DR-Grade,5249.08,5000,90.0,64.52,2.051,48.09,8.41,33.04,1173.5,3161.9,Good,
2024-05-02 04:06:00,B100,DR-Grade,5247.91,5000,90.0,62.39,2.05,50.02,8.05,33.12,1173.0,3137.7,Good,
2024-05-02 04:07:00,B100,DR-Grade,5247.0,5000,90.0,61.88,2.05,52.49,8.3,33.15,1172.8,3152.4,Good,
2024-05-02 04:08:00,B100,DR-Grade,5245.6,5000,90.0,63.87,2.051,51.64,8.46,33.16,1172.4,3155.5,Good,
2024-05-02 04:09:00,B100,DR-Grade,5245.4,5000,90.0,62.67,2.051,52.6,8.18,33.16,1172.2,3097.2,Good,
2024-05-02 04:10:00,B100,DR-Grade,5244.57,5000,90.0,62.74,2.051,50.81,8.38,33.15,1172.1,3124.1,Good,
2024-05-02 04:11:00,B100,DR-Grade,5243.74,5000,90.0,62.4,2.051,49.82,8.57,33.15,1171.8,3095.1,Good,
2024-05-02 04:12:00,B100,DR-Grade,5242.45,5000,90.0,61.18,2.051,49.39,8.49,33.2,1171.5,3160.7,Good,
2024-05-02 04:13:00,B100,DR-Grade,5240.21,5000,90.0,63.97,2.052,52.32,8.36,33.3,1171.3,3165.1,Good,
2024-05-02 04:14:00,B100,DR-Grade,5238.92,5000,90.0,63.82,2.052,52.54,8.57,33.33,1171.1,3140.8,Good,
2024-05-02 04:15:00,B100,DR-Grade,5236.38,5000,90.0,58.82,2.053,51.83,8.62,33.35,1170.6,3100.4,Good,
2024-05-02 04:16:00,B100,DR-Grade,5235.34,5000,90.0,63.05,2.053,51.84,8.05,33.37,1170.2,3165.0,Good,
2024-05-02 04:17:00,B100,DR-Grade,5233.45,5000,90.0,61.87,2.053,52.39,8.12,33.36,1170.0,3061.5,Good,
2024-05-02 04:18:00,B100,DR-Grade,5233.37,5000,90.0,63.92,2.053,49.45,8.17,33.36,1169.5,3134.9,Good,
2024-05-02 04:19:00,B100,DR-Grade,5231.89,5000,90.0,61.37,2.053,50.6,8.45,33.38,1169.2,3135.9,Good,
2024-05-02 04:20:00,B100,DR-Grade,5230.82,5000,90.0,61.01,2.052,51.79,8.66,33.43,1169.1,3091.2,Good,
2024-05-02 04:21:00,B100,DR-Grade,5229.42,5000,90.0,61.55,2.052,49.25,8.0,33.48,1168.8,3084.0,Good,
2024-05-02 04:22:00,B100,DR-Grade,5227.54,5000,90.0,63.14,2.052,54.98,8.47,33.5,1168.5,3132.9,Good,
2024-05-02 04:23:00,B100,DR-Grade,5225.37,5000,90.0,61.86,2.052,50.57,8.39,33.5,1168.3,3147.4,Good,
2024-05-02 04:24:00,B100,DR-Grade,5222.48,5000,90.0,60.43,2.053,49.65,8.47,33.53,1168.1,3121.9,Good,
2024-05-02 04:25:00,B100,DR-Grade,5220.93,5000,90.0,63.21,2.053,49.89,7.95,33.55,1167.7,3145.8,Good,
2024-05-02 04:26:00,B100,DR-Grade,5218.36,5000,90.0,62.56,2.054,51.21,8.52,33.62,1167.5,3054.8,Good,
2024-05-02 04:27:00,B100,DR-Grade,5218.07,5000,90.0,63.57,2.054,47.47,8.44,33.64,1167.2,3081.4,Good,
2024-05-02 04:28:00,B100,DR-Grade,5216.03,5000,90.0,62.19,2.054,49.8,8.32,33.72,1166.8,3040.7,Good,
2024-05-02 04:29:00,B100,DR-Grade,5214.46,5000,90.0,59.82,2.055,49.18,8.73,33.79,1166.6,3114.3,Good,
2024-05-02 04:30:00,B100,DR-Grade,5213.31,5000,90.0,63.28,2.055,51.48,8.07,33.77,1166.2,3065.9,Good,
2024-05-02 04:31:00,B100,DR-Grade,5212.06,5000,90.0,61.69,2.055,50.4,8.4,33.79,1165.9,3176.5,Good,
2024-05-02 04:32:00,B100,DR-Grade,5211.74,5000,90.0,64.08,2.056,49.64,8.27,33.85,1165.5,3190.9,Good,
2024-05-02 04:33:00,B100,DR-Grade,5210.53,5000,90.0,62.27,2.056,50.95,8.32,33.9,1165.3,3109.7,Good,
2024-05-02 04:34:00,B100,DR-Grade,5209.01,5000,90.0,62.0,2.056,51.38,8.45,33.89,1165.0,3122.3,Good,
2024-05-02 04:35:00,B100,DR-Grade,5207.74,5000,90.0,62.11,2.057,50.4,8.36,33.94,1164.8,3063.3,Good,
2024-05-02 04:36:00,B100,DR-Grade,5207.66,5000,90.0,63.04,2.057,50.21,8.22,33.95,1164.6,3017.7,Good,
2024-05-02 04:37:00,B100,DR-Grade,5207.02,5000,90.0,64.92,2.057,53.7,8.37,33.99,1164.2,3102.7,Good,
2024-05-02 04:38:00,B100,DR-Grade,5204.4,5000,90.0,63.4,2.057,51.74,8.15,33.98,1163.9,3055.1,Good,
2024-05-02 04:39:00,B100,DR-Grade,5203.05,5000,90.0,64.87,2.058,52.14,8.69,34.05,1163.7,3033.0,Good,
2024-05-02 04:40:00,B100,DR-Grade,5201.17,5000,90.0,61.69,2.058,53.43,8.38,34.04,1163.4,3069.8,Good,
2024-05-02 04:41:00,B100,DR-Grade,5199.95,5000,90.0,63.84,2.057,51.65,8.1,34.1,1163.1,3059.7,Good,
2024-05-02 04:42:00,B100,DR-Grade,5199.16,5000,90.0,62.62,2.058,52.46,8.24,34.15,1162.8,3072.3,Good,
2024-05-02 04:43:00,B100,DR-Grade,5197.92,5000,90.0,61.87,2.058,52.16,8.21,34.19,1162.3,3104.9,Good,
2024-05-02 04:44:00,B100,DR-Grade,5197.09,5000,90.0,63.48,2.058,49.88,8.55,34.24,1162.0,3020.3,Good,
2024-05-02 04:45:00,B100,DR-Grade,5197.04,5000,90.0,62.79,2.058,50.82,8.15,34.29,1161.5,3057.5,Good,
2024-05-02 04:46:00,B100,DR-Grade,5194.51,5000,90.0,63.56,2.058,50.94,8.38,34.27,1161.5,3035.6,Good,
2024-05-02 04:47:00,B100,DR-Grade,5193.2,5000,90.0,62.69,2.058,53.59,8.96,34.31,1161.2,2983.9,Good,
2024-05-02 04:48:00,B100,DR-Grade,5191.95,5000,90.0,61.0,2.058,52.6,8.4,34.36,1161.0,3074.5,Good,
2024-05-02 04:49:00,B100,DR-Grade,5190.98,5000,90.0,62.02,2.058,52.51,8.54,34.44,1160.8,2975.6,Good,
2024-05-02 04:50:00,B100,DR-Grade,5189.75,5000,90.0,62.68,2.058,49.74,8.47,34.45,1160.7,3105.7,Good,
2024-05-02 04:51:00,B100,DR-Grade,5189.1,5000,90.0,62.08,2.058,50.53,8.54,34.5,1160.4,2988.9,Good,
2024-05-02 04:52:00,B100,DR-Grade,5187.77,5000,90.0,61.05,2.058,51.43,8.37,34.54,1160.3,3040.7,Good,
2024-05-02 04:53:00,B100,DR-Grade,5186.76,5000,90.0,61.76,2.057,52.68,8.33,34.57,1160.0,3029.7,Good,
2024-05-02 04:54:00,B100,DR-Grade,5184.32,5000,90.0,62.69,3.746,51.4,8.3,34.59,1159.7,3059.3,Bad,
2024-05-02 04:55:00,B100,DR-Grade,5183.12,5000,90.0,62.48,2.057,50.74,8.58,34.65,1159.4,3021.1,Good,
2024-05-02 04:56:00,B100,DR-Grade,5180.91,5000,90.0,61.75,2.058,49.96,8.29,34.7,1159.2,2980.9,Good,
2024-05-02 04:57:00,B100,DR-Grade,5179.97,5000,90.0,60.99,2.058,53.11,8.22,34.73,1158.9,2963.0,Good,
2024-05-02 04:58:00,B100,DR-Grade,5179.88,5000,90.0,59.46,2.058,50.74,8.54,34.79,1158.7,3010.4,Good,
2024-05-02 04:59:00,B100,DR-Grade,5178.48,5000,90.0,63.4,2.058,50.78,8.56,34.81,1158.6,3067.7,Good,
2024-05-02 05:00:00,B100,DR-Grade,5177.42,5000,90.0,61.7,2.058,50.47,8.53,34.86,1158.4,3070.1,Good,
2024-05-02 05:01:00,B100,DR-Grade,5176.58,5000,90.0,61.42,2.058,50.09,8.5,34.88,1158.2,3033.1,Good,
2024-05-02 05:02:00,B100,DR-Grade,5176.18,5000,90.0,62.32,2.058,50.55,8.73,34.96,1158.1,3021.3,Good,
2024-05-02 05:03:00,B100,DR-Grade,5175.36,5000,90.0,61.89,2.058,50.67,8.42,35.01,1157.9,3090.0,Good,
2024-05-02 05:04:00,B100,DR-Grade,5174.86,5000,90.0,62.28,2.058,49.64,8.82,35.06,1157.8,3029.4,Good,
2024-05-02 05:05:00,B100,DR-Grade,5173.09,5000,90.0,62.18,2.058,52.04,8.22,35.08,1157.5,2963.1,Good,
2024-05-02 05:06:00,B100,DR-Grade,5171.64,5000,90.0,62.72,2.058,51.4,8.48,35.11,1157.3,3045.3,Good,
2024-05-02 05:07:00,B100,DR-Grade,5169.2,5000,90.0,59.11,2.058,51.72,8.49,35.17,1157.0,3023.7,Good,
2024-05-02 05:08:00,B100,DR-Grade,5169.37,5000,90.0,61.65,2.058,49.62,8.7,35.19,1156.8,3010.8,Good,
2024-05-02 05:09:00,B100,DR-Grade,5167.12,5000,90.0,63.28,2.058,53.02,8.06,35.22,1156.7,3027.2,Good,
2024-05-02 05:10:00,B100,DR-Grade,5166.36,5000,90.0,62.26,2.059,52.14,8.73,35.24,1156.5,2987.5,Good,
2024-05-02 05:11:00,B100,DR-Grade,5165.05,5000,90.0,63.12,2.059,53.61,8.94,35.24,1156.3,3047.5,Good,
2024-05-02 05:12:00,B100,DR-Grade,5163.71,5000,90.0,61.47,2.059,51.54,8.42,35.28,1156.1,3025.8,Good,
2024-05-02 05:13:00,B100,DR-Grade,5161.45,5000,90.0,59.95,2.059,52.66,8.77,35.33,1155.9,2970.4,Good,
2024-05-02 05:14:00,B100,DR-Grade,5159.98,5000,90.0,61.58,2.059,50.74,8.82,35.41,1155.7,3036.2,Good,
2024-05-02 05:15:00,B100,DR-Grade,5158.61,5000,90.0,62.13,2.059,51.5,9.17,35.45,1155.5,3022.1,Good,
2024-05-02 05:16:00,B100,DR-Grade,5157.45,5000,90.0,63.36,2.059,49.88,8.38,35.48,1155.3,3033.8,Good,
2024-05-02 05:17:00,B100,DR-Grade,5155.76,5000,90.0,61.01,2.059,52.07,8.8,35.55,1154.9,3042.3,Good,
2024-05-02 05:18:00,B100,DR-Grade,5154.48,5000,90.0,62.1,2.059,50.7,8.69,35.58,1154.7,2939.4,Good,
2024-05-02 05:19:00,B100,DR-Grade,5152.34,5000,90.0,61.15,2.06,52.96,8.11,35.61,1154.5,3000.6,Good,
2024-05-02 05:20:00,B100,DR-Grade,5151.74,5000,90.0,63.11,2.059,52.23,8.36,35.61,1154.4,2995.7,Good,
2024-05-02 05:21:00,B100,DR-Grade,5149.81,5000,90.0,63.63,2.06,51.89,8.38,35.58,1154.3,2916.3,Good,
2024-05-02 05:22:00,B100,DR-Grade,5150.9,5000,90.0,62.15,2.06,52.78,8.19,35.65,1154.0,2957.6,Good,
2024-05-02 05:23:00,B100,DR-Grade,5149.2,5000,90.0,62.04,2.06,53.86,8.49,35.64,1153.9,3012.6,Good,
2024-05-02 05:24:00,B100,DR-Grade,5147.27,5000,90.0,61.41,2.06,52.04,8.56,35.7,1153.6,3075.1,Good,
2024-05-02 05:25:00,B100,DR-Grade,5145.92,5000,90.0,61.26,2.06,54.39,8.58,35.79,1153.4,2988.8,Good,
2024-05-02 05:26:00,B100,DR-Grade,5144.34,5000,90.0,62.73,2.06,52.67,8.77,35.83,1153.3,2961.8,Good,
2024-05-02 05:27:00,B100,DR-Grade,5143.63,5000,90.0,64.54,2.06,51.98,8.5,35.86,1153.1,2935.8,Good,
2024-05-02 05:28:00,B100,DR-Grade,5143.02,5000,90.0,61.93,2.06,52.98,8.29,35.91,1153.1,2988.3,Good,
2024-05-02 05:29:00,B100,DR-Grade,5141.09,5000,90.0,62.22,2.06,52.01,8.36,35.9,1152.8,2975.9,Good,
2024-05-02 05:30:00,B100,DR-Grade,5139.13,5000,90.0,62.63,2.061,55.33,8.3,35.98,1152.7,3031.0,Good,
2024-05-02 05:31:00,B100,DR-Grade,5137.11,5000,90.0,61.05,2.061,53.78,8.0,36.02,1152.6,2977.6,Good,
2024-05-02 05:32:00,B100,DR-Grade,5135.95,5000,90.0,60.86,2.061,55.38,8.65,36.1,1152.8,2956.7,Good,
2024-05-02 05:33:00,B100,DR-Grade,5135.16,5000,90.0,60.89,2.06,53.34,8.74,36.1,1152.5,2927.1,Good,
2024-05-02 05:34:00,B100,DR-Grade,5134.14,5000,90.0,62.01,2.06,53.16,8.43,36.13,1152.4,2962.6,Good,
2024-05-02 05:35:00,B100,DR-Grade,5132.54,5000,90.0,62.77,2.061,52.59,8.25,36.16,1152.1,3018.2,Good,
2024-05-02 05:36:00,B100,DR-Grade,5131.07,5000,90.0,61.92,2.061,52.69,8.65,36.24,1152.1,2923.7,Good,
2024-05-02 05:37:00,B100,DR-Grade,5130.05,5000,90.0,61.26,2.061,53.55,8.55,36.27,1152.0,3005.8,Good,
2024-05-02 05:38:00,B100,DR-Grade,5129.43,5000,90.0,64.64,2.061,54.4,8.25,36.31,1152.1,2996.8,Good,
2024-05-02 05:39:00,B100,DR-Grade,5127.91,5000,90.0,60.76,2.062,56.54,8.72,36.33,1151.9,2966.1,Good,
2024-05-02 05:40:00,B100,DR-Grade,5127.24,5000,90.0,64.21,2.062,54.42,8.54,36.35,1151.9,2906.5,Good,
2024-05-02 05:41:00,B100,DR-Grade,5125.5,5000,90.0,63.24,2.062,53.39,8.43,36.36,1151.9,3002.8,Good,
2024-05-02 05:42:00,B100,DR-Grade,5124.13,5000,90.0,61.8,2.062,52.4,8.62,36.35,1151.8,2989.5,Good,
2024-05-02 05:43:00,B100,DR-Grade,5123.42,5000,90.0,63.52,2.061,54.43,8.32,36.41,1151.7,2982.2,Good,
2024-05-02 05:44:00,B100,DR-Grade,5121.3,5000,90.0,64.23,2.061,53.75,8.63,36.45,1151.7,2935.4,Good,
2024-05-02 05:45:00,B100,DR-Grade,5118.58,5000,90.0,60.01,2.061,50.88,8.48,36.52,1151.6,2977.4,Good,
2024-05-02 05:46:00,B100,DR-Grade,5116.28,5000,90.0,59.83,2.061,51.45,9.05,36.57,1151.6,2962.1,Good,
2024-05-02 05:47:00,B100,DR-Grade,5114.66,5000,90.0,63.08,2.061,56.12,8.62,36.6,1151.5,2977.7,Good,
2024-05-02 05:48:00,B100,DR-Grade,5112.41,5000,90.0,61.31,2.061,55.02,8.98,36.61,1151.5,3011.3,Good,
2024-05-02 05:49:00,B100,DR-Grade,5110.8,5000,90.0,61.17,2.061,55.34,8.39,36.66,1151.4,2954.4,Good,
2024-05-02 05:50:00,B100,DR-Grade,5110.25,5000,90.0,63.69,2.061,55.35,8.72,36.73,1151.4,2975.6,Good,
2024-05-02 05:51:00,B100,DR-Grade,5108.47,5000,90.0,62.02,2.061,53.64,9.05,36.8,1151.4,2971.3,Good,
2024-05-02 05:52:00,B100,DR-Grade,5107.87,5000,90.0,63.72,2.061,54.03,8.72,36.85,1151.1,2953.7,Good,
2024-05-02 05:53:00,B100,DR-Grade,5106.96,5000,90.0,63.55,2.061,55.89,8.69,36.84,1151.1,2874.6,Good,
2024-05-02 05:54:00,B100,DR-Grade,5104.68,5000,90.0,65.28,2.062,53.76,8.7,36.93,1151.2,2995.5,Good,
2024-05-02 05:55:00,B100,DR-Grade,5103.83,5000,90.0,62.18,2.062,55.85,8.61,37.02,1151.1,2996.7,Good,
2024-05-02 05:56:00,B100,DR-Grade,5102.91,5000,90.0,61.77,2.062,55.65,8.58,37.07,1150.9,2975.6,Good,
2024-05-02 05:57:00,B100,DR-Grade,5102.06,5000,90.0,61.43,2.062,54.72,8.73,37.08,1150.8,3064.4,Good,
2024-05-02 05:58:00,B100,DR-Grade,5100.68,5000,90.0,64.13,2.062,54.06,8.89,37.16,1150.8,3033.4,Good,
2024-05-02 05:59:00,B100,DR-Grade,5099.33,5000,90.0,61.57,2.062,55.71,8.92,37.23,1150.9,2959.6,Good,
2024-05-02 06:00:00,B100,DR-Grade,5097.41,5000,90.0,60.34,2.062,55.89,9.19,37.26,1150.7,2914.6,Good,
2024-05-02 06:01:00,B100,DR-Grade,5095.26,5000,90.0,63.34,2.062,52.46,8.65,37.31,1150.8,2983.0,Good,
2024-05-02 06:02:00,B100,DR-Grade,5093.7,5000,90.0,63.14,2.062,56.43,9.03,37.39,1150.8,2962.0,Good,
2024-05-02 06:03:00,B100,DR-Grade,5092.67,5000,90.0,63.86,2.062,54.98,8.75,37.39,1150.6,2925.8,Good,
2024-05-02 06:04:00,B100,DR-Grade,5090.72,5000,90.0,60.8,2.062,57.76,8.76,37.44,1150.6,2988.6,Good,
2024-05-02 06:05:00,B100,DR-Grade,5090.34,5000,90.0,61.75,2.062,52.24,8.41,37.51,1150.5,2963.7,Good,
2024-05-02 06:06:00,B100,DR-Grade,5088.51,5000,90.0,65.09,2.062,55.19,8.99,37.53,1150.5,3086.8,Good,
2024-05-02 06:07:00,B100,DR-Grade,5087.22,5000,90.0,61.67,2.061,55.24,8.47,37.54,1150.6,2944.7,Good,
2024-05-02 06:08:00,B100,DR-Grade,5084.76,5000,90.0,62.01,2.06,58.21,9.07,37.63,1150.6,3105.7,Good,
2024-05-02 06:09:00,B100,DR-Grade,5084.34,5000,90.0,62.31,2.06,54.25,8.74,37.69,1150.5,3013.8,Good,
2024-05-02 06:10:00,B100,DR-Grade,5083.34,5000,90.0,61.8,2.061,53.67,8.47,37.74,1150.5,2892.9,Good,
2024-05-02 06:11:00,B100,DR-Grade,5082.75,5000,90.0,64.69,2.061,55.09,8.93,37.78,1150.5,2952.1,Good,
2024-05-02 06:12:00,B100,DR-Grade,5080.41,5000,90.0,61.03,2.061,57.23,8.68,37.81,1150.4,3014.2,Good,
2024-05-02 06:13:00,B100,DR-Grade,5079.92,5000,90.0,63.11,2.061,56.67,8.41,37.79,1150.5,2944.5,Good,
2024-05-02 06:14:00,B100,DR-Grade,5078.77,5000,90.0,63.42,2.06,58.75,8.92,37.86,1150.6,3035.0,Good,
2024-05-02 06:15:00,B100,DR-Grade,5076.85,5000,90.0,62.83,2.06,54.34,8.62,37.9,1150.7,3016.6,Good,
2024-05-02 06:16:00,B100,DR-Grade,5075.09,5000,90.0,61.2,2.06,55.48,9.08,37.92,1150.8,3004.0,Good,
2024-05-02 06:17:00,B100,DR-Grade,5072.56,5000,90.0,61.31,2.06,59.03,8.93,37.96,1151.1,2941.1,Good,
2024-05-02 06:18:00,B100,DR-Grade,5070.97,5000,90.0,60.67,2.06,58.94,9.4,37.94,1151.3,2936.4,Good,
2024-05-02 06:19:00,B100,DR-Grade,5070.12,5000,90.0,61.32,2.06,54.98,8.74,37.99,1151.3,2939.0,Good,
2024-05-02 06:20:00,B100,DR-Grade,5068.06,5000,90.0,62.13,2.06,56.38,9.02,38.03,1151.4,2967.9,Good,
2024-05-02 06:21:00,B100,DR-Grade,5066.86,5000,90.0,60.55,2.06,54.66,8.79,38.07,1151.6,2983.4,Good,
2024-05-02 06:22:00,B100,DR-Grade,5064.55,5000,90.0,63.07,2.06,57.13,8.7,38.09,1151.6,2997.5,Good,
2024-05-02 06:23:00,B100,DR-Grade,5061.23,5000,90.0,61.6,2.06,55.29,8.36,38.18,1151.7,2995.0,Good,
2024-05-02 06:24:00,B100,DR-Grade,5059.65,5000,90.0,62.05,2.06,56.28,8.79,38.25,1151.7,2939.3,Good,
2024-05-02 06:25:00,B100,DR-Grade,5059.22,5000,90.0,63.38,2.06,57.49,9.12,38.32,1151.8,3017.5,Good,
2024-05-02 06:26:00,B100,DR-Grade,5058.6,5000,90.0,62.85,2.06,57.25,8.99,38.33,1151.9,3010.4,Good,
2024-05-02 06:27:00,B100,DR-Grade,5056.68,5000,90.0,61.58,2.06,56.26,8.79,38.39,1152.0,2922.5,Good,
2024-05-02 06:28:00,B100,DR-Grade,5056.1,5000,90.0,63.17,2.06,54.82,8.88,38.43,1151.9,3004.4,Good,
2024-05-02 06:29:00,B100,DR-Grade,5055.38,5000,90.0,59.46,2.06,55.46,8.84,38.47,1152.0,3036.2,Good,
2024-05-02 06:30:00,B100,DR-Grade,5054.18,5000,90.0,60.64,2.06,57.26,8.75,38.55,1152.1,3024.5,Good,
2024-05-02 06:31:00,B100,DR-Grade,5052.48,5000,90.0,62.46,2.06,56.8,8.87,38.61,1152.1,2927.6,Good,
2024-05-02 06:32:00,B100,DR-Grade,5051.72,5000,90.0,62.92,2.06,57.64,9.05,38.63,1152.3,2949.3,Good,
2024-05-02 06:33:00,B100,DR-Grade,5050.2,5000,90.0,62.22,2.06,55.48,8.95,38.67,1152.4,2857.9,Good,
2024-05-02 06:34:00,B100,DR-Grade,5048.48,5000,90.0,60.87,2.06,57.66,8.96,38.69,1152.6,3003.0,Good,
2024-05-02 06:35:00,B100,DR-Grade,5047.76,5000,90.0,60.1,2.059,58.5,8.54,38.79,1152.8,2966.0,Good,
2024-05-02 06:36:00,B100,DR-Grade,5045.83,5000,90.0,61.63,2.06,59.54,8.53,38.82,1152.9,2978.6,Good,
2024-05-02 06:37:00,B100,DR-Grade,5044.86,5000,90.0,60.42,2.06,57.93,8.54,38.87,1153.0,3031.5,Good,
2024-05-02 06:38:00,B100,DR-Grade,5044.45,5000,90.0,62.84,2.06,56.01,8.56,38.87,1153.1,2960.4,Good,
2024-05-02 06:39:00,B100,DR-Grade,5042.54,5000,90.0,62.18,2.06,58.95,8.56,38.89,1153.3,2863.3,Good,
2024-05-02 06:40:00,B100,DR-Grade,5041.22,5000,90.0,61.42,2.061,57.15,8.64,38.96,1153.5,2981.8,Good,
2024-05-02 06:41:00,B100,DR-Grade,5040.16,5000,90.0,63.61,2.061,55.91,9.15,39.02,1153.4,2978.3,Good,
2024-05-02 06:42:00,B100,DR-Grade,5037.5,5000,90.0,62.52,2.061,58.28,8.85,38.97,1153.7,3013.4,Good,
2024-05-02 06:43:00,B100,DR-Grade,5035.72,5000,90.0,61.27,2.06,56.95,9.28,38.96,1153.7,3017.3,Good,
2024-05-02 06:44:00,B100,DR-Grade,5033.91,5000,90.0,60.27,2.06,57.87,9.04,38.92,1153.9,3073.4,Good,
2024-05-02 06:45:00,B100,DR-Grade,5032.1,5000,90.0,62.79,2.06,55.65,8.83,38.93,1154.0,2978.0,Good,
2024-05-02 06:46:00,B100,DR-Grade,5030.08,5000,90.0,61.84,2.06,61.19,9.37,39.0,1154.2,2981.2,Good,
2024-05-02 06:47:00,B100,DR-Grade,5029.55,5000,90.0,59.27,2.06,60.46,9.02,39.05,1154.3,2997.5,Good,
2024-05-02 06:48:00,B100,DR-Grade,5027.5,5000,90.0,62.92,2.06,61.51,9.16,39.11,1154.4,2984.4,Good,
2024-05-02 06:49:00,B100,DR-Grade,5026.01,5000,90.0,64.26,2.059,57.48,8.84,39.1,1154.5,2944.7,Good,
2024-05-02 06:50:00,B100,DR-Grade,5025.02,5000,90.0,61.61,2.059,59.14,9.0,39.14,1154.8,3021.7,Good,
2024-05-02 06:51:00,B100,DR-Grade,5024.7,5000,90.0,61.32,2.06,55.96,8.68,39.19,1154.9,2985.1,Good,
2024-05-02 06:52:00,B100,DR-Grade,5022.18,5000,90.0,60.96,2.06,59.07,9.0,39.25,1155.2,2983.5,Good,
2024-05-02 06:53:00,B100,DR-Grade,5019.88,5000,90.0,61.73,2.06,56.33,8.6,39.24,1155.4,3003.0,Good,
2024-05-02 06:54:00,B100,DR-Grade,5017.75,5000,90.0,62.67,2.06,58.95,9.1,39.28,1155.5,2969.1,Good,
2024-05-02 06:55:00,B100,DR-Grade,5016.16,5000,90.0,62.22,2.059,59.54,9.11,39.33,1155.8,3043.2,Good,
2024-05-02 06:56:00,B100,DR-Grade,5015.42,5000,90.0,61.77,2.059,57.28,8.78,39.4,1156.0,2981.7,Good,
2024-05-02 06:57:00,B100,DR-Grade,5013.95,5000,90.0,62.59,2.058,58.13,8.4,39.42,1156.2,2951.4,Good,
2024-05-02 06:58:00,B100,DR-Grade,5012.69,5000,90.0,59.37,2.058,55.45,8.83,39.45,1156.5,2958.6,Good,
2024-05-02 06:59:00,B100,DR-Grade,5012.39,5000,90.0,63.71,2.058,56.46,8.96,39.5,1156.8,2967.9,Good,
2024-05-02 07:00:00,B100,DR-Grade,5010.81,5000,90.0,61.26,2.058,58.65,9.07,39.52,1157.1,2998.1,Good,
2024-05-02 07:01:00,B100,DR-Grade,5009.59,5000,90.0,61.76,2.058,56.57,8.88,39.53,1157.2,3009.2,Good,
2024-05-02 07:02:00,B100,DR-Grade,5009.62,5000,90.0,62.71,2.058,59.2,9.26,39.55,1157.6,3084.0,Good,
2024-05-02 07:03:00,B100,DR-Grade,5008.83,5000,90.0,62.5,2.057,56.99,9.12,39.63,1157.8,2944.8,Good,
2024-05-02 07:04:00,B100,DR-Grade,5007.09,5000,90.0,61.9,2.057,56.1,8.97,39.68,1158.0,2964.1,Good,
2024-05-02 07:05:00,B100,DR-Grade,5005.33,5000,90.0,62.72,2.056,57.9,9.09,39.75,1158.4,3058.4,Good,
2024-05-02 07:06:00,B100,DR-Grade,5004.8,5000,90.0,62.06,2.056,58.16,9.44,39.78,1158.7,3094.8,Good,
2024-05-02 07:07:00,B100,DR-Grade,5002.71,5000,90.0,59.79,2.057,60.38,8.85,39.86,1159.0,3048.9,Good,
2024-05-02 07:08:00,B100,DR-Grade,5000.81,5000,90.0,60.59,2.056,60.43,8.62,39.89,1159.2,3008.1,Good,
2024-05-02 07:09:00,B100,DR-Grade,5000.08,5000,90.0,61.63,2.056,58.26,9.09,39.91,1159.6,3008.3,Good,
2024-05-02 07:10:00,B100,DR-Grade,4999.74,5000,90.0,61.77,2.056,56.67,9.49,39.95,1159.9,3054.1,Good,
2024-05-02 07:11:00,B100,DR-Grade,4999.64,5000,90.0,62.96,2.057,58.2,8.91,40.0,1160.0,3015.5,Good,
2024-05-02 07:12:00,B100,DR-Grade,4997.7,5000,90.0,62.32,2.057,60.44,9.14,40.01,1160.2,3021.5,Good,
2024-05-02 07:13:00,B100,DR-Grade,4996.82,5000,90.0,62.9,2.057,60.5,9.21,40.05,1160.2,3073.9,Good,
2024-05-02 07:14:00,B100,DR-Grade,4993.28,5000,90.0,60.97,2.057,58.37,8.94,40.12,1160.5,3087.2,Good,
2024-05-02 07:15:00,B100,DR-Grade,4991.47,5000,90.0,60.47,2.057,55.57,8.87,40.19,1160.8,3014.6,Good,
2024-05-02 07:16:00,B100,DR-Grade,4992.28,5000,90.0,62.06,2.057,59.64,9.27,40.25,1161.1,3015.5,Good,
2024-05-02 07:17:00,B100,DR-Grade,4992.16,5000,90.0,63.1,2.057,59.31,8.72,40.31,1161.5,3083.1,Good,
2024-05-02 07:18:00,B100,DR-Grade,4991.46,5000,90.0,59.59,2.057,58.99,8.87,40.39,1161.9,2955.0,Good,
2024-05-02 07:19:00,B100,DR-Grade,4989.64,5000,90.0,61.98,2.057,57.03,8.88,40.42,1162.3,3073.4,Good,
2024-05-02 07:20:00,B100,DR-Grade,4987.6,5000,90.0,62.65,2.058,58.69,9.07,40.44,1162.4,3041.5,Good,
2024-05-02 07:21:00,B100,DR-Grade,4987.2,5000,90.0,62.4,2.057,57.39,9.13,40.49,1162.7,3083.5,Good,
2024-05-02 07:22:00,B100,DR-Grade,4985.94,5000,90.0,62.56,2.058,56.03,8.89,40.54,1163.0,3097.5,Good,
2024-05-02 07:23:00,B100,DR-Grade,4984.24,5000,90.0,62.68,2.058,57.77,9.41,40.58,1163.4,3119.7,Good,
2024-05-02 07:24:00,B100,DR-Grade,4983.61,5000,90.0,58.14,2.058,56.94,9.08,40.61,1163.7,3103.4,Good,
2024-05-02 07:25:00,B100,DR-Grade,4982.97,5000,90.0,62.33,2.057,58.0,8.93,40.64,1163.9,3035.3,Good,
2024-05-02 07:26:00,B100,DR-Grade,4981.37,5000,90.0,61.28,2.057,61.16,8.75,40.7,1164.2,3077.6,Good,
2024-05-02 07:27:00,B100,DR-Grade,4979.97,5000,90.0,60.39,2.057,62.59,9.35,40.75,1164.5,3077.6,Good,
2024-05-02 07:28:00,B100,DR-Grade,4980.41,5000,90.0,63.3,2.058,60.24,8.92,40.75,1164.8,3013.3,Good,
2024-05-02 07:29:00,B100,DR-Grade,4978.65,5000,90.0,59.17,2.058,57.14,9.29,40.78,1164.9,3071.0,Good,
2024-05-02 07:30:00,B100,DR-Grade,4978.28,5000,90.0,60.91,2.057,59.62,9.22,40.83,1165.2,3196.7,Good,
2024-05-02 07:31:00,B100,DR-Grade,4976.74,5000,90.0,60.93,2.057,58.03,9.08,40.84,1165.5,3041.5,Good,
2024-05-02 07:32:00,B100,DR-Grade,4975.1,5000,90.0,61.87,2.057,59.43,8.82,40.87,1165.9,3121.4,Good,
2024-05-02 07:33:00,B100,DR-Grade,4973.34,5000,90.0,64.5,2.057,60.17,9.23,40.9,1166.1,3093.7,Good,
2024-05-02 07:34:00,B100,DR-Grade,4972.23,5000,90.0,59.65,2.057,59.07,9.04,40.89,1166.5,3083.8,Good,
2024-05-02 07:35:00,B100,DR-Grade,4971.19,5000,90.0,60.26,2.057,61.56,8.95,40.96,1167.0,3098.2,Good,
2024-05-02 07:36:00,B100,DR-Grade,4970.69,5000,90.0,64.13,2.057,62.14,9.09,41.03,1167.2,3140.1,Good,
2024-05-02 07:37:00,B100,DR-Grade,4969.18,5000,90.0,59.82,2.056,59.77,9.17,41.07,1167.4,3119.4,Good,
2024-05-02 07:38:00,B100,DR-Grade,4968.47,5000,90.0,60.7,2.056,60.59,8.69,41.09,1167.7,3098.5,Good,
2024-05-02 07:39:00,B100,DR-Grade,4967.11,5000,90.0,59.41,2.056,58.62,8.94,41.15,1168.0,3090.1,Good,
2024-05-02 07:40:00,B100,DR-Grade,4965.64,5000,90.0,62.53,2.056,58.1,9.13,41.2,1168.3,3089.1,Good,
2024-05-02 07:41:00,B100,DR-Grade,4965.11,5000,90.0,60.67,2.056,57.71,8.74,41.24,1168.6,3113.5,Good,
2024-05-02 07:42:00,B100,DR-Grade,4964.47,5000,90.0,61.9,2.055,58.88,9.05,41.27,1169.0,3125.1,Good,
2024-05-02 07:43:00,B100,DR-Grade,4962.49,5000,90.0,60.47,2.055,60.7,8.94,41.31,1169.3,3117.4,Good,
2024-05-02 07:44:00,B100,DR-Grade,4961.67,5000,90.0,60.18,2.055,56.52,9.0,41.39,1169.5,3181.6,Good,
2024-05-02 07:45:00,B100,DR-Grade,4959.49,5000,90.0,61.17,2.055,58.48,8.69,41.44,1169.8,3112.4,Good,
2024-05-02 07:46:00,B100,DR-Grade,4957.84,5000,90.0,63.23,2.055,58.33,9.14,41.43,1170.2,3132.4,Good,
2024-05-02 07:47:00,B100,DR-Grade,4958.05,5000,90.0,60.2,2.056,58.14,9.42,41.44,1170.7,3169.0,Good,
2024-05-02 07:48:00,B100,DR-Grade,4958.06,5000,90.0,62.64,2.055,61.14,8.95,41.47,1171.2,3134.5,Good,
2024-05-02 07:49:00,B100,DR-Grade,4957.04,5000,90.0,62.91,2.056,59.35,9.17,41.51,1171.5,3064.0,Good,
2024-05-02 07:50:00,B100,DR-Grade,4956.57,5000,90.0,61.43,2.055,57.43,9.55,41.54,1171.8,3112.3,Good,
2024-05-02 07:51:00,B100,DR-Grade,4956.57,5000,90.0,62.93,2.055,59.56,9.37,41.54,1172.0,3168.6,Good,
2024-05-02 07:52:00,B100,DR-Grade,4956.9,5000,90.0,62.34,2.055,58.91,9.83,41.59,1172.2,3215.7,Good,
2024-05-02 07:53:00,B100,DR-Grade,4957.23,5000,90.0,61.81,2.054,58.79,8.94,41.59,1172.7,3098.2,Good,
2024-05-02 07:54:00,B100,DR-Grade,4955.86,5000,90.0,62.62,2.055,59.46,9.02,41.59,1173.0,3161.3,Good,
2024-05-02 07:55:00,B100,DR-Grade,4954.99,5000,90.0,61.69,2.055,57.4,8.9,41.64,1173.2,3177.7,Good,
2024-05-02 07:56:00,B100,DR-Grade,4954.25,5000,90.0,61.78,2.055,60.31,8.93,41.65,1173.5,3160.9,Good,
2024-05-02 07:57:00,B100,DR-Grade,4951.77,5000,90.0,62.18,2.055,57.62,9.19,41.73,1173.7,3176.1,Good,
2024-05-02 07:58:00,B100,DR-Grade,4950.45,5000,90.0,60.37,2.055,59.21,9.36,41.78,1174.0,3165.1,Good,
2024-05-02 07:59:00,B100,DR-Grade,4949.93,5000,90.0,62.08,2.054,61.2,8.92,41.76,1174.2,3108.0,Good,
2024-05-02 08:00:00,B100,DR-Grade,4949.0,5000,90.0,62.0,2.055,58.94,9.22,41.78,1174.6,3163.1,Good,B_2024-05-02
2024-05-02 08:01:00,B100,DR-Grade,4947.81,5000,90.0,61.95,2.055,58.18,9.5,41.81,1174.9,3178.5,Good,B_2024-05-02
2024-05-02 08:02:00,B100,DR-Grade,4946.24,5000,90.0,62.08,2.055,58.81,9.05,41.85,1175.1,3156.9,Good,B_2024-05-02
2024-05-02 08:03:00,B100,DR-Grade,4945.1,5000,90.0,60.13,2.055,57.29,9.32,41.88,1175.4,3192.2,Good,B_2024-05-02
2024-05-02 08:04:00,B100,DR-Grade,4944.34,5000,90.0,60.33,2.056,54.78,9.34,41.91,1175.7,3112.8,Good,B_2024-05-02
2024-05-02 08:05:00,B100,DR-Grade,4943.39,5000,90.0,61.62,2.056,59.01,9.3,41.95,1176.1,3088.1,Good,B_2024-05-02
2024-05-02 08:06:00,B100,DR-Grade,4943.45,5000,90.0,59.45,2.055,56.33,9.29,41.98,1176.3,3132.9,Good,B_2024-05-02
2024-05-02 08:07:00,B100,DR-Grade,4943.3,5000,90.0,59.57,2.055,58.33,8.97,42.02,1176.7,3198.4,Good,B_2024-05-02
2024-05-02 08:08:00,B100,DR-Grade,4941.72,5000,90.0,62.23,2.055,56.04,8.97,42.08,1177.1,3189.9,Good,B_2024-05-02
2024-05-02 08:09:00,B100,DR-Grade,4941.68,5000,90.0,59.82,2.056,58.26,9.19,42.12,1177.5,3160.5,Good,B_2024-05-02
2024-05-02 08:10:00,B100,DR-Grade,4941.03,5000,90.0,61.68,2.056,59.39,8.77,42.13,1177.9,3152.4,Good,B_2024-05-02
2024-05-02 08:11:00,B100,DR-Grade,4940.89,5000,90.0,60.59,2.056,54.5,9.42,42.2,1178.2,3215.2,Good,B_2024-05-02
2024-05-02 08:12:00,B100,DR-Grade,4939.79,5000,90.0,61.27,2.056,58.61,9.46,42.26,1178.6,3135.5,Good,B_2024-05-02
2024-05-02 08:13:00,B100,DR-Grade,4939.77,5000,90.0,61.55,2.056,58.59,9.36,42.28,1179.0,3208.0,Good,B_2024-05-02
2024-05-02 08:14:00,B100,DR-Grade,4938.66,5000,90.0,61.15,2.056,60.75,9.33,42.28,1179.2,3214.3,Good,B_2024-05-02
2024-05-02 08:15:00,B100,DR-Grade,4938.75,5000,90.0,61.8,2.055,55.38,9.17,42.3,1179.5,3211.2,Good,B_2024-05-02
2024-05-02 08:16:00,B100,DR-Grade,4938.13,5000,90.0,62.15,2.055,59.69,9.2,42.32,1179.8,3218.4,Good,B_2024-05-02
2024-05-02 08:17:00,B100,DR-Grade,4937.37,5000,90.0,59.75,2.054,58.06,9.12,42.35,1180.1,3228.4,Good,B_2024-05-02
2024-05-02 08:18:00,B100,DR-Grade,4935.91,5000,90.0,60.89,2.054,56.18,9.05,42.4,1180.4,3159.8,Good,B_2024-05-02
2024-05-02 08:19:00,B100,DR-Grade,4934.25,5000,90.0,60.28,2.054,59.51,8.77,42.41,1180.8,3240.0,Good,B_2024-05-02
2024-05-02 08:20:00,B100,DR-Grade,4934.29,5000,90.0,61.51,2.055,56.1,9.61,42.45,1181.0,3257.6,Good,B_2024-05-02
2024-05-02 08:21:00,B100,DR-Grade,4933.0,5000,90.0,61.19,2.055,59.49,8.75,42.5,1181.5,3241.7,Good,B_2024-05-02
2024-05-02 08:22:00,B100,DR-Grade,4931.68,5000,90.0,62.63,2.055,58.87,9.4,42.54,1181.9,3262.8,Good,B_2024-05-02
2024-05-02 08:23:00,B100,DR-Grade,4931.45,5000,90.0,62.08,2.055,58.67,9.23,42.58,1182.2,3215.9,Good,B_2024-05-02
2024-05-02 08:24:00,B100,DR-Grade,4930.97,5000,90.0,62.6,2.056,59.53,9.33,42.64,1182.3,3217.4,Good,B_2024-05-02
2024-05-02 08:25:00,B100,DR-Grade,4930.88,5000,90.0,61.23,2.055,59.9,8.76,42.69,1182.6,3234.7,Good,B_2024-05-02
2024-05-02 08:26:00,B100,DR-Grade,4929.53,5000,90.0,60.7,2.055,55.44,9.25,42.76,1182.8,3254.8,Good,B_2024-05-02
2024-05-02 08:27:00,B100,DR-Grade,4927.63,5000,90.0,61.5,2.055,58.89,9.4,42.79,1183.1,3211.5,Good,B_2024-05-02
2024-05-02 08:28:00,B100,DR-Grade,4926.57,5000,90.0,59.85,2.055,58.72,9.26,42.8,1183.5,3227.7,Good,B_2024-05-02
2024-05-02 08:29:00,B100,DR-Grade,4926.82,5000,90.0,63.44,2.056,54.69,9.04,42.84,1183.8,3205.5,Good,B_2024-05-02
2024-05-02 08:30:00,B100,DR-Grade,4926.39,5000,90.0,60.84,2.056,55.01,9.17,42.88,1184.2,3178.6,Good,B_2024-05-02
2024-05-02 08:31:00,B100,DR-Grade,4926.28,5000,90.0,63.07,2.056,54.78,9.41,42.94,1184.2,3199.2,Good,B_2024-05-02
2024-05-02 08:32:00,B100,DR-Grade,4926.25,5000,90.0,59.77,2.056,56.95,9.55,42.93,1184.5,3244.1,Good,B_2024-05-02
2024-05-02 08:33:00,B100,DR-Grade,4925.98,5000,90.0,64.24,2.055,56.74,9.46,43.0,1184.6,3218.0,Good,B_2024-05-02
2024-05-02 08:34:00,B100,DR-Grade,4925.74,5000,90.0,61.37,2.055,59.21,9.18,43.03,1184.9,3204.0,Good,B_2024-05-02
2024-05-02 08:35:00,B100,DR-Grade,4925.25,5000,90.0,63.2,2.055,58.03,9.36,43.02,1185.0,3227.2,Good,B_2024-05-02
2024-05-02 08:36:00,B100,DR-Grade,4925.06,5000,90.0,59.34,2.055,56.89,8.69,43.03,1185.3,3209.6,Good,B_2024-05-02
2024-05-02 08:37:00,B100,DR-Grade,4924.96,5000,90.0,61.91,2.054,58.07,9.4,43.05,1185.6,3215.2,Good,B_2024-05-02
2024-05-02 08:38:00,B100,DR-Grade,4924.21,5000,90.0,62.81,2.054,57.45,9.63,43.06,1185.8,3233.8,Good,B_2024-05-02
2024-05-02 08:39:00,B100,DR-Grade,4924.32,5000,90.0,62.37,2.054,57.8,8.85,43.05,1186.1,3236.2,Good,B_2024-05-02
2024-05-02 08:40:00,B100,DR-Grade,4924.04,5000,90.0,61.12,2.055,55.88,9.19,43.07,1186.4,3223.8,Good,B_2024-05-02
2024-05-02 08:41:00,B100,DR-Grade,4923.72,5000,90.0,59.6,2.054,54.88,8.92,43.07,1186.6,3329.1,Good,B_2024-05-02
2024-05-02 08:42:00,B100,DR-Grade,4923.36,5000,90.0,61.04,2.055,57.93,9.09,43.1,1187.0,3309.1,Good,B_2024-05-02
2024-05-02 08:43:00,B100,DR-Grade,4923.72,5000,90.0,62.03,2.054,55.97,9.29,43.08,1187.3,3299.7,Good,B_2024-05-02
2024-05-02 08:44:00,B100,DR-Grade,4923.39,5000,90.0,60.03,2.054,54.22,9.54,43.05,1187.6,3252.7,Good,B_2024-05-02
2024-05-02 08:45:00,B100,DR-Grade,4923.98,5000,90.0,61.43,2.054,59.62,9.35,43.09,1187.8,3233.1,Good,B_2024-05-02
2024-05-02 08:46:00,B100,DR-Grade,4923.11,5000,90.0,61.41,2.054,56.36,9.33,43.1,1188.1,3232.9,Good,B_2024-05-02
2024-05-02 08:47:00,B100,DR-Grade,4923.31,5000,90.0,61.45,2.053,55.09,9.21,43.12,1188.4,3285.4,Good,B_2024-05-02
2024-05-02 08:48:00,B100,DR-Grade,4922.1,5000,90.0,61.42,2.053,56.25,9.36,43.14,1188.8,3323.3,Good,B_2024-05-02
2024-05-02 08:49:00,B100,DR-Grade,4921.98,5000,90.0,61.51,2.053,56.7,9.3,43.15,1189.0,3258.4,Good,B_2024-05-02
2024-05-02 08:50:00,B100,DR-Grade,4921.5,5000,90.0,62.28,2.053,55.4,8.86,43.12,1189.3,3225.0,Good,B_2024-05-02
2024-05-02 08:51:00,B100,DR-Grade,4921.06,5000,90.0,59.83,2.052,56.71,9.58,43.11,1189.4,3263.7,Good,B_2024-05-02
2024-05-02 08:52:00,B100,DR-Grade,4920.24,5000,90.0,61.64,2.051,56.06,9.23,43.11,1189.6,3274.0,Good,B_2024-05-02
2024-05-02 08:53:00,B100,DR-Grade,4920.12,5000,90.0,61.98,2.051,53.97,8.98,43.1,1189.9,3383.9,Good,B_2024-05-02
2024-05-02 08:54:00,B100,DR-Grade,4920.4,5000,90.0,62.58,2.052,53.34,9.28,43.13,1190.1,3354.4,Good,B_2024-05-02
2024-05-02 08:55:00,B100,DR-Grade,4919.09,5000,90.0,60.71,2.052,56.97,9.29,43.14,1190.3,3330.8,Good,B_2024-05-02
2024-05-02 08:56:00,B100,DR-Grade,4918.94,5000,90.0,62.61,2.051,56.87,9.37,43.15,1190.5,3266.6,Good,B_2024-05-02
2024-05-02 08:57:00,B100,DR-Grade,4919.01,5000,90.0,60.96,2.052,56.36,9.38,43.25,1190.7,3325.6,Good,B_2024-05-02
2024-05-02 08:58:00,B100,DR-Grade,4919.39,5000,90.0,61.12,2.052,56.24,9.37,43.22,1190.9,3349.4,Good,B_2024-05-02
2024-05-02 08:59:00,B100,DR-Grade,4919.6,5000,90.0,60.77,2.052,53.08,8.69,43.23,1191.2,3320.6,Good,B_2024-05-02
2024-05-02 09:00:00,B100,DR-Grade,4918.87,5000,90.0,63.2,2.052,56.45,9.51,43.28,1191.2,3285.7,Good,
2024-05-02 09:01:00,B100,DR-Grade,4919.54,5000,90.0,62.59,2.052,56.47,9.25,43.34,1191.4,3256.5,Good,
2024-05-02 09:02:00,B100,DR-Grade,4918.98,5000,90.0,60.77,2.052,57.68,9.66,43.34,1191.7,3224.3,Good,
2024-05-02 09:03:00,B100,DR-Grade,4919.34,5000,90.0,61.76,2.051,54.78,9.03,43.31,1192.0,3285.1,Good,
2024-05-02 09:04:00,B100,DR-Grade,4919.51,5000,90.0,60.01,2.051,55.86,9.76,43.35,1192.2,3154.9,Good,
2024-05-02 09:05:00,B100,DR-Grade,4919.18,5000,90.0,61.05,2.05,55.1,9.22,43.36,1192.5,3303.0,Good,
2024-05-02 09:06:00,B100,DR-Grade,4918.65,5000,90.0,61.47,2.05,54.72,9.27,43.38,1192.8,3334.1,Good,
2024-05-02 09:07:00,B100,DR-Grade,4918.59,5000,90.0,61.5,2.05,52.99,9.45,43.39,1192.9,3380.5,Good,
2024-05-02 09:08:00,B100,DR-Grade,4919.65,5000,90.0,60.16,2.049,53.91,9.37,43.4,1193.1,3244.1,Good,
2024-05-02 09:09:00,B100,DR-Grade,4920.19,5000,90.0,60.0,2.049,54.36,9.93,43.41,1193.5,3257.3,Good,
2024-05-02 09:10:00,B100,DR-Grade,4919.93,5000,90.0,63.49,2.049,54.5,9.33,43.43,1193.7,3346.1,Good,
2024-05-02 09:11:00,B100,DR-Grade,4920.55,5000,90.0,60.4,2.05,53.76,9.47,43.41,1194.0,3261.0,Good,
2024-05-02 09:12:00,B100,DR-Grade,4921.82,5000,90.0,60.9,2.05,52.17,9.06,43.37,1194.2,3380.5,Good,
2024-05-02 09:13:00,B100,DR-Grade,4923.43,5000,90.0,61.53,2.05,54.17,8.98,43.35,1194.6,3293.4,Good,
2024-05-02 09:14:00,B100,DR-Grade,4922.47,5000,90.0,62.34,2.05,54.19,9.31,43.35,1194.7,3283.7,Good,
2024-05-02 09:15:00,B100,DR-Grade,4923.15,5000,90.0,61.72,2.05,55.03,9.81,43.29,1194.8,3398.0,Good,
2024-05-02 09:16:00,B100,DR-Grade,4923.91,5000,90.0,62.53,2.05,56.1,9.47,43.32,1195.0,3361.4,Good,
2024-05-02 09:17:00,B100,DR-Grade,4923.59,5000,90.0,58.72,2.05,56.72,9.07,43.35,1195.1,3338.5,Good,
2024-05-02 09:18:00,B100,DR-Grade,4922.58,5000,90.0,61.4,2.05,54.14,9.58,43.39,1195.2,3330.0,Good,
2024-05-02 09:19:00,B100,DR-Grade,4923.68,5000,90.0,61.71,2.05,57.05,9.13,43.36,1195.4,3300.4,Good,
2024-05-02 09:20:00,B100,DR-Grade,4923.63,5000,90.0,61.31,2.05,51.48,9.06,43.36,1195.7,3349.7,Good,
2024-05-02 09:21:00,B100,DR-Grade,4922.83,5000,90.0,60.59,2.049,51.61,9.23,43.34,1195.7,3307.0,Good,
2024-05-02 09:22:00,B100,DR-Grade,4922.41,5000,90.0,61.76,2.05,50.98,9.44,43.33,1195.9,3326.4,Good,
2024-05-02 09:23:00,B100,DR-Grade,4923.2,5000,90.0,61.56,2.05,53.78,9.4,43.31,1196.0,3235.2,Good,
2024-05-02 09:24:00,B100,DR-Grade,4924.98,5000,90.0,61.18,2.049,53.66,9.16,43.3,1196.2,3306.9,Good,
2024-05-02 09:25:00,B100,DR-Grade,4925.93,5000,90.0,62.25,2.049,54.06,9.0,43.26,1196.2,3329.8,Good,
2024-05-02 09:26:00,B100,DR-Grade,4925.71,5000,90.0,61.02,2.049,52.91,9.08,43.28,1196.5,3358.1,Good,
2024-05-02 09:27:00,B100,DR-Grade,4926.91,5000,90.0,61.29,2.048,52.16,9.3,43.28,1196.6,3340.3,Good,
2024-05-02 09:28:00,B100,DR-Grade,4926.04,5000,90.0,61.84,2.048,56.09,8.96,43.27,1196.8,3340.5,Good,
2024-05-02 09:29:00,B100,DR-Grade,4927.09,5000,90.0,62.07,2.048,52.9,9.42,43.27,1196.9,3310.9,Good,
2024-05-02 09:30:00,B100,DR-Grade,4928.1,5000,90.0,60.06,2.048,51.15,9.19,43.24,1196.9,3286.2,Good,
2024-05-02 09:31:00,B100,DR-Grade,4929.71,5000,90.0,61.46,2.047,55.15,9.4,43.23,1197.0,3267.6,Good,
2024-05-02 09:32:00,B100,DR-Grade,4930.79,5000,90.0,59.96,2.047,49.37,9.24,43.23,1196.9,3366.6,Good,
2024-05-02 09:33:00,B100,DR-Grade,4932.0,5000,90.0,62.36,2.047,51.15,9.47,43.24,1197.1,3402.5,Good,
2024-05-02 09:34:00,B100,DR-Grade,4932.53,5000,90.0,62.08,2.047,53.28,9.22,43.25,1197.1,3315.7,Good,
2024-05-02 09:35:00,B100,DR-Grade,4932.78,5000,90.0,61.74,2.047,54.37,9.62,43.29,1197.2,3377.5,Good,
2024-05-02 09:36:00,B100,DR-Grade,4933.28,5000,90.0,62.57,2.047,49.6,9.26,43.27,1197.2,3321.0,Good,
2024-05-02 09:37:00,B100,DR-Grade,4935.07,5000,90.0,60.62,2.046,54.24,9.38,43.27,1197.3,3291.9,Good,
2024-05-02 09:38:00,B100,DR-Grade,4935.2,5000,90.0,59.3,2.046,54.74,9.74,43.22,1197.4,3356.4,Good,
2024-05-02 09:39:00,B100,DR-Grade,4935.69,5000,90.0,62.62,2.046,51.76,9.91,43.26,1197.4,3319.3,Good,
2024-05-02 09:40:00,B100,DR-Grade,4935.93,5000,90.0,58.69,2.046,53.99,9.8,43.28,1197.5,3317.6,Good,
2024-05-02 09:41:00,B100,DR-Grade,4936.93,5000,90.0,61.23,2.045,53.26,9.24,43.28,1197.5,3379.9,Good,
2024-05-02 09:42:00,B100,DR-Grade,4937.82,5000,90.0,60.94,2.046,51.12,9.38,43.27,1197.6,3356.5,Good,
2024-05-02 09:43:00,B100,DR-Grade,4939.76,5000,90.0,63.85,2.045,51.52,9.02,43.26,1197.6,3351.7,Good,
2024-05-02 09:44:00,B100,DR-Grade,4941.8,5000,90.0,61.33,2.045,52.8,9.49,43.21,1197.8,3347.8,Good,
2024-05-02 09:45:00,B100,DR-Grade,4943.17,5000,90.0,62.49,2.044,49.08,8.99,43.24,1198.1,3393.8,Good,
2024-05-02 09:46:00,B100,DR-Grade,4944.38,5000,90.0,61.51,2.044,51.12,8.76,43.21,1198.0,3367.5,Good,
2024-05-02 09:47:00,B100,DR-Grade,4944.93,5000,90.0,62.83,2.044,54.05,9.38,43.2,1198.1,3364.7,Good,
2024-05-02 09:48:00,B100,DR-Grade,4944.59,5000,90.0,62.32,2.043,54.38,9.33,43.22,1198.2,3411.2,Good,
2024-05-02 09:49:00,B100,DR-Grade,4945.36,5000,90.0,62.02,2.043,51.97,9.53,43.21,1198.1,3311.3,Good,
2024-05-02 09:50:00,B100,DR-Grade,4946.07,5000,90.0,61.95,2.043,52.16,9.58,43.21,1198.2,3336.0,Good,
2024-05-02 09:51:00,B100,DR-Grade,4946.0,5000,90.0,61.52,2.043,51.04,9.56,43.16,1198.3,3347.8,Good,
2024-05-02 09:52:00,B100,DR-Grade,4946.85,5000,90.0,60.96,2.042,52.93,9.1,43.2,1198.3,3355.6,Good,
2024-05-02 09:53:00,B100,DR-Grade,4948.21,5000,90.0,61.01,2.042,51.66,9.32,43.2,1198.4,3380.5,Good,
2024-05-02 09:54:00,B100,DR-Grade,4948.34,5000,90.0,62.5,2.042,52.92,8.96,43.18,1198.5,3365.1,Good,
2024-05-02 09:55:00,B100,DR-Grade,4949.67,5000,90.0,62.29,2.042,51.97,9.57,43.16,1198.4,3324.4,Good,
2024-05-02 09:56:00,B100,DR-Grade,4950.69,5000,90.0,60.06,2.042,52.04,9.29,43.19,1198.5,3334.2,Good,
2024-05-02 09:57:00,B100,DR-Grade,4951.09,5000,90.0,58.41,2.042,51.59,9.33,43.19,1198.6,3343.0,Good,
2024-05-02 09:58:00,B100,DR-Grade,4951.94,5000,90.0,62.04,2.042,53.4,9.25,43.22,1198.8,3304.1,Good,
2024-05-02 09:59:00,B100,DR-Grade,4953.23,5000,90.0,60.78,2.042,53.85,9.67,43.27,1198.8,3343.8,Good,
2024-05-02 10:00:00,B100,DR-Grade,4953.9,5000,90.0,62.06,2.042,50.15,9.5,43.31,1198.6,3308.1,Good,
2024-05-02 10:01:00,B100,DR-Grade,4954.67,5000,90.0,62.52,2.042,50.72,9.12,43.34,1198.7,3408.4,Good,
2024-05-02 10:02:00,B100,DR-Grade,4956.37,5000,90.0,61.89,2.043,51.86,9.17,43.3,1198.5,3356.5,Good,
2024-05-02 10:03:00,B100,DR-Grade,4957.57,5000,90.0,62.58,2.043,52.46,9.62,43.33,1198.4,3328.0,Good,
2024-05-02 10:04:00,B100,DR-Grade,4958.77,5000,90.0,63.26,2.042,52.54,9.44,43.35,1198.6,3384.5,Good,
2024-05-02 10:05:00,B100,DR-Grade,4959.3,5000,90.0,60.38,2.042,50.38,9.26,43.4,1198.3,3305.0,Good,
2024-05-02 10:06:00,B100,DR-Grade,4960.63,5000,90.0,61.49,2.041,52.66,9.19,43.36,1198.3,3397.1,Good,
2024-05-02 10:07:00,B100,DR-Grade,4962.51,5000,90.0,62.03,2.041,51.32,9.59,43.35,1198.2,3260.2,Good,
2024-05-02 10:08:00,B100,DR-Grade,4962.77,5000,90.0,63.09,2.041,50.13,9.32,43.3,1198.3,3377.8,Good,
2024-05-02 10:09:00,B100,DR-Grade,4962.58,5000,90.0,61.46,2.04,50.9,8.96,43.28,1198.4,3327.7,Good,
2024-05-02 10:10:00,B100,DR-Grade,4962.96,5000,90.0,62.48,2.04,51.92,9.41,43.3,1198.3,3362.4,Good,
2024-05-02 10:11:00,B100,DR-Grade,4963.8,5000,90.0,61.15,2.04,51.48,9.22,43.34,1198.2,3410.1,Good,
2024-05-02 10:12:00,B100,DR-Grade,4964.07,5000,90.0,60.51,2.04,51.65,9.44,43.3,1198.1,3398.5,Good,
2024-05-02 10:13:00,B100,DR-Grade,4963.89,5000,90.0,60.58,2.04,54.63,9.09,43.28,1198.2,3226.2,Good,
2024-05-02 10:14:00,B100,DR-Grade,4965.94,5000,90.0,60.18,2.039,51.7,9.56,43.32,1198.1,3309.4,Good,
2024-05-02 10:15:00,B100,DR-Grade,4966.62,5000,90.0,62.01,2.039,54.35,9.5,43.28,1198.1,3347.7,Good,
2024-05-02 10:16:00,B100,DR-Grade,4967.06,5000,90.0,60.81,2.038,48.79,9.02,43.27,1198.2,3377.1,Good,
2024-05-02 10:17:00,B100,DR-Grade,4966.14,5000,90.0,61.4,2.038,50.98,9.13,43.27,1198.2,3324.4,Good,
2024-05-02 10:18:00,B100,DR-Grade,4967.74,5000,90.0,60.34,2.038,53.57,9.32,43.21,1198.0,3344.5,Good,
2024-05-02 10:19:00,B100,DR-Grade,4967.72,5000,90.0,61.51,2.037,52.06,8.97,43.24,1198.0,3387.0,Good,
2024-05-02 10:20:00,B100,DR-Grade,4969.61,5000,90.0,62.31,2.037,49.36,9.48,43.22,1197.9,3268.4,Good,
2024-05-02 10:21:00,B100,DR-Grade,4971.01,5000,90.0,60.91,2.037,50.48,9.31,43.22,1198.0,3345.8,Good,
2024-05-02 10:22:00,B100,DR-Grade,4972.2,5000,90.0,62.26,2.037,50.78,9.4,43.18,1197.9,3305.6,Good,
2024-05-02 10:23:00,B100,DR-Grade,4973.1,5000,90.0,61.16,2.037,51.66,9.0,43.15,1197.8,3310.3,Good,
2024-05-02 10:24:00,B100,DR-Grade,4974.8,5000,90.0,61.77,2.037,52.3,9.01,43.13,1197.7,3325.0,Good,
2024-05-02 10:25:00,B100,DR-Grade,4975.49,5000,90.0,60.3,2.036,53.04,9.02,43.14,1197.6,3378.9,Good,
2024-05-02 10:26:00,B100,DR-Grade,4976.81,5000,90.0,60.82,2.036,51.47,9.35,43.12,1197.5,3359.7,Good,
2024-05-02 10:27:00,B100,DR-Grade,4977.57,5000,90.0,62.71,2.035,51.53,9.32,43.1,1197.5,3306.5,Good,
2024-05-02 10:28:00,B100,DR-Grade,4978.46,5000,90.0,61.24,2.035,51.39,9.68,43.08,1197.4,3426.9,Good,
2024-05-02 10:29:00,B100,DR-Grade,4980.61,5000,90.0,61.11,2.035,48.94,9.31,43.05,1197.3,3365.4,Good,
2024-05-02 10:30:00,B100,DR-Grade,4982.47,5000,90.0,63.16,2.034,52.39,9.72,43.04,1197.1,3329.6,Good,
2024-05-02 10:31:00,B100,DR-Grade,4982.98,5000,90.0,61.43,2.034,49.04,8.74,43.05,1196.8,3284.1,Good,
2024-05-02 10:32:00,B100,DR-Grade,4983.55,5000,90.0,61.35,2.034,51.18,9.3,43.05,1196.8,3297.4,Good,
2024-05-02 10:33:00,B100,DR-Grade,4984.72,5000,90.0,62.74,2.034,49.91,9.19,43.04,1196.6,3315.0,Good,
2024-05-02 10:34:00,B100,DR-Grade,4985.79,5000,90.0,60.7,2.034,50.34,9.51,42.96,1196.3,3366.2,Good,
2024-05-02 10:35:00,B100,DR-Grade,4987.28,5000,90.0,60.44,2.034,50.24,8.95,42.96,1196.2,3244.5,Good,
2024-05-02 10:36:00,B100,DR-Grade,4988.2,5000,90.0,62.65,2.035,50.8,9.24,42.87,1195.9,3292.2,Good,
2024-05-02 10:37:00,B100,DR-Grade,4988.69,5000,90.0,62.1,2.034,49.35,9.06,42.84,1195.7,3279.2,Good,
2024-05-02 10:38:00,B100,DR-Grade,4990.43,5000,90.0,60.82,2.035,51.48,9.38,42.84,1195.6,3399.8,Good,
2024-05-02 10:39:00,B100,DR-Grade,4991.49,5000,90.0,61.37,2.034,53.18,9.06,42.82,1195.3,3317.3,Good,
2024-05-02 10:40:00,B100,DR-Grade,4993.15,5000,90.0,61.29,2.034,50.47,9.08,42.77,1195.1,3320.4,Good,
2024-05-02 10:41:00,B100,DR-Grade,4993.77,5000,90.0,61.77,2.034,50.87,9.32,42.67,1195.0,3381.5,Good,
2024-05-02 10:42:00,B100,DR-Grade,4996.0,5000,90.0,62.83,2.034,50.86,9.21,42.61,1194.8,3310.6,Good,
2024-05-02 10:43:00,B100,DR-Grade,4997.42,5000,90.0,63.04,2.034,51.67,9.31,42.65,1194.5,3316.2,Good,
2024-05-02 10:44:00,B100,DR-Grade,4998.84,5000,90.0,62.62,2.035,48.48,9.36,42.63,1194.3,3325.6,Good,
2024-05-02 10:45:00,B100,DR-Grade,5000.34,5000,90.0,61.12,2.034,52.82,9.47,42.61,1194.2,3361.0,Good,
2024-05-02 10:46:00,B100,DR-Grade,5000.56,5000,90.0,62.35,2.034,53.86,9.1,42.6,1194.0,3346.6,Good,
2024-05-02 10:47:00,B100,DR-Grade,5002.29,5000,90.0,62.81,2.034,52.93,8.78,42.51,1193.7,3292.5,Good,
2024-05-02 10:48:00,B100,DR-Grade,5003.23,5000,90.0,59.97,2.033,49.45,9.18,42.48,1193.6,3237.6,Good,
2024-05-02 10:49:00,B100,DR-Grade,5003.77,5000,90.0,62.77,2.033,51.11,8.99,42.44,1193.4,3280.8,Good,
2024-05-02 10:50:00,B100,DR-Grade,5005.31,5000,90.0,60.57,2.033,51.31,9.52,42.43,1193.0,3291.8,Good,
2024-05-02 10:51:00,B100,DR-Grade,5007.76,5000,90.0,63.5,2.033,49.93,9.55,42.44,1192.7,3234.2,Good,
2024-05-02 10:52:00,B100,DR-Grade,5008.6,5000,90.0,60.28,2.033,54.07,9.01,42.43,1192.5,3284.4,Good,
2024-05-02 10:53:00,B100,DR-Grade,5010.94,5000,90.0,63.45,2.033,51.31,9.58,42.44,1192.2,3330.5,Good,
2024-05-02 10:54:00,B100,DR-Grade,5010.8,5000,90.0,60.82,2.034,49.61,8.96,42.43,1192.1,3241.3,Good,
2024-05-02 10:55:00,B100,DR-Grade,5012.33,5000,90.0,61.38,2.033,49.41,9.11,42.43,1191.8,3242.9,Good,
2024-05-02 10:56:00,B100,DR-Grade,5013.27,5000,90.0,61.4,2.034,50.33,8.82,42.37,1191.4,3254.2,Good,
2024-05-02 10:57:00,B100,DR-Grade,5014.78,5000,90.0,62.89,2.034,51.72,9.11,42.37,1191.3,3302.6,Good,
2024-05-02 10:58:00,B100,DR-Grade,5017.55,5000,90.0,61.51,2.034,48.17,8.88,42.36,1191.0,3313.1,Good,
2024-05-02 10:59:00,B100,DR-Grade,5019.36,5000,90.0,60.71,2.034,49.77,9.33,42.34,1190.6,3208.5,Good,
2024-05-02 11:00:00,B100,DR-Grade,5019.74,5000,90.0,62.57,2.034,52.17,9.16,42.39,1190.5,3253.2,Good,
2024-05-02 11:01:00,B100,DR-Grade,5022.08,5000,90.0,59.95,2.034,51.46,9.35,42.33,1190.3,3297.5,Good,
2024-05-02 11:02:00,B100,DR-Grade,5022.75,5000,90.0,61.94,2.034,52.61,9.29,42.32,1190.1,3297.0,Good,
2024-05-02 11:03:00,B100,DR-Grade,5023.76,5000,90.0,59.88,2.034,51.95,9.33,42.29,1190.0,3267.2,Good,
2024-05-02 11:04:00,B100,DR-Grade,5024.55,5000,90.0,63.39,2.033,50.68,8.99,42.28,1189.6,3323.3,Good,
2024-05-02 11:05:00,B100,DR-Grade,5026.04,5000,90.0,59.11,2.033,49.22,8.74,42.26,1189.4,3284.2,Good,
2024-05-02 11:06:00,B100,DR-Grade,5027.37,5000,90.0,60.27,2.033,51.82,9.72,42.25,1189.1,3290.4,Good,
2024-05-02 11:07:00,B100,DR-Grade,5029.86,5000,90.0,60.93,2.033,51.5,9.17,42.24,1188.9,3302.9,Good,
2024-05-02 11:08:00,B100,DR-Grade,5031.51,5000,90.0,61.55,2.032,49.95,9.27,42.21,1188.6,3269.3,Good,
2024-05-02 11:09:00,B100,DR-Grade,5033.39,5000,90.0,62.98,2.032,53.99,8.79,42.21,1188.3,3309.7,Good,
2024-05-02 11:10:00,B100,DR-Grade,5034.72,5000,90.0,61.21,2.032,52.75,9.35,42.21,1187.9,3277.1,Good,
2024-05-02 11:11:00,B100,DR-Grade,5036.91,5000,90.0,60.31,2.032,53.58,8.79,42.15,1187.6,3260.7,Good,
2024-05-02 11:12:00,B100,DR-Grade,5037.66,5000,90.0,62.08,2.031,53.22,9.29,42.15,1187.5,3246.7,Good,
2024-05-02 11:13:00,B100,DR-Grade,5038.15,5000,90.0,61.08,2.031,51.13,9.22,42.13,1187.2,3285.0,Good,
2024-05-02 11:14:00,B100,DR-Grade,5040.2,5000,90.0,59.45,2.03,50.06,9.06,42.1,1186.8,3277.0,Good,
2024-05-02 11:15:00,B100,DR-Grade,5042.16,5000,90.0,61.88,2.03,48.81,8.7,42.08,1186.7,3348.5,Good,
2024-05-02 11:16:00,B100,DR-Grade,5043.66,5000,90.0,62.11,2.03,52.32,9.05,42.03,1186.3,3218.2,Good,
2024-05-02 11:17:00,B100,DR-Grade,5046.63,5000,90.0,61.11,2.03,54.64,9.1,41.98,1186.1,3200.2,Good,
2024-05-02 11:18:00,B100,DR-Grade,5047.52,5000,90.0,61.67,2.03,52.5,9.77,41.98,1185.7,3232.8,Good,
2024-05-02 11:19:00,B100,DR-Grade,5049.94,5000,90.0,61.19,2.03,51.72,8.9,41.94,1185.4,3226.1,Good,
2024-05-02 11:20:00,B100,DR-Grade,5052.45,5000,90.0,64.14,2.03,53.46,9.64,41.89,1185.2,3341.4,Good,
2024-05-02 11:21:00,B100,DR-Grade,5053.12,5000,90.0,61.29,2.029,51.3,8.84,41.81,1184.9,3247.9,Good,
2024-05-02 11:22:00,B100,DR-Grade,5054.99,5000,90.0,62.16,2.029,55.44,9.17,41.78,1184.5,3243.2,Good,
2024-05-02 11:23:00,B100,DR-Grade,5057.02,5000,90.0,61.94,2.029,53.97,9.02,41.73,1184.1,3199.9,Good,
2024-05-02 11:24:00,B100,DR-Grade,5058.45,5000,90.0,62.26,2.029,53.17,9.07,41.72,1183.8,3209.3,Good,
2024-05-02 11:25:00,B100,DR-Grade,5059.88,5000,90.0,60.24,2.03,54.03,9.41,41.7,1183.5,3200.1,Good,
2024-05-02 11:26:00,B100,DR-Grade,5061.37,5000,90.0,62.02,2.03,53.99,9.3,41.74,1183.3,3315.8,Good,
2024-05-02 11:27:00,B100,DR-Grade,5062.33,5000,90.0,60.89,2.03,54.44,8.77,41.72,1183.0,3214.4,Good,
2024-05-02 11:28:00,B100,DR-Grade,5062.95,5000,90.0,61.37,2.03,52.1,9.04,41.67,1182.7,3181.2,Good,
2024-05-02 11:29:00,B100,DR-Grade,5065.0,5000,90.0,62.83,2.03,53.99,9.2,41.59,1182.4,3361.8,Good,
2024-05-02 11:30:00,B100,DR-Grade,5066.69,5000,90.0,61.63,2.03,52.66,9.28,41.59,1182.1,3233.9,Good,
2024-05-02 11:31:00,B100,DR-Grade,5068.26,5000,90.0,62.95,2.03,54.21,9.23,41.55,1181.8,3270.4,Good,
2024-05-02 11:32:00,B100,DR-Grade,5070.15,5000,90.0,60.93,2.03,53.3,8.87,41.48,1181.6,3255.5,Good,
2024-05-02 11:33:00,B100,DR-Grade,5071.17,5000,90.0,61.65,2.03,53.78,9.17,41.44,1181.2,3244.2,Good,
2024-05-02 11:34:00,B100,DR-Grade,5072.3,5000,90.0,62.26,2.03,53.52,9.67,41.4,1181.1,3240.2,Good,
2024-05-02 11:35:00,B100,DR-Grade,5074.39,5000,90.0,62.28,2.03,51.01,9.19,41.34,1180.8,3264.8,Good,
2024-05-02 11:36:00,B100,DR-Grade,5075.95,5000,90.0,59.87,2.03,53.08,9.05,41.29,1180.4,3237.0,Good,
2024-05-02 11:37:00,B100,DR-Grade,5077.83,5000,90.0,60.93,2.03,52.61,9.13,41.24,1180.2,3175.0,Good,
2024-05-02 11:38:00,B100,DR-Grade,5080.11,5000,90.0,62.33,2.03,52.12,9.38,41.17,1179.8,3206.2,Good,
2024-05-02 11:39:00,B100,DR-Grade,5082.82,5000,90.0,62.51,2.029,52.89,8.96,41.13,1179.5,3190.7,Good,
2024-05-02 11:40:00,B100,DR-Grade,5083.79,5000,90.0,62.11,2.029,52.36,9.16,41.06,1179.1,3216.6,Good,
2024-05-02 11:41:00,B100,DR-Grade,5084.99,5000,90.0,59.89,2.029,54.23,9.11,41.02,1178.8,3117.2,Good,
2024-05-02 11:42:00,B100,DR-Grade,5085.62,5000,90.0,63.24,2.029,51.88,8.9,41.0,1178.4,3136.8,Good,
2024-05-02 11:43:00,B100,DR-Grade,5086.74,5000,90.0,60.09,2.029,53.34,9.25,41.0,1178.1,3273.8,Good,
2024-05-02 11:44:00,B100,DR-Grade,5088.65,5000,90.0,61.96,2.029,53.56,9.3,41.01,1177.8,3147.1,Good,
2024-05-02 11:45:00,B100,DR-Grade,5089.87,5000,90.0,62.94,2.029,56.33,9.25,40.92,1177.4,3216.1,Good,
2024-05-02 11:46:00,B100,DR-Grade,5092.88,5000,90.0,60.19,2.029,53.97,9.31,40.94,1177.0,3206.2,Good,
2024-05-02 11:47:00,B100,DR-Grade,5094.18,5000,90.0,62.93,2.029,53.08,9.04,40.88,1176.7,3103.9,Good,
2024-05-02 11:48:00,B100,DR-Grade,5094.59,5000,90.0,62.84,2.028,53.65,9.53,40.87,1176.4,3141.4,Good,
2024-05-02 11:49:00,B100,DR-Grade,5095.59,5000,90.0,63.73,2.028,53.54,8.88,40.84,1176.1,3185.6,Good,
2024-05-02 11:50:00,B100,DR-Grade,5098.54,5000,90.0,65.25,2.028,52.37,9.18,40.83,1175.8,3121.1,Good,
2024-05-02 11:51:00,B100,DR-Grade,5099.54,5000,90.0,61.81,2.028,56.17,9.33,40.76,1175.6,3161.0,Good,
2024-05-02 11:52:00,B100,DR-Grade,5101.08,5000,90.0,61.38,2.028,54.41,9.09,40.75,1175.3,3219.5,Good,
2024-05-02 11:53:00,B100,DR-Grade,5102.13,5000,90.0,60.98,2.027,53.59,9.21,40.71,1175.1,3174.7,Good,
2024-05-02 11:54:00,B100,DR-Grade,5102.99,5000,90.0,62.78,2.027,52.3,8.88,40.71,1174.9,3151.1,Good,
2024-05-02 11:55:00,B100,DR-Grade,5105.34,5000,90.0,60.37,2.026,54.58,9.33,40.73,1174.6,3204.0,Good,
2024-05-02 11:56:00,B100,DR-Grade,5106.15,5000,90.0,59.71,2.026,53.85,8.92,40.68,1174.3,3209.5,Good,
2024-05-02 11:57:00,B100,DR-Grade,5106.57,5000,90.0,63.41,2.025,54.9,9.31,40.63,1173.8,3210.0,Good,
2024-05-02 11:58:00,B100,DR-Grade,5107.67,5000,90.0,60.64,2.025,52.58,9.35,40.59,1173.4,3119.8,Good,
2024-05-02 11:59:00,B100,DR-Grade,5108.82,5000,90.0,62.81,2.025,54.99,8.92,40.6,1173.2,3121.6,Good,
2024-05-02 12:00:00,B101,DR-Grade,5170.7,5100,90.0,60.85,2.024,55.68,8.94,40.57,1172.7,3233.2,Good,
2024-05-02 12:01:00,B101,DR-Grade,5172.36,5100,90.0,61.09,2.024,57.32,8.72,40.51,1172.3,3102.5,Good,
2024-05-02 12:02:00,B101,DR-Grade,5174.76,5100,90.0,60.57,2.024,55.53,9.31,40.45,1172.0,3105.5,Good,
2024-05-02 12:03:00,B101,DR-Grade,5176.21,5100,90.0,61.57,2.023,55.03,9.41,40.42,1171.5,3076.8,Good,
2024-05-02 12:04:00,B101,DR-Grade,5178.08,5100,90.0,61.33,2.024,56.78,9.06,40.4,1171.2,3191.5,Good,
2024-05-02 12:05:00,B101,DR-Grade,5179.99,5100,90.0,62.01,2.024,57.38,9.18,40.36,1170.8,3150.0,Good,
2024-05-02 12:06:00,B101,DR-Grade,5182.25,5100,90.0,60.12,2.024,55.05,8.63,40.36,1170.4,3093.0,Good,
2024-05-02 12:07:00,B101,DR-Grade,5183.04,5100,90.0,62.61,2.024,55.48,8.93,40.34,1170.1,3035.1,Good,
2024-05-02 12:08:00,B101,DR-Grade,5184.41,5100,90.0,64.28,2.024,55.72,9.08,40.32,1169.9,3130.2,Good,
2024-05-02 12:09:00,B101,DR-Grade,5184.22,5100,90.0,64.55,2.024,54.84,8.57,40.28,1169.7,3160.5,Good,
2024-05-02 12:10:00,B101,DR-Grade,5185.28,5100,90.0,62.49,2.024,55.06,8.77,40.28,1169.1,3135.8,Good,
2024-05-02 12:11:00,B101,DR-Grade,5186.07,5100,90.0,62.08,2.023,55.35,9.02,40.22,1168.9,3103.0,Good,
2024-05-02 12:12:00,B101,DR-Grade,5187.08,5100,90.0,62.39,2.023,59.11,8.98,40.15,1168.6,3150.7,Good,
2024-05-02 12:13:00,B101,DR-Grade,5189.67,5100,90.0,61.26,2.022,54.15,9.15,40.13,1168.3,3114.6,Good,
2024-05-02 12:14:00,B101,DR-Grade,5191.91,5100,90.0,61.4,2.022,54.26,8.34,40.07,1168.0,3153.6,Good,
2024-05-02 12:15:00,B101,DR-Grade,5192.5,5100,90.0,62.6,2.022,55.32,9.17,40.05,1167.6,3068.8,Good,
2024-05-02 12:16:00,B101,DR-Grade,5195.23,5100,90.0,61.86,2.022,56.3,8.66,40.02,1167.2,3107.0,Good,
2024-05-02 12:17:00,B101,DR-Grade,5197.63,5100,90.0,64.66,2.022,55.07,9.03,40.03,1167.0,3113.1,Good,
2024-05-02 12:18:00,B101,DR-Grade,5199.32,5100,90.0,63.61,2.021,53.76,8.92,40.02,1166.7,3161.0,Good,
2024-05-02 12:19:00,B101,DR-Grade,5200.81,5100,90.0,64.35,2.021,58.43,9.04,39.98,1166.1,3102.1,Good,
2024-05-02 12:20:00,B101,DR-Grade,5202.28,5100,90.0,61.65,2.021,54.08,8.87,39.98,1165.9,3086.7,Good,
2024-05-02 12:21:00,B101,DR-Grade,5203.81,5100,90.0,61.91,2.02,55.34,9.18,39.92,1165.5,3072.7,Good,
2024-05-02 12:22:00,B101,DR-Grade,5205.79,5100,90.0,62.21,2.02,57.66,8.72,39.91,1165.2,3096.2,Good,
2024-05-02 12:23:00,B101,DR-Grade,5207.16,5100,90.0,62.67,2.02,55.65,8.99,39.89,1164.8,3072.8,Good,
2024-05-02 12:24:00,B101,DR-Grade,5209.35,5100,90.0,64.92,2.02,55.97,8.73,39.86,1164.3,3100.7,Good,
2024-05-02 12:25:00,B101,DR-Grade,5210.68,5100,90.0,60.88,2.02,54.18,9.26,39.84,1164.2,3099.5,Good,
2024-05-02 12:26:00,B101,DR-Grade,5211.77,5100,90.0,63.32,2.02,56.79,8.5,39.79,1164.1,3095.0,Good,
2024-05-02 12:27:00,B101,DR-Grade,5213.21,5100,90.0,63.96,2.02,57.51,8.94,39.75,1163.8,3022.5,Good,
2024-05-02 12:28:00,B101,DR-Grade,5214.95,5100,90.0,62.07,2.019,56.66,9.02,39.72,1163.4,3089.0,Good,
2024-05-02 12:29:00,B101,DR-Grade,5216.75,5100,90.0,63.18,2.019,55.94,9.38,39.64,1163.2,3137.4,Good,
2024-05-02 12:30:00,B101,DR-Grade,5218.26,5100,90.0,62.26,2.019,58.22,9.0,39.62,1162.8,3034.0,Good,
2024-05-02 12:31:00,B101,DR-Grade,5218.8,5100,90.0,62.18,2.019,55.02,8.79,39.56,1162.4,3099.5,Good,
2024-05-02 12:32:00,B101,DR-Grade,5219.44,5100,90.0,61.82,2.019,56.16,8.94,39.5,1162.2,3058.0,Good,
2024-05-02 12:33:00,B101,DR-Grade,5219.84,5100,90.0,62.52,2.018,56.29,8.68,39.48,1161.8,2994.1,Good,
2024-05-02 12:34:00,B101,DR-Grade,5221.16,5100,90.0,62.12,2.018,57.45,9.03,39.42,1161.6,3085.3,Good,
2024-05-02 12:35:00,B101,DR-Grade,5223.1,5100,90.0,62.89,2.018,57.1,9.25,39.39,1161.2,3126.5,Good,
2024-05-02 12:36:00,B101,DR-Grade,5224.61,5100,90.0,62.29,2.017,57.65,8.79,39.32,1160.8,3016.0,Good,
2024-05-02 12:37:00,B101,DR-Grade,5226.07,5100,90.0,63.24,2.017,58.14,8.95,39.27,1160.5,3047.2,Good,
2024-05-02 12:38:00,B101,DR-Grade,5227.24,5100,90.0,64.64,2.016,57.59,9.19,39.21,1160.4,3031.1,Good,
2024-05-02 12:39:00,B101,DR-Grade,5228.51,5100,90.0,61.81,2.017,56.52,8.86,39.19,1160.4,3054.6,Good,
2024-05-02 12:40:00,B101,DR-Grade,5229.55,5100,90.0,61.65,2.017,60.2,8.72,39.19,1160.1,3041.5,Good,
2024-05-02 12:41:00,B101,DR-Grade,5231.71,5100,90.0,63.97,2.016,56.97,8.76,39.15,1159.7,3042.7,Good,
2024-05-02 12:42:00,B101,DR-Grade,5232.38,5100,90.0,62.99,2.017,57.4,8.29,39.12,1159.6,3016.4,Good,
2024-05-02 12:43:00,B101,DR-Grade,5233.27,5100,90.0,64.59,2.016,54.18,8.64,39.1,1159.3,3018.2,Good,
2024-05-02 12:44:00,B101,DR-Grade,5235.04,5100,90.0,63.45,4.819,56.12,8.99,39.08,1159.1,3015.9,Bad,
2024-05-02 12:45:00,B101,DR-Grade,5236.26,5100,90.0,63.62,2.016,59.55,9.34,39.01,1158.9,3046.9,Good,
2024-05-02 12:46:00,B101,DR-Grade,5238.13,5100,90.0,61.74,2.016,58.2,8.82,38.95,1158.6,3011.6,Good,
2024-05-02 12:47:00,B101,DR-Grade,5239.28,5100,90.0,62.55,2.016,58.12,8.92,38.94,1158.2,3081.6,Good,
2024-05-02 12:48:00,B101,DR-Grade,5240.99,5100,90.0,62.48,2.016,58.48,8.82,38.89,1158.0,2991.8,Good,
2024-05-02 12:49:00,B101,DR-Grade,5242.57,5100,90.0,61.38,2.016,58.82,8.92,38.83,1157.6,2953.3,Good,
2024-05-02 12:50:00,B101,DR-Grade,5243.18,5100,90.0,62.41,2.016,55.1,8.74,38.8,1157.2,2996.6,Good,
2024-05-02 12:51:00,B101,DR-Grade,5244.96,5100,90.0,59.9,2.015,59.84,9.1,38.75,1157.1,2954.9,Good,
2024-05-02 12:52:00,B101,DR-Grade,5247.19,5100,90.0,60.88,2.015,59.22,8.89,38.67,1156.8,3016.6,Good,
2024-05-02 12:53:00,B101,DR-Grade,5248.17,5100,90.0,60.63,2.015,56.54,8.96,38.65,1156.6,3039.9,Good,
2024-05-02 12:54:00,B101,DR-Grade,5249.49,5100,90.0,61.87,2.015,58.99,9.09,38.6,1156.4,3054.9,Good,
2024-05-02 12:55:00,B101,DR-Grade,5251.3,5100,90.0,60.25,2.016,57.85,8.92,38.54,1156.2,2936.9,Good,
2024-05-02 12:56:00,B101,DR-Grade,5253.68,5100,90.0,65.24,2.016,58.26,8.99,38.5,1156.1,2965.2,Good,
2024-05-02 12:57:00,B101,DR-Grade,5255.3,5100,90.0,62.37,2.016,60.62,8.53,38.49,1155.9,3024.9,Good,
2024-05-02 12:58:00,B101,DR-Grade,5258.18,5100,90.0,62.55,2.016,56.74,9.24,38.44,1155.7,2990.6,Good,
2024-05-02 12:59:00,B101,DR-Grade,5259.3,5100,90.0,63.45,2.017,58.66,8.99,38.38,1155.4,2961.5,Good,
2024-05-02 13:00:00,B101,DR-Grade,5261.9,5100,90.0,61.87,2.016,55.82,9.02,38.3,1155.2,2967.7,Good,
2024-05-02 13:01:00,B101,DR-Grade,5262.79,5100,90.0,61.57,2.016,59.02,8.68,38.24,1154.9,2958.8,Good,
2024-05-02 13:02:00,B101,DR-Grade,5264.14,5100,90.0,62.78,2.016,57.72,8.87,38.14,1154.6,2987.4,Good,
2024-05-02 13:03:00,B101,DR-Grade,5264.91,5100,90.0,63.15,2.016,60.28,8.94,38.11,1154.5,3020.1,Good,
2024-05-02 13:04:00,B101,DR-Grade,5266.89,5100,90.0,61.72,2.016,56.13,8.7,38.12,1154.3,3019.7,Good,
2024-05-02 13:05:00,B101,DR-Grade,5268.64,5100,90.0,63.0,2.016,58.32,8.22,38.06,1154.1,3043.3,Good,
2024-05-02 13:06:00,B101,DR-Grade,5268.86,5100,90.0,62.69,2.016,58.17,9.2,38.02,1153.9,3035.1,Good,
2024-05-02 13:07:00,B101,DR-Grade,5268.51,5100,90.0,63.32,2.016,62.88,8.52,37.99,1153.9,3002.6,Good,
2024-05-02 13:08:00,B101,DR-Grade,5271.21,5100,90.0,62.48,2.015,61.54,8.8,37.93,1153.8,2943.2,Good,
2024-05-02 13:09:00,B101,DR-Grade,5272.33,5100,90.0,62.14,2.015,57.51,8.88,37.87,1153.7,2970.3,Good,
2024-05-02 13:10:00,B101,DR-Grade,5272.57,5100,90.0,61.25,2.015,59.95,8.71,37.77,1153.5,2971.7,Good,
2024-05-02 13:11:00,B101,DR-Grade,5273.29,5100,90.0,60.72,2.015,60.15,9.09,37.77,1153.2,2916.3,Good,
2024-05-02 13:12:00,B101,DR-Grade,5274.28,5100,90.0,60.62,2.015,59.26,8.46,37.74,1153.0,2984.3,Good,
2024-05-02 13:13:00,B101,DR-Grade,5276.57,5100,90.0,63.03,2.015,57.51,8.9,37.71,1152.9,2963.3,Good,
2024-05-02 13:14:00,B101,DR-Grade,5278.12,5100,90.0,62.87,2.014,58.05,8.93,37.69,1152.7,2952.0,Good,
2024-05-02 13:15:00,B101,DR-Grade,5279.41,5100,90.0,63.77,2.015,57.34,8.51,37.64,1152.6,3013.3,Good,
2024-05-02 13:16:00,B101,DR-Grade,5280.06,5100,90.0,63.26,2.014,57.96,8.59,37.59,1152.4,2989.0,Good,
2024-05-02 13:17:00,B101,DR-Grade,5281.72,5100,90.0,62.77,2.014,59.38,8.7,37.54,1152.3,2983.7,Good,
2024-05-02 13:18:00,B101,DR-Grade,5281.84,5100,90.0,61.53,2.015,57.91,8.36,37.47,1152.1,2967.3,Good,
2024-05-02 13:19:00,B101,DR-Grade,5283.78,5100,90.0,62.73,2.014,58.73,8.37,37.46,1152.0,2909.0,Good,
2024-05-02 13:20:00,B101,DR-Grade,5285.62,5100,90.0,63.14,2.014,55.19,8.41,37.41,1151.9,3043.3,Good,
2024-05-02 13:21:00,B101,DR-Grade,5286.53,5100,90.0,60.73,2.014,59.75,8.84,37.36,1151.7,3000.5,Good,
2024-05-02 13:22:00,B101,DR-Grade,5286.77,5100,90.0,61.63,2.013,60.55,8.83,37.36,1151.5,2968.4,Good,
2024-05-02 13:23:00,B101,DR-Grade,5287.57,5100,90.0,61.64,2.013,59.73,8.91,37.3,1151.3,3049.2,Good,
2024-05-02 13:24:00,B101,DR-Grade,5288.67,5100,90.0,60.72,2.013,57.14,8.69,37.27,1151.2,2975.8,Good,
2024-05-02 13:25:00,B101,DR-Grade,5291.11,5100,90.0,63.24,2.013,59.16,8.71,37.27,1151.1,2965.6,Good,
2024-05-02 13:26:00,B101,DR-Grade,5293.35,5100,90.0,62.18,2.013,59.06,8.91,37.23,1150.9,3000.4,Good,
2024-05-02 13:27:00,B101,DR-Grade,5294.1,5100,90.0,63.12,2.013,59.52,8.89,37.19,1150.7,2951.6,Good,
2024-05-02 13:28:00,B101,DR-Grade,5294.76,5100,90.0,61.5,2.013,59.46,8.8,37.2,1150.6,2948.0,Good,
2024-05-02 13:29:00,B101,DR-Grade,5295.02,5100,90.0,63.18,2.012,58.45,8.67,37.12,1150.4,2990.0,Good,
2024-05-02 13:30:00,B101,DR-Grade,5296.39,5100,90.0,60.53,2.012,57.47,8.62,37.06,1150.4,2978.7,Good,
2024-05-02 13:31:00,B101,DR-Grade,5297.15,5100,90.0,63.17,2.012,58.88,8.71,37.02,1150.3,3000.4,Good,
2024-05-02 13:32:00,B101,DR-Grade,5298.7,5100,90.0,62.74,2.011,60.62,8.17,36.94,1150.2,2992.3,Good,
2024-05-02 13:33:00,B101,DR-Grade,5299.84,5100,90.0,63.68,2.011,58.1,8.85,36.89,1150.0,2998.5,Good,
2024-05-02 13:34:00,B101,DR-Grade,5300.58,5100,90.0,62.27,2.011,58.65,8.56,36.86,1150.0,2945.6,Good,
2024-05-02 13:35:00,B101,DR-Grade,5301.02,5100,90.0,63.96,2.011,59.73,8.8,36.82,1149.8,3024.0,Good,
2024-05-02 13:36:00,B101,DR-Grade,5301.07,5100,90.0,63.29,2.01,59.5,8.63,36.78,1149.7,3041.1,Good,
2024-05-02 13:37:00,B101,DR-Grade,5302.49,5100,90.0,60.31,2.01,58.35,8.81,36.69,1149.8,2975.1,Good,
2024-05-02 13:38:00,B101,DR-Grade,5302.7,5100,90.0,63.63,2.009,59.33,8.49,36.68,1149.7,2923.4,Good,
2024-05-02 13:39:00,B101,DR-Grade,5304.18,5100,90.0,62.92,2.008,57.94,8.25,36.63,1149.7,2960.6,Good,
2024-05-02 13:40:00,B101,DR-Grade,5304.15,5100,90.0,63.41,2.008,56.78,8.72,36.56,1149.6,2969.6,Good,
2024-05-02 13:41:00,B101,DR-Grade,5303.55,5100,90.0,64.48,2.008,60.21,9.02,36.55,1149.5,2978.6,Good,
2024-05-02 13:42:00,B101,DR-Grade,5304.56,5100,90.0,61.89,2.008,58.7,8.73,36.46,1149.4,2909.7,Good,
2024-05-02 13:43:00,B101,DR-Grade,5305.17,5100,90.0,63.57,2.008,60.36,8.31,36.4,1149.4,2951.8,Good,
2024-05-02 13:44:00,B101,DR-Grade,5306.73,5100,90.0,65.1,2.009,57.86,8.7,36.39,1149.3,2906.6,Good,
2024-05-02 13:45:00,B101,DR-Grade,5307.7,5100,90.0,61.77,2.009,58.05,8.57,36.38,1149.3,2868.3,Good,
2024-05-02 13:46:00,B101,DR-Grade,5308.61,5100,90.0,64.0,2.008,61.0,9.37,36.34,1149.2,3036.4,Good,
2024-05-02 13:47:00,B101,DR-Grade,5310.1,5100,90.0,63.78,2.008,58.05,8.45,36.3,1149.1,2961.4,Good,
2024-05-02 13:48:00,B101,DR-Grade,5310.62,5100,90.0,62.04,2.008,58.21,8.64,36.26,1149.1,2946.0,Good,
2024-05-02 13:49:00,B101,DR-Grade,5311.95,5100,90.0,61.79,2.008,58.2,8.49,36.22,1149.0,3033.4,Good,
2024-05-02 13:50:00,B101,DR-Grade,5314.41,5100,90.0,63.39,2.007,59.06,8.21,36.15,1149.0,2911.2,Good,
2024-05-02 13:51:00,B101,DR-Grade,5315.46,5100,90.0,63.07,2.007,55.7,8.79,36.12,1149.1,2962.7,Good,
2024-05-02 13:52:00,B101,DR-Grade,5315.77,5100,90.0,62.64,2.007,56.68,8.77,36.04,1149.1,2948.1,Good,
2024-05-02 13:53:00,B101,DR-Grade,5316.64,5100,90.0,62.04,2.007,60.34,8.88,35.99,1149.2,3009.5,Good,
2024-05-02 13:54:00,B101,DR-Grade,5317.0,5100,90.0,64.73,2.006,58.63,8.3,35.98,1149.2,2922.2,Good,
2024-05-02 13:55:00,B101,DR-Grade,5317.65,5100,90.0,63.7,2.006,59.37,8.8,35.91,1149.2,2915.4,Good,
2024-05-02 13:56:00,B101,DR-Grade,5319.56,5100,90.0,62.38,2.006,60.2,8.65,35.8,1149.3,2915.2,Good,
2024-05-02 13:57:00,B101,DR-Grade,5319.78,5100,90.0,61.19,2.005,60.68,8.32,35.76,1149.3,2909.0,Good,
2024-05-02 13:58:00,B101,DR-Grade,5319.83,5100,90.0,63.03,2.006,55.39,8.56,35.7,1149.3,2932.2,Good,
2024-05-02 13:59:00,B101,DR-Grade,5320.98,5100,90.0,63.74,2.005,58.19,8.76,35.61,1149.5,2928.0,Good,
2024-05-02 14:00:00,B101,DR-Grade,5321.53,5100,90.0,65.21,2.005,57.44,8.58,35.56,1149.4,2902.3,Good,
2024-05-02 14:01:00,B101,DR-Grade,5322.22,5100,90.0,63.34,2.005,58.79,8.07,35.5,1149.3,2943.1,Good,
2024-05-02 14:02:00,B101,DR-Grade,5322.61,5100,90.0,64.12,2.004,58.43,8.33,35.48,1149.3,2923.5,Good,
2024-05-02 14:03:00,B101,DR-Grade,5323.54,5100,90.0,64.21,2.004,57.99,8.35,35.4,1149.3,2969.1,Good,
2024-05-02 14:04:00,B101,DR-Grade,5325.22,5100,90.0,64.57,2.004,58.11,8.39,35.36,1149.4,2981.1,Good,
2024-05-02 14:05:00,B101,DR-Grade,5326.38,5100,90.0,62.31,2.004,58.83,8.36,35.29,1149.3,2981.3,Good,
2024-05-02 14:06:00,B101,DR-Grade,5326.85,5100,90.0,62.6,2.003,58.24,8.44,35.3,1149.3,2874.3,Good,
2024-05-02 14:07:00,B101,DR-Grade,5327.36,5100,90.0,61.79,2.004,57.07,7.97,35.27,1149.3,2943.4,Good,
2024-05-02 14:08:00,B101,DR-Grade,5327.5,5100,90.0,62.19,2.004,58.46,8.25,35.26,1149.3,2948.8,Good,
2024-05-02 14:09:00,B101,DR-Grade,5327.65,5100,90.0,60.37,2.004,56.34,8.79,35.2,1149.4,2923.9,Good,
2024-05-02 14:10:00,B101,DR-Grade,5328.93,5100,90.0,60.65,2.004,59.74,8.15,35.18,1149.3,3014.2,Good,
2024-05-02 14:11:00,B101,DR-Grade,5329.95,5100,90.0,63.45,2.004,56.72,8.51,35.11,1149.3,2946.3,Good,
2024-05-02 14:12:00,B101,DR-Grade,5330.91,5100,90.0,62.72,2.004,59.44,8.58,35.08,1149.5,2921.0,Good,
2024-05-02 14:13:00,B101,DR-Grade,5331.88,5100,90.0,62.15,2.004,58.48,8.75,35.06,1149.5,2919.7,Good,
2024-05-02 14:14:00,B101,DR-Grade,5332.13,5100,90.0,63.95,2.004,58.22,8.66,35.02,1149.5,2894.5,Good,
2024-05-02 14:15:00,B101,DR-Grade,5332.75,5100,90.0,63.23,2.003,56.79,8.68,34.99,1149.5,2914.8,Good,
2024-05-02 14:16:00,B101,DR-Grade,5333.7,5100,90.0,61.62,2.003,58.29,8.68,34.97,1149.4,2892.5,Good,
2024-05-02 14:17:00,B101,DR-Grade,5335.31,5100,90.0,62.06,2.003,60.29,8.21,34.94,1149.5,2882.3,Good,
2024-05-02 14:18:00,B101,DR-Grade,5336.07,5100,90.0,62.65,2.003,56.6,8.91,34.92,1149.5,3026.0,Good,
2024-05-02 14:19:00,B101,DR-Grade,5336.7,5100,90.0,62.81,2.003,58.13,8.61,34.86,1149.5,2871.1,Good,
2024-05-02 14:20:00,B101,DR-Grade,5336.78,5100,90.0,63.64,2.003,57.67,8.7,34.84,1149.6,2975.0,Good,
2024-05-02 14:21:00,B101,DR-Grade,5337.98,5100,90.0,60.89,2.003,59.06,7.88,34.85,1149.6,2925.2,Good,
2024-05-02 14:22:00,B101,DR-Grade,5338.37,5100,90.0,62.75,2.003,58.09,8.46,34.8,1149.8,2974.6,Good,
2024-05-02 14:23:00,B101,DR-Grade,5339.07,5100,90.0,62.21,2.004,57.63,8.58,34.73,1150.0,2986.0,Good,
2024-05-02 14:24:00,B101,DR-Grade,5339.84,5100,90.0,61.38,2.004,59.76,8.29,34.67,1150.0,3011.2,Good,
2024-05-02 14:25:00,B101,DR-Grade,5339.86,5100,90.0,63.51,2.003,56.47,8.21,34.6,1150.3,3013.3,Good,
2024-05-02 14:26:00,B101,DR-Grade,5340.54,5100,90.0,63.13,2.003,58.78,8.37,34.55,1150.3,2997.7,Good,
2024-05-02 14:27:00,B101,DR-Grade,5341.73,5100,90.0,60.93,2.003,60.6,8.4,34.5,1150.3,2939.6,Good,
2024-05-02 14:28:00,B101,DR-Grade,5341.65,5100,90.0,61.54,2.003,60.76,8.44,34.5,1150.3,2952.8,Good,
2024-05-02 14:29:00,B101,DR-Grade,5341.79,5100,90.0,62.91,2.003,55.86,8.46,34.45,1150.4,2932.4,Good,
2024-05-02 14:30:00,B101,DR-Grade,5341.73,5100,90.0,63.51,2.003,57.3,8.28,34.4,1150.6,2942.1,Good,
2024-05-02 14:31:00,B101,DR-Grade,5342.23,5100,90.0,62.74,2.003,55.18,8.49,34.35,1150.8,3008.3,Good,
2024-05-02 14:32:00,B101,DR-Grade,5343.95,5100,90.0,63.64,2.002,55.87,8.41,34.26,1150.9,2945.3,Good,
2024-05-02 14:33:00,B101,DR-Grade,5344.56,5100,90.0,64.19,2.003,54.27,8.74,34.21,1151.0,2963.7,Good,
2024-05-02 14:34:00,B101,DR-Grade,5345.73,5100,90.0,63.87,2.003,58.92,8.08,34.2,1151.1,2928.4,Good,
2024-05-02 14:35:00,B101,DR-Grade,5346.26,5100,90.0,63.83,2.003,59.08,8.34,34.16,1151.2,2928.6,Good,
2024-05-02 14:36:00,B101,DR-Grade,5346.37,5100,90.0,62.02,2.003,56.6,8.28,34.09,1151.3,3018.8,Good,
2024-05-02 14:37:00,B101,DR-Grade,5346.73,5100,90.0,62.58,2.003,55.54,7.98,34.09,1151.4,2976.7,Good,
2024-05-02 14:38:00,B101,DR-Grade,5347.22,5100,90.0,61.6,2.003,57.94,8.43,34.06,1151.5,3009.8,Good,
2024-05-02 14:39:00,B101,DR-Grade,5347.43,5100,90.0,64.01,2.003,57.09,8.12,34.04,1151.6,2966.8,Good,
2024-05-02 14:40:00,B101,DR-Grade,5347.71,5100,90.0,61.99,2.003,56.53,8.17,34.0,1151.9,2973.6,Good,
2024-05-02 14:41:00,B101,DR-Grade,5348.07,5100,90.0,61.91,2.003,59.5,8.79,33.95,1152.2,2925.9,Good,
2024-05-02 14:42:00,B101,DR-Grade,5347.96,5100,90.0,62.73,2.003,56.38,8.4,33.9,1152.2,3006.2,Good,
2024-05-02 14:43:00,B101,DR-Grade,5349.18,5100,90.0,64.32,2.004,57.16,8.26,33.87,1152.5,2995.6,Good,
2024-05-02 14:44:00,B101,DR-Grade,5349.71,5100,90.0,63.89,2.004,56.73,8.36,33.79,1152.7,2994.7,Good,
2024-05-02 14:45:00,B101,DR-Grade,5349.89,5100,90.0,64.13,2.004,56.29,8.47,33.75,1152.9,2984.0,Good,
2024-05-02 14:46:00,B101,DR-Grade,5349.77,5100,90.0,64.07,2.004,57.28,8.13,33.74,1153.2,2981.7,Good,
2024-05-02 14:47:00,B101,DR-Grade,5350.22,5100,90.0,63.01,2.003,57.44,8.2,33.77,1153.5,3055.6,Good,
2024-05-02 14:48:00,B101,DR-Grade,5349.95,5100,90.0,63.96,2.003,55.08,7.96,33.75,1153.8,2925.2,Good,
2024-05-02 14:49:00,B101,DR-Grade,5349.37,5100,90.0,62.71,2.003,55.73,7.86,33.71,1153.9,2968.4,Good,
2024-05-02 14:50:00,B101,DR-Grade,5349.32,5100,90.0,62.83,2.003,54.64,8.36,33.69,1154.0,2974.7,Good,
2024-05-02 14:51:00,B101,DR-Grade,5350.25,5100,90.0,62.95,2.003,56.06,8.21,33.69,1154.1,2943.6,Good,
2024-05-02 14:52:00,B101,DR-Grade,5350.28,5100,90.0,63.44,2.003,53.87,8.47,33.63,1154.3,3001.5,Good,
2024-05-02 14:53:00,B101,DR-Grade,5350.52,5100,90.0,63.22,2.002,55.25,8.38,33.58,1154.5,3010.0,Good,
2024-05-02 14:54:00,B101,DR-Grade,5350.05,5100,90.0,64.25,2.002,51.44,8.23,33.54,1154.7,3002.1,Good,
2024-05-02 14:55:00,B101,DR-Grade,5350.48,5100,90.0,62.55,2.003,55.99,8.39,33.54,1154.8,3066.3,Good,
2024-05-02 14:56:00,B101,DR-Grade,5350.24,5100,90.0,60.94,2.003,57.69,8.29,33.53,1155.1,3045.0,Good,
2024-05-02 14:57:00,B101,DR-Grade,5349.96,5100,90.0,63.72,2.003,54.88,7.83,33.5,1155.3,2986.8,Good,
2024-05-02 14:58:00,B101,DR-Grade,5349.55,5100,90.0,60.03,2.003,53.67,8.68,33.47,1155.5,2972.3,Good,
2024-05-02 14:59:00,B101,DR-Grade,5349.52,5100,90.0,63.79,2.003,54.55,7.75,33.45,1155.8,3010.0,Good,
2024-05-02 15:00:00,B101,DR-Grade,5348.91,5100,90.0,62.26,2.003,52.41,8.07,33.43,1156.0,2958.8,Good,
2024-05-02 15:01:00,B101,DR-Grade,5348.68,5100,90.0,66.22,2.003,57.05,7.85,33.38,1156.3,3043.5,Good,
2024-05-02 15:02:00,B101,DR-Grade,5348.57,5100,90.0,65.39,2.003,55.56,8.5,33.31,1156.6,3008.8,Good,
2024-05-02 15:03:00,B101,DR-Grade,5347.97,5100,90.0,63.26,2.003,55.33,8.36,33.26,1156.8,2990.5,Good,
2024-05-02 15:04:00,B101,DR-Grade,5346.76,5100,90.0,62.29,2.003,55.61,8.19,33.21,1157.0,3057.4,Good,
2024-05-02 15:05:00,B101,DR-Grade,5346.99,5100,90.0,63.27,2.003,53.3,8.24,33.19,1157.3,2998.6,Good,
2024-05-02 15:06:00,B101,DR-Grade,5346.18,5100,90.0,62.82,2.003,54.15,8.31,33.16,1157.5,3036.1,Good,
2024-05-02 15:07:00,B101,DR-Grade,5344.91,5100,90.0,62.24,2.002,55.83,7.89,33.16,1157.8,3016.9,Good,
2024-05-02 15:08:00,B101,DR-Grade,5344.84,5100,90.0,64.61,2.002,57.23,8.48,33.15,1158.1,3006.5,Good,
2024-05-02 15:09:00,B101,DR-Grade,5344.72,5100,90.0,60.34,2.002,57.01,7.94,33.12,1158.5,2977.2,Good,
2024-05-02 15:10:00,B101,DR-Grade,5345.29,5100,90.0,64.36,2.002,57.45,8.06,33.07,1158.7,3006.6,Good,
2024-05-02 15:11:00,B101,DR-Grade,5345.96,5100,90.0,62.71,2.002,51.91,8.39,33.05,1159.1,3061.4,Good,
2024-05-02 15:12:00,B101,DR-Grade,5344.47,5100,90.0,63.29,2.002,53.1,8.62,33.04,1159.4,3007.1,Good,
2024-05-02 15:13:00,B101,DR-Grade,5343.97,5100,90.0,61.19,2.002,55.09,8.17,33.0,1159.5,3054.6,Good,
2024-05-02 15:14:00,B101,DR-Grade,5343.98,5100,90.0,63.41,2.002,54.6,8.07,33.02,1159.8,3083.8,Good,
2024-05-02 15:15:00,B101,DR-Grade,5342.98,5100,90.0,63.19,2.003,54.03,8.86,33.01,1159.9,3095.0,Good,
2024-05-02 15:16:00,B101,DR-Grade,5343.49,5100,90.0,64.2,2.003,55.53,8.53,32.95,1160.3,3041.2,Good,
2024-05-02 15:17:00,B101,DR-Grade,5343.49,5100,90.0,64.48,2.003,54.88,8.09,32.91,1160.5,3020.6,Good,
2024-05-02 15:18:00,B101,DR-Grade,5342.86,5100,90.0,62.14,2.003,54.41,8.4,32.86,1160.8,3092.8,Good,
2024-05-02 15:19:00,B101,DR-Grade,5342.31,5100,90.0,62.3,2.003,52.92,8.04,32.8,1161.1,3043.2,Good,
2024-05-02 15:20:00,B101,DR-Grade,5342.26,5100,90.0,61.6,2.003,50.01,8.2,32.74,1161.5,3085.3,Good,
2024-05-02 15:21:00,B101,DR-Grade,5343.3,5100,90.0,61.75,2.003,53.7,8.4,32.69,1161.8,3057.9,Good,
2024-05-02 15:22:00,B101,DR-Grade,5344.2,5100,90.0,63.64,2.003,53.94,7.51,32.69,1162.2,3120.4,Good,
2024-05-02 15:23:00,B101,DR-Grade,5343.04,5100,90.0,63.41,2.004,54.16,8.41,32.68,1162.5,3033.0,Good,
2024-05-02 15:24:00,B101,DR-Grade,5343.11,5100,90.0,62.01,2.003,54.64,8.26,32.61,1162.8,3078.7,Good,
2024-05-02 15:25:00,B101,DR-Grade,5341.91,5100,90.0,64.64,2.004,55.96,8.6,32.58,1163.1,3090.7,Good,
2024-05-02 15:26:00,B101,DR-Grade,5341.5,5100,90.0,62.65,2.004,51.91,8.1,32.56,1163.4,3082.4,Good,
2024-05-02 15:27:00,B101,DR-Grade,5340.56,5100,90.0,63.59,2.003,53.1,8.15,32.54,1163.7,3091.5,Good,
2024-05-02 15:28:00,B101,DR-Grade,5340.03,5100,90.0,62.86,2.003,53.23,8.29,32.53,1164.0,3070.8,Good,
2024-05-02 15:29:00,B101,DR-Grade,5339.4,5100,90.0,62.85,2.002,51.65,8.65,32.49,1164.3,3045.0,Good,
2024-05-02 15:30:00,B101,DR-Grade,5339.24,5100,90.0,62.58,2.003,51.65,8.3,32.44,1164.6,3062.2,Good,
2024-05-02 15:31:00,B101,DR-Grade,5338.39,5100,90.0,61.36,2.003,51.58,8.14,32.4,1165.0,3055.9,Good,
2024-05-02 15:32:00,B101,DR-Grade,5338.41,5100,90.0,61.61,2.003,54.41,8.65,32.36,1165.3,3061.0,Good,
2024-05-02 15:33:00,B101,DR-Grade,5337.92,5100,90.0,60.8,2.003,54.56,8.84,32.32,1165.6,3115.1,Good,
2024-05-02 15:34:00,B101,DR-Grade,5336.93,5100,90.0,62.12,2.003,52.24,8.03,32.27,1165.9,3114.4,Good,
2024-05-02 15:35:00,B101,DR-Grade,5337.38,5100,90.0,62.55,2.002,54.99,7.84,32.23,1166.2,3090.2,Good,
2024-05-02 15:36:00,B101,DR-Grade,5337.12,5100,90.0,61.85,2.003,53.03,8.45,32.23,1166.7,3150.2,Good,
2024-05-02 15:37:00,B101,DR-Grade,5336.52,5100,90.0,63.19,2.002,50.52,7.75,32.24,1167.1,3073.3,Good,
2024-05-02 15:38:00,B101,DR-Grade,5336.09,5100,90.0,63.19,2.002,51.56,7.99,32.2,1167.5,3169.0,Good,
2024-05-02 15:39:00,B101,DR-Grade,5336.03,5100,90.0,62.28,2.003,53.41,8.09,32.16,1167.8,3124.7,Good,
2024-05-02 15:40:00,B101,DR-Grade,5335.43,5100,90.0,61.92,2.003,49.54,8.66,32.12,1168.2,3122.1,Good,
2024-05-02 15:41:00,B101,DR-Grade,5334.54,5100,90.0,62.5,2.003,54.15,8.12,32.13,1168.5,3175.3,Good,
2024-05-02 15:42:00,B101,DR-Grade,5333.92,5100,90.0,63.2,2.002,54.14,8.19,32.09,1168.8,3141.7,Good,
2024-05-02 15:43:00,B101,DR-Grade,5333.03,5100,90.0,63.86,2.002,52.53,8.26,32.05,1169.2,3147.3,Good,
2024-05-02 15:44:00,B101,DR-Grade,5332.14,5100,90.0,64.12,2.002,51.64,8.08,32.02,1169.5,3135.6,Good,
2024-05-02 15:45:00,B101,DR-Grade,5332.55,5100,90.0,61.01,2.002,53.98,8.17,32.0,1169.7,3182.9,Good,
2024-05-02 15:46:00,B101,DR-Grade,5332.44,5100,90.0,61.88,2.003,51.54,8.12,32.02,1170.0,3115.3,Good,
2024-05-02 15:47:00,B101,DR-Grade,5332.65,5100,90.0,62.37,2.002,53.91,8.18,32.02,1170.3,3033.7,Good,
2024-05-02 15:48:00,B101,DR-Grade,5331.73,5100,90.0,62.48,2.002,52.92,8.44,32.0,1170.6,3146.9,Good,
2024-05-02 15:49:00,B101,DR-Grade,5330.04,5100,90.0,61.87,2.002,51.66,7.82,31.94,1170.9,3124.1,Good,
2024-05-02 15:50:00,B101,DR-Grade,5329.16,5100,90.0,63.72,2.002,51.83,8.14,31.92,1171.2,3046.2,Good,
2024-05-02 15:51:00,B101,DR-Grade,5328.83,5100,90.0,62.69,2.002,48.91,8.42,31.91,1171.6,3068.7,Good,
2024-05-02 15:52:00,B101,DR-Grade,5327.87,5100,90.0,62.83,2.003,50.6,7.81,31.87,1172.0,3154.7,Good,
2024-05-02 15:53:00,B101,DR-Grade,5327.31,5100,90.0,62.46,2.002,52.87,8.21,31.87,1172.4,3173.7,Good,
2024-05-02 15:54:00,B101,DR-Grade,5326.04,5100,90.0,64.44,2.003,51.55,8.57,31.85,1172.8,3122.4,Good,
2024-05-02 15:55:00,B101,DR-Grade,5325.64,5100,90.0,62.82,2.003,52.14,8.35,31.79,1173.2,3186.6,Good,
2024-05-02 15:56:00,B101,DR-Grade,5324.67,5100,90.0,62.92,2.002,51.43,8.01,31.75,1173.5,3235.0,Good,
2024-05-02 15:57:00,B101,DR-Grade,5323.94,5100,90.0,64.68,2.002,50.91,8.16,31.7,1173.8,3072.3,Good,
2024-05-02 15:58:00,B101,DR-Grade,5323.61,5100,90.0,62.34,2.002,49.92,8.14,31.67,1174.2,3154.7,Good,
2024-05-02 15:59:00,B101,DR-Grade,5322.42,5100,90.0,61.75,2.001,54.83,7.88,31.61,1174.5,3180.7,Good,
2024-05-02 16:00:00,B101,DR-Grade,5321.01,5100,90.0,63.48,2.002,52.18,7.99,31.62,1174.7,3170.1,Good,C_2024-05-02
2024-05-02 16:01:00,B101,DR-Grade,5319.75,5100,90.0,64.56,2.002,52.65,8.18,31.57,1175.2,3170.0,Good,C_2024-05-02
2024-05-02 16:02:00,B101,DR-Grade,5319.31,5100,90.0,62.06,2.002,49.9,8.56,31.56,1175.6,3163.4,Good,C_2024-05-02
2024-05-02 16:03:00,B101,DR-Grade,5318.31,5100,90.0,61.26,2.002,50.76,8.01,31.52,1176.0,3164.0,Good,C_2024-05-02
2024-05-02 16:04:00,B101,DR-Grade,5318.15,5100,90.0,61.74,2.002,48.07,8.46,31.5,1176.3,3173.4,Good,C_2024-05-02
2024-05-02 16:05:00,B101,DR-Grade,5317.65,5100,90.0,62.31,2.002,52.08,8.27,31.44,1176.6,3150.0,Good,C_2024-05-02
2024-05-02 16:06:00,B101,DR-Grade,5317.48,5100,90.0,62.94,2.002,53.26,8.21,31.44,1177.0,3259.3,Good,C_2024-05-02
2024-05-02 16:07:00,B101,DR-Grade,5316.75,5100,90.0,60.26,2.002,52.32,8.38,31.43,1177.4,3189.2,Good,C_2024-05-02
2024-05-02 16:08:00,B101,DR-Grade,5316.62,5100,90.0,62.13,2.002,52.86,8.12,31.41,1177.5,3205.2,Good,C_2024-05-02
2024-05-02 16:09:00,B101,DR-Grade,5316.2,5100,90.0,62.67,2.002,49.1,8.07,31.4,1177.8,3177.8,Good,C_2024-05-02
2024-05-02 16:10:00,B101,DR-Grade,5314.15,5100,90.0,65.96,2.002,53.29,8.58,31.41,1178.1,3222.6,Good,C_2024-05-02
2024-05-02 16:11:00,B101,DR-Grade,5314.13,5100,90.0,64.04,2.002,51.17,8.07,31.36,1178.3,3162.2,Good,C_2024-05-02
2024-05-02 16:12:00,B101,DR-Grade,5313.75,5100,90.0,61.96,2.003,51.01,8.41,31.36,1178.6,3128.1,Good,C_2024-05-02
2024-05-02 16:13:00,B101,DR-Grade,5312.6,5100,90.0,63.16,2.002,51.83,8.47,31.37,1178.9,3117.5,Good,C_2024-05-02
2024-05-02 16:14:00,B101,DR-Grade,5310.95,5100,90.0,61.86,2.003,49.45,7.97,31.36,1179.2,3146.5,Good,C_2024-05-02
2024-05-02 16:15:00,B101,DR-Grade,5308.9,5100,90.0,62.86,2.003,49.85,8.47,31.36,1179.3,3157.4,Good,C_2024-05-02
2024-05-02 16:16:00,B101,DR-Grade,5308.05,5100,90.0,63.54,2.003,51.21,7.94,31.34,1179.6,3185.4,Good,C_2024-05-02
2024-05-02 16:17:00,B101,DR-Grade,5306.58,5100,90.0,63.74,2.003,51.22,8.6,31.32,1180.0,3217.0,Good,C_2024-05-02
2024-05-02 16:18:00,B101,DR-Grade,5304.92,5100,90.0,63.21,2.002,52.73,8.07,31.3,1180.1,3168.2,Good,C_2024-05-02
2024-05-02 16:19:00,B101,DR-Grade,5303.36,5100,90.0,62.08,2.002,50.71,8.6,31.31,1180.5,3135.6,Good,C_2024-05-02
2024-05-02 16:20:00,B101,DR-Grade,5301.39,5100,90.0,62.76,2.002,49.93,8.12,31.31,1180.8,3142.8,Good,C_2024-05-02
2024-05-02 16:21:00,B101,DR-Grade,5300.97,5100,90.0,63.11,2.002,51.81,8.35,31.29,1180.9,3188.6,Good,C_2024-05-02
2024-05-02 16:22:00,B101,DR-Grade,5299.44,5100,90.0,62.23,2.003,51.92,8.07,31.25,1181.2,3138.0,Good,C_2024-05-02
2024-05-02 16:23:00,B101,DR-Grade,5298.42,5100,90.0,61.02,2.003,51.24,8.23,31.25,1181.5,3263.6,Good,C_2024-05-02
2024-05-02 16:24:00,B101,DR-Grade,5297.49,5100,90.0,61.09,2.003,53.67,8.08,31.27,1181.8,3195.9,Good,C_2024-05-02
2024-05-02 16:25:00,B101,DR-Grade,5296.68,5100,90.0,60.59,2.003,51.33,8.0,31.3,1182.0,3172.8,Good,C_2024-05-02
2024-05-02 16:26:00,B101,DR-Grade,5295.55,5100,90.0,63.78,2.003,51.81,8.02,31.29,1182.4,3239.0,Good,C_2024-05-02
2024-05-02 16:27:00,B101,DR-Grade,5294.99,5100,90.0,62.58,2.003,48.32,8.48,31.27,1182.8,3234.7,Good,C_2024-05-02
2024-05-02 16:28:00,B101,DR-Grade,5293.57,5100,90.0,60.34,2.003,53.42,8.54,31.26,1182.8,3285.6,Good,C_2024-05-02
2024-05-02 16:29:00,B101,DR-Grade,5293.78,5100,90.0,64.6,2.003,49.73,8.14,31.2,1183.2,3252.1,Good,C_2024-05-02
2024-05-02 16:30:00,B101,DR-Grade,5291.74,5100,90.0,62.67,2.003,50.39,8.12,31.16,1183.4,3250.3,Good,C_2024-05-02
2024-05-02 16:31:00,B101,DR-Grade,5291.07,5100,90.0,64.87,2.003,50.32,7.86,31.19,1183.7,3244.8,Good,C_2024-05-02
2024-05-02 16:32:00,B101,DR-Grade,5291.29,5100,90.0,62.27,2.003,51.77,8.27,31.17,1184.0,3241.0,Good,C_2024-05-02
2024-05-02 16:33:00,B101,DR-Grade,5289.6,5100,90.0,62.24,2.003,50.16,7.94,31.13,1184.4,3185.8,Good,C_2024-05-02
2024-05-02 16:34:00,B101,DR-Grade,5289.34,5100,90.0,61.56,2.003,51.75,8.19,31.1,1184.7,3303.5,Good,C_2024-05-02
2024-05-02 16:35:00,B101,DR-Grade,5289.44,5100,90.0,63.15,2.003,51.75,7.88,31.01,1184.9,3247.3,Good,C_2024-05-02
2024-05-02 16:36:00,B101,DR-Grade,5288.03,5100,90.0,61.49,2.002,50.47,8.24,30.98,1185.2,3177.9,Good,C_2024-05-02
2024-05-02 16:37:00,B101,DR-Grade,5287.81,5100,90.0,60.72,2.002,52.36,7.69,31.0,1185.5,3230.4,Good,C_2024-05-02
2024-05-02 16:38:00,B101,DR-Grade,5286.31,5100,90.0,62.3,2.002,50.7,8.15,31.02,1185.6,3216.1,Good,C_2024-05-02
2024-05-02 16:39:00,B101,DR-Grade,5285.33,5100,90.0,63.39,2.003,53.2,8.04,31.01,1185.9,3266.7,Good,C_2024-05-02
2024-05-02 16:40:00,B101,DR-Grade,5284.02,5100,90.0,62.26,2.003,50.78,7.98,31.0,1186.4,3257.3,Good,C_2024-05-02
2024-05-02 16:41:00,B101,DR-Grade,5282.25,5100,90.0,61.7,2.003,51.71,8.1,30.99,1186.7,3261.6,Good,C_2024-05-02
2024-05-02 16:42:00,B101,DR-Grade,5280.4,5100,90.0,63.96,2.003,50.97,8.22,30.93,1186.9,3306.3,Good,C_2024-05-02
2024-05-02 16:43:00,B101,DR-Grade,5278.86,5100,90.0,63.31,2.002,53.9,8.23,30.91,1187.3,3336.2,Good,C_2024-05-02
2024-05-02 16:44:00,B101,DR-Grade,5276.74,5100,90.0,61.12,2.002,51.89,7.86,30.9,1187.7,3278.6,Good,C_2024-05-02
2024-05-02 16:45:00,B101,DR-Grade,5275.64,5100,90.0,61.94,2.002,50.05,8.55,30.88,1188.0,3338.0,Good,C_2024-05-02
2024-05-02 16:46:00,B101,DR-Grade,5274.49,5100,90.0,63.04,2.002,53.44,8.25,30.9,1188.1,3273.6,Good,C_2024-05-02
2024-05-02 16:47:00,B101,DR-Grade,5273.92,5100,90.0,61.69,2.002,52.79,8.22,30.9,1188.4,3304.4,Good,C_2024-05-02
2024-05-02 16:48:00,B101,DR-Grade,5272.93,5100,90.0,62.05,2.002,48.7,7.8,30.92,1188.6,3312.1,Good,C_2024-05-02
2024-05-02 16:49:00,B101,DR-Grade,5271.58,5100,90.0,64.08,2.001,53.45,7.66,30.94,1188.9,3289.7,Good,C_2024-05-02
2024-05-02 16:50:00,B101,DR-Grade,5270.13,5100,90.0,62.96,2.001,49.26,7.7,30.98,1189.1,3319.8,Good,C_2024-05-02
2024-05-02 16:51:00,B101,DR-Grade,5270.36,5100,90.0,61.41,2.001,51.48,8.04,31.0,1189.4,3275.8,Good,C_2024-05-02
2024-05-02 16:52:00,B101,DR-Grade,5268.15,5100,90.0,62.37,2.001,50.98,8.09,31.03,1189.6,3258.1,Good,C_2024-05-02
2024-05-02 16:53:00,B101,DR-Grade,5266.07,5100,90.0,62.93,2.001,53.54,8.52,31.03,1189.9,3248.8,Good,C_2024-05-02
2024-05-02 16:54:00,B101,DR-Grade,5266.14,5100,90.0,63.04,2.001,51.72,7.73,30.98,1190.1,3274.3,Good,C_2024-05-02
2024-05-02 16:55:00,B101,DR-Grade,5265.49,5100,90.0,61.19,2.001,54.47,8.04,30.98,1190.3,3220.5,Good,C_2024-05-02
2024-05-02 16:56:00,B101,DR-Grade,5264.3,5100,90.0,64.32,2.001,53.97,7.98,30.97,1190.5,3262.7,Good,C_2024-05-02
2024-05-02 16:57:00,B101,DR-Grade,5263.32,5100,90.0,62.94,2.001,52.78,7.81,31.0,1190.8,3222.4,Good,C_2024-05-02
2024-05-02 16:58:00,B101,DR-Grade,5262.61,5100,90.0,62.44,2.0,50.69,7.52,31.0,1191.0,3281.2,Good,C_2024-05-02
2024-05-02 16:59:00,B101,DR-Grade,5260.41,5100,90.0,64.7,2.0,51.58,8.1,31.01,1191.3,3286.4,Good,C_2024-05-02
2024-05-02 17:00:00,B101,DR-Grade,5258.89,5100,90.0,59.77,2.0,51.91,8.22,31.04,1191.5,3301.6,Good,
2024-05-02 17:01:00,B101,DR-Grade,5258.0,5100,90.0,62.16,2.001,50.33,7.73,31.03,1191.6,3306.0,Good,
2024-05-02 17:02:00,B101,DR-Grade,5257.06,5100,90.0,62.33,2.001,50.74,7.93,31.01,1191.7,3381.2,Good,
2024-05-02 17:03:00,B101,DR-Grade,5256.39,5100,90.0,60.69,2.001,49.31,8.23,31.0,1191.9,3358.8,Good,
2024-05-02 17:04:00,B101,DR-Grade,5255.19,5100,90.0,60.36,2.001,54.68,8.17,30.98,1192.1,3261.7,Good,
2024-05-02 17:05:00,B101,DR-Grade,5253.62,5100,90.0,60.59,2.001,50.56,8.12,30.97,1192.5,3261.5,Good,
2024-05-02 17:06:00,B101,DR-Grade,5251.9,5100,90.0,61.59,2.0,49.66,8.16,30.95,1192.7,3300.3,Good,
2024-05-02 17:07:00,B101,DR-Grade,5250.91,5100,90.0,63.85,2.0,52.86,8.92,31.0,1193.0,3251.2,Good,
2024-05-02 17:08:00,B101,DR-Grade,5249.54,5100,90.0,61.55,1.999,49.93,8.5,31.02,1193.2,3381.2,Good,
2024-05-02 17:09:00,B101,DR-Grade,5248.45,5100,90.0,62.5,1.999,51.43,8.19,31.02,1193.2,3325.8,Good,
2024-05-02 17:10:00,B101,DR-Grade,5247.92,5100,90.0,61.58,1.999,51.32,7.8,30.99,1193.2,3291.1,Good,
2024-05-02 17:11:00,B101,DR-Grade,5247.29,5100,90.0,64.29,1.999,52.58,8.15,30.98,1193.3,3266.3,Good,
2024-05-02 17:12:00,B101,DR-Grade,5245.14,5100,90.0,61.6,1.999,51.72,7.83,30.95,1193.5,3377.3,Good,
2024-05-02 17:13:00,B101,DR-Grade,5244.46,5100,90.0,60.64,1.999,51.32,8.04,30.94,1193.6,3254.3,Good,
2024-05-02 17:14:00,B101,DR-Grade,5242.48,5100,90.0,63.34,1.999,53.17,7.84,30.91,1193.8,3331.1,Good,
2024-05-02 17:15:00,B101,DR-Grade,5240.1,5100,90.0,63.19,1.999,52.84,7.87,30.91,1194.0,3332.6,Good,
2024-05-02 17:16:00,B101,DR-Grade,5239.97,5100,90.0,59.79,1.999,53.81,7.95,30.93,1194.3,3331.0,Good,
2024-05-02 17:17:00,B101,DR-Grade,5238.74,5100,90.0,61.79,1.999,52.58,7.98,30.92,1194.5,3411.1,Good,
2024-05-02 17:18:00,B101,DR-Grade,5236.97,5100,90.0,61.67,1.999,54.41,8.39,30.96,1194.7,3347.1,Good,
2024-05-02 17:19:00,B101,DR-Grade,5235.31,5100,90.0,64.01,1.999,52.94,7.71,30.99,1194.8,3293.7,Good,
2024-05-02 17:20:00,B101,DR-Grade,5234.44,5100,90.0,61.26,1.999,49.22,7.95,31.0,1194.9,3352.0,Good,
2024-05-02 17:21:00,B101,DR-Grade,5234.23,5100,90.0,63.12,1.998,53.48,7.55,30.97,1195.1,3357.4,Good,
2024-05-02 17:22:00,B101,DR-Grade,5233.6,5100,90.0,62.52,1.998,51.71,8.17,31.01,1195.2,3242.4,Good,
2024-05-02 17:23:00,B101,DR-Grade,5232.04,5100,90.0,64.14,1.998,50.95,8.11,31.01,1195.5,3351.7,Good,
2024-05-02 17:24:00,B101,DR-Grade,5229.92,5100,90.0,63.38,1.998,51.35,8.31,31.02,1195.5,3288.9,Good,
2024-05-02 17:25:00,B101,DR-Grade,5228.42,5100,90.0,61.87,1.998,51.9,7.84,31.01,1195.6,3266.1,Good,
2024-05-02 17:26:00,B101,DR-Grade,5227.6,5100,90.0,63.0,1.998,52.88,7.9,30.99,1195.9,3404.5,Good,
2024-05-02 17:27:00,B101,DR-Grade,5226.46,5100,90.0,63.05,1.998,52.11,8.13,31.02,1196.1,3394.0,Good,
2024-05-02 17:28:00,B101,DR-Grade,5224.23,5100,90.0,64.92,1.998,54.59,8.34,31.02,1196.2,3395.0,Good,
2024-05-02 17:29:00,B101,DR-Grade,5222.86,5100,90.0,63.69,1.997,51.15,8.3,31.03,1196.1,3280.2,Good,
2024-05-02 17:30:00,B101,DR-Grade,5221.79,5100,90.0,62.62,1.997,52.44,8.04,30.98,1196.2,3323.7,Good,
2024-05-02 17:31:00,B101,DR-Grade,5219.78,5100,90.0,62.91,1.997,52.47,8.3,30.98,1196.3,3387.8,Good,
2024-05-02 17:32:00,B101,DR-Grade,5218.86,5100,90.0,61.99,1.997,53.11,8.43,30.99,1196.4,3322.2,Good,
2024-05-02 17:33:00,B101,DR-Grade,5218.28,5100,90.0,63.03,1.997,55.16,7.88,31.03,1196.5,3399.2,Good,
2024-05-02 17:34:00,B101,DR-Grade,5217.37,5100,90.0,62.14,1.997,52.06,7.67,31.04,1196.7,3323.2,Good,
2024-05-02 17:35:00,B101,DR-Grade,5215.4,5100,90.0,63.87,1.997,51.93,7.67,31.06,1196.9,3293.8,Good,
2024-05-02 17:36:00,B101,DR-Grade,5213.77,5100,90.0,61.61,1.997,55.6,8.05,31.03,1196.9,3401.0,Good,
2024-05-02 17:37:00,B101,DR-Grade,5212.26,5100,90.0,61.68,1.997,54.01,8.24,31.04,1197.1,3382.5,Good,
2024-05-02 17:38:00,B101,DR-Grade,5210.58,5100,90.0,62.96,1.997,52.9,8.17,31.12,1197.2,3265.2,Good,
2024-05-02 17:39:00,B101,DR-Grade,5209.62,5100,90.0,62.19,1.997,55.98,7.21,31.15,1197.3,3326.8,Good,
2024-05-02 17:40:00,B101,DR-Grade,5208.2,5100,90.0,64.29,1.997,53.87,8.44,31.16,1197.3,3333.5,Good,
2024-05-02 17:41:00,B101,DR-Grade,5206.72,5100,90.0,61.19,1.997,54.81,8.1,31.18,1197.3,3335.3,Good,
2024-05-02 17:42:00,B101,DR-Grade,5205.43,5100,90.0,61.28,1.997,53.7,8.12,31.17,1197.4,3436.2,Good,
2024-05-02 17:43:00,B101,DR-Grade,5203.69,5100,90.0,62.01,1.997,51.62,8.34,31.15,1197.5,3347.7,Good,
2024-05-02 17:44:00,B101,DR-Grade,5201.4,5100,90.0,61.69,1.996,55.23,8.02,31.17,1197.4,3352.1,Good,
2024-05-02 17:45:00,B101,DR-Grade,5199.98,5100,90.0,62.27,1.996,53.09,7.77,31.18,1197.4,3341.5,Good,
2024-05-02 17:46:00,B101,DR-Grade,5198.29,5100,90.0,62.06,1.996,53.43,7.79,31.17,1197.4,3302.6,Good,
2024-05-02 17:47:00,B101,DR-Grade,5197.2,5100,90.0,61.99,1.997,53.67,8.09,31.2,1197.5,3389.9,Good,
2024-05-02 17:48:00,B101,DR-Grade,5195.84,5100,90.0,61.73,1.997,53.94,7.9,31.24,1197.5,3341.7,Good,
2024-05-02 17:49:00,B101,DR-Grade,5194.19,5100,90.0,61.23,1.996,53.69,8.12,31.24,1197.6,3331.4,Good,
2024-05-02 17:50:00,B101,DR-Grade,5193.33,5100,90.0,62.89,1.997,54.43,8.51,31.25,1197.7,3303.5,Good,
2024-05-02 17:51:00,B101,DR-Grade,5191.82,5100,90.0,63.33,1.997,52.41,8.33,31.24,1197.7,3269.6,Good,
2024-05-02 17:52:00,B101,DR-Grade,5189.56,5100,90.0,61.64,1.997,56.23,8.13,31.22,1197.6,3251.3,Good,
2024-05-02 17:53:00,B101,DR-Grade,5188.98,5100,90.0,61.14,1.997,52.36,7.77,31.2,1197.8,3332.1,Good,
2024-05-02 17:54:00,B101,DR-Grade,5188.17,5100,90.0,61.8,1.997,56.91,8.37,31.2,1197.8,3370.6,Good,
2024-05-02 17:55:00,B101,DR-Grade,5186.65,5100,90.0,63.65,1.997,51.17,7.94,31.21,1197.8,3354.4,Good,
2024-05-02 17:56:00,B101,DR-Grade,5184.2,5100,90.0,62.91,1.996,54.79,8.37,31.26,1197.8,3386.6,Good,
2024-05-02 17:57:00,B101,DR-Grade,5182.1,5100,90.0,62.11,1.997,55.84,8.2,31.31,1197.9,3324.6,Good,
2024-05-02 17:58:00,B101,DR-Grade,5181.17,5100,90.0,62.31,1.997,56.24,7.63,31.28,1198.0,3301.1,Good,
2024-05-02 17:59:00,B101,DR-Grade,5179.61,5100,90.0,61.52,1.997,59.8,8.12,31.25,1197.9,3365.4,Good,
2024-05-02 18:00:00,B101,DR-Grade,5177.89,5100,90.0,64.02,1.997,55.0,8.34,31.29,1197.9,3302.6,Good,
2024-05-02 18:01:00,B101,DR-Grade,5176.65,5100,90.0,62.2,1.998,56.46,8.59,31.33,1197.9,3419.3,Good,
2024-05-02 18:02:00,B101,DR-Grade,5174.79,5100,90.0,62.76,1.998,55.26,7.88,31.34,1197.8,3328.2,Good,
2024-05-02 18:03:00,B101,DR-Grade,5172.98,5100,90.0,61.95,1.998,55.12,7.39,31.36,1197.7,3405.6,Good,
2024-05-02 18:04:00,B101,DR-Grade,5172.19,5100,90.0,63.03,1.998,57.6,8.31,31.37,1197.8,3381.0,Good,
2024-05-02 18:05:00,B101,DR-Grade,5170.99,5100,90.0,60.78,1.998,53.29,8.04,31.37,1197.8,3302.7,Good,
2024-05-02 18:06:00,B101,DR-Grade,5169.93,5100,90.0,63.96,1.998,56.92,8.54,31.4,1197.8,3323.4,Good,
2024-05-02 18:07:00,B101,DR-Grade,5168.78,5100,90.0,60.78,1.997,55.66,8.27,31.43,1197.9,3319.5,Good,
2024-05-02 18:08:00,B101,DR-Grade,5167.89,5100,90.0,61.05,1.997,54.17,8.19,31.49,1197.9,3420.5,Good,
2024-05-02 18:09:00,B101,DR-Grade,5166.88,5100,90.0,61.58,1.998,56.7,8.18,31.48,1198.0,3359.7,Good,
2024-05-02 18:10:00,B101,DR-Grade,5164.91,5100,90.0,61.44,1.998,53.98,8.31,31.51,1198.0,3296.9,Good,
2024-05-02 18:11:00,B101,DR-Grade,5163.3,5100,90.0,64.44,1.998,56.02,8.32,31.53,1198.0,3278.7,Good,
2024-05-02 18:12:00,B101,DR-Grade,5162.77,5100,90.0,63.99,1.998,53.88,8.29,31.52,1198.0,3358.5,Good,
2024-05-02 18:13:00,B101,DR-Grade,5161.38,5100,90.0,61.66,1.998,56.01,8.49,31.53,1197.9,3349.6,Good,
2024-05-02 18:14:00,B101,DR-Grade,5160.91,5100,90.0,60.85,1.998,58.26,8.05,31.55,1197.9,3343.1,Good,
2024-05-02 18:15:00,B101,DR-Grade,5159.24,5100,90.0,61.95,1.998,57.01,8.24,31.56,1197.9,3358.6,Good,
2024-05-02 18:16:00,B101,DR-Grade,5156.93,5100,90.0,62.17,1.998,58.68,8.29,31.54,1197.8,3374.9,Good,
2024-05-02 18:17:00,B101,DR-Grade,5155.5,5100,90.0,62.31,1.998,58.65,7.86,31.6,1197.8,3384.1,Good,
2024-05-02 18:18:00,B101,DR-Grade,5153.72,5100,90.0,62.23,1.998,54.7,7.95,31.61,1197.6,3259.0,Good,
2024-05-02 18:19:00,B101,DR-Grade,5151.83,5100,90.0,62.78,1.998,54.45,7.97,31.65,1197.5,3421.9,Good,
2024-05-02 18:20:00,B101,DR-Grade,5149.91,5100,90.0,60.59,1.998,55.82,8.82,31.65,1197.4,3249.6,Good,
2024-05-02 18:21:00,B101,DR-Grade,5147.24,5100,90.0,63.55,1.998,56.21,8.57,31.69,1197.3,3183.2,Good,
2024-05-02 18:22:00,B101,DR-Grade,5146.08,5100,90.0,63.3,1.998,57.59,8.37,31.7,1197.4,3293.9,Good,
2024-05-02 18:23:00,B101,DR-Grade,5144.52,5100,90.0,61.38,1.998,55.58,8.74,31.72,1197.4,3328.1,Good,
2024-05-02 18:24:00,B101,DR-Grade,5142.5,5100,90.0,60.38,1.998,56.79,8.71,31.73,1197.4,3368.6,Good,
2024-05-02 18:25:00,B101,DR-Grade,5140.08,5100,90.0,60.49,1.998,59.92,8.44,31.69,1197.3,3263.3,Good,
2024-05-02 18:26:00,B101,DR-Grade,5139.0,5100,90.0,61.99,1.999,55.82,8.49,31.73,1197.3,3354.1,Good,
2024-05-02 18:27:00,B101,DR-Grade,5137.54,5100,90.0,61.56,1.999,58.38,7.9,31.76,1197.1,3347.1,Good,
2024-05-02 18:28:00,B101,DR-Grade,5136.48,5100,90.0,62.71,1.998,55.58,8.24,31.76,1196.9,3326.6,Good,
2024-05-02 18:29:00,B101,DR-Grade,5135.24,5100,90.0,61.87,1.999,57.97,7.91,31.79,1196.8,3423.0,Good,
2024-05-02 18:30:00,B101,DR-Grade,5134.22,5100,90.0,64.39,1.999,57.04,8.59,31.78,1196.5,3360.1,Good,
2024-05-02 18:31:00,B101,DR-Grade,5132.74,5100,90.0,60.49,1.999,58.69,8.42,31.81,1196.4,3264.6,Good,
2024-05-02 18:32:00,B101,DR-Grade,5130.44,5100,90.0,61.02,1.999,57.09,7.81,31.79,1196.3,3384.0,Good,
2024-05-02 18:33:00,B101,DR-Grade,5129.08,5100,90.0,62.28,1.999,58.32,8.09,31.82,1196.2,3331.9,Good,
2024-05-02 18:34:00,B101,DR-Grade,5128.16,5100,90.0,64.99,1.999,60.65,8.48,31.87,1196.1,3342.6,Good,
2024-05-02 18:35:00,B101,DR-Grade,5125.89,5100,90.0,62.49,1.999,57.06,8.31,31.86,1196.0,3266.3,Good,
2024-05-02 18:36:00,B101,DR-Grade,5124.18,5100,90.0,61.02,1.999,55.68,8.3,31.92,1195.6,3318.9,Good,
2024-05-02 18:37:00,B101,DR-Grade,5123.59,5100,90.0,61.54,1.999,58.66,8.09,31.98,1195.6,3299.4,Good,
2024-05-02 18:38:00,B101,DR-Grade,5121.43,5100,90.0,60.37,1.999,55.73,7.83,31.99,1195.4,3330.1,Good,
2024-05-02 18:39:00,B101,DR-Grade,5120.79,5100,90.0,61.41,1.999,57.8,8.2,31.98,1195.3,3339.9,Good,
2024-05-02 18:40:00,B101,DR-Grade,5118.81,5100,90.0,63.65,1.999,54.47,8.58,31.96,1195.1,3374.2,Good,
2024-05-02 18:41:00,B101,DR-Grade,5116.43,5100,90.0,62.39,1.999,57.63,7.38,31.96,1194.9,3318.3,Good,
2024-05-02 18:42:00,B101,DR-Grade,5114.7,5100,90.0,63.07,1.999,56.77,8.49,32.01,1194.7,3321.1,Good,
2024-05-02 18:43:00,B101,DR-Grade,5112.91,5100,90.0,61.89,1.999,56.92,8.49,32.06,1194.6,3354.2,Good,
2024-05-02 18:44:00,B101,DR-Grade,5112.03,5100,90.0,60.25,1.999,61.77,8.26,32.12,1194.4,3359.3,Good,
2024-05-02 18:45:00,B101,DR-Grade,5109.38,5100,90.0,62.65,1.999,56.77,8.51,32.18,1194.2,3258.8,Good,
2024-05-02 18:46:00,B101,DR-Grade,5107.4,5100,90.0,60.08,1.999,60.11,8.67,32.23,1194.0,3302.2,Good,
2024-05-02 18:47:00,B101,DR-Grade,5105.42,5100,90.0,63.71,1.999,58.47,8.44,32.23,1193.9,3267.5,Good,
2024-05-02 18:48:00,B101,DR-Grade,5103.37,5100,90.0,62.44,1.999,58.0,8.22,32.26,1193.7,3247.3,Good,
2024-05-02 18:49:00,B101,DR-Grade,5101.99,5100,90.0,62.54,1.999,55.74,8.68,32.34,1193.6,3330.8,Good,
2024-05-02 18:50:00,B101,DR-Grade,5100.23,5100,90.0,62.89,1.998,61.91,8.21,32.37,1193.3,3369.4,Good,
2024-05-02 18:51:00,B101,DR-Grade,5098.79,5100,90.0,61.0,1.998,57.82,8.22,32.38,1193.1,3230.8,Good,
2024-05-02 18:52:00,B101,DR-Grade,5097.21,5100,90.0,61.75,1.998,57.03,8.29,32.45,1193.0,3287.2,Good,
2024-05-02 18:53:00,B101,DR-Grade,5096.41,5100,90.0,62.31,1.998,57.13,8.31,32.45,1192.7,3380.7,Good,
2024-05-02 18:54:00,B101,DR-Grade,5094.61,5100,90.0,61.04,1.999,58.7,8.59,32.51,1192.6,3322.5,Good,
2024-05-02 18:55:00,B101,DR-Grade,5093.21,5100,90.0,62.48,1.998,59.07,8.68,32.49,1192.4,3293.0,Good,
2024-05-02 18:56:00,B101,DR-Grade,5092.29,5100,90.0,63.47,1.998,58.37,8.15,32.51,1192.2,3324.1,Good,
2024-05-02 18:57:00,B101,DR-Grade,5091.18,5100,90.0,61.67,1.998,56.54,8.37,32.55,1192.1,3314.2,Good,
2024-05-02 18:58:00,B101,DR-Grade,5089.79,5100,90.0,61.8,1.998,58.47,8.11,32.59,1192.0,3308.0,Good,
2024-05-02 18:59:00,B101,DR-Grade,5088.88,5100,90.0,60.62,1.997,56.96,8.63,32.61,1191.8,3317.2,Good,
2024-05-02 19:00:00,B101,DR-Grade,5087.76,5100,90.0,61.48,1.998,60.49,8.57,32.62,1191.5,3257.0,Good,
2024-05-02 19:01:00,B101,DR-Grade,5086.65,5100,90.0,59.38,1.998,58.59,8.23,32.63,1191.4,3347.1,Good,
2024-05-02 19:02:00,B101,DR-Grade,5085.35,5100,90.0,61.76,1.998,58.94,8.37,32.72,1191.1,3360.7,Good,
2024-05-02 19:03:00,B101,DR-Grade,5084.58,5100,90.0,63.12,1.998,59.41,7.86,32.72,1190.8,3300.0,Good,
2024-05-02 19:04:00,B101,DR-Grade,5083.88,5100,90.0,62.49,1.998,59.02,8.05,32.74,1190.9,3234.8,Good,
2024-05-02 19:05:00,B101,DR-Grade,5082.22,5100,90.0,62.52,1.998,59.1,8.28,32.73,1190.5,3292.7,Good,
2024-05-02 19:06:00,B101,DR-Grade,5081.25,5100,90.0,64.27,1.998,57.64,8.36,32.72,1190.2,3270.5,Good,
2024-05-02 19:07:00,B101,DR-Grade,5080.21,5100,90.0,61.38,1.998,58.66,8.21,32.79,1189.9,3272.0,Good,
2024-05-02 19:08:00,B101,DR-Grade,5079.33,5100,90.0,62.9,1.997,57.03,8.16,32.82,1189.8,3228.8,Good,
2024-05-02 19:09:00,B101,DR-Grade,5077.65,5100,90.0,63.32,1.997,55.56,7.78,32.82,1189.5,3265.3,Good,
2024-05-02 19:10:00,B101,DR-Grade,5075.71,5100,90.0,61.83,1.997,54.95,8.07,32.85,1189.3,3280.7,Good,
2024-05-02 19:11:00,B101,DR-Grade,5074.35,5100,90.0,62.09,1.998,59.27,8.15,32.89,1189.0,3307.8,Good,
2024-05-02 19:12:00,B101,DR-Grade,5073.75,5100,90.0,60.73,1.998,58.85,7.89,32.91,1188.8,3275.4,Good,
2024-05-02 19:13:00,B101,DR-Grade,5071.94,5100,90.0,59.82,1.998,60.92,8.24,32.96,1188.4,3337.0,Good,
2024-05-02 19:14:00,B101,DR-Grade,5071.3,5100,90.0,62.7,1.998,60.19,8.09,32.98,1188.1,3272.9,Good,
2024-05-02 19:15:00,B101,DR-Grade,5070.11,5100,90.0,61.12,1.998,57.41,8.22,33.02,1187.9,3281.7,Good,
2024-05-02 19:16:00,B101,DR-Grade,5069.03,5100,90.0,61.7,1.998,57.71,8.39,33.02,1187.6,3233.8,Good,
2024-05-02 19:17:00,B101,DR-Grade,5067.96,5100,90.0,61.11,1.998,58.68,7.96,33.03,1187.3,3315.2,Good,
2024-05-02 19:18:00,B101,DR-Grade,5066.59,5100,90.0,62.66,1.999,60.14,8.08,33.11,1187.2,3279.9,Good,
2024-05-02 19:19:00,B101,DR-Grade,5065.29,5100,90.0,60.61,1.999,59.83,8.08,33.16,1186.9,3344.4,Good,
2024-05-02 19:20:00,B101,DR-Grade,5064.5,5100,90.0,59.94,2.0,58.55,8.36,33.2,1186.6,3267.4,Good,
2024-05-02 19:21:00,B101,DR-Grade,5064.24,5100,90.0,63.18,2.0,60.28,8.61,33.26,1186.2,3266.0,Good,
2024-05-02 19:22:00,B101,DR-Grade,5063.22,5100,90.0,61.73,2.001,57.93,8.02,33.32,1185.8,3214.3,Good,
2024-05-02 19:23:00,B101,DR-Grade,5062.34,5100,90.0,60.46,2.001,58.72,8.2,33.32,1185.6,3169.5,Good,
2024-05-02 19:24:00,B101,DR-Grade,5060.74,5100,90.0,60.69,2.001,57.9,8.54,33.36,1185.4,3287.2,Good,
2024-05-02 19:25:00,B101,DR-Grade,5059.56,5100,90.0,63.2,2.001,58.73,8.14,33.41,1185.2,3183.8,Good,
2024-05-02 19:26:00,B101,DR-Grade,5059.08,5100,90.0,59.56,2.001,61.65,8.19,33.44,1184.9,3265.8,Good,
2024-05-02 19:27:00,B101,DR-Grade,5058.63,5100,90.0,60.62,2.001,58.47,8.3,33.5,1184.7,3263.8,Good,
2024-05-02 19:28:00,B101,DR-Grade,5057.4,5100,90.0,61.08,2.002,57.17,8.46,33.51,1184.3,3188.4,Good,
2024-05-02 19:29:00,B101,DR-Grade,5056.3,5100,90.0,62.92,2.002,58.93,8.52,33.55,1184.0,3164.7,Good,
2024-05-02 19:30:00,B101,DR-Grade,5054.99,5100,90.0,59.02,2.003,60.54,8.36,33.59,1183.7,3182.0,Good,
2024-05-02 19:31:00,B101,DR-Grade,5053.44,5100,90.0,62.23,2.003,59.32,8.42,33.68,1183.4,3232.4,Good,
2024-05-02 19:32:00,B101,DR-Grade,5052.69,5100,90.0,61.79,2.003,59.2,8.46,33.72,1183.0,3270.6,Good,
2024-05-02 19:33:00,B101,DR-Grade,5051.42,5100,90.0,60.47,2.003,58.52,8.52,33.75,1182.6,3189.0,Good,
2024-05-02 19:34:00,B101,DR-Grade,5051.26,5100,90.0,59.84,2.003,58.9,8.11,33.76,1182.4,3263.2,Good,
2024-05-02 19:35:00,B101,DR-Grade,5048.98,5100,90.0,61.06,2.003,60.75,8.76,33.77,1182.0,3257.6,Good,
2024-05-02 19:36:00,B101,DR-Grade,5046.93,5100,90.0,63.07,2.003,60.51,8.32,33.76,1181.8,3216.4,Good,
2024-05-02 19:37:00,B101,DR-Grade,5045.17,5100,90.0,59.73,2.003,57.9,8.56,33.78,1181.5,3229.9,Good,
2024-05-02 19:38:00,B101,DR-Grade,5044.18,5100,90.0,62.81,2.003,59.34,8.46,33.85,1181.3,3197.0,Good,
2024-05-02 19:39:00,B101,DR-Grade,5043.06,5100,90.0,63.06,2.003,59.84,8.9,33.89,1181.0,3172.1,Good,
2024-05-02 19:40:00,B101,DR-Grade,5041.6,5100,90.0,60.86,2.004,60.09,8.33,33.93,1180.5,3242.2,Good,
2024-05-02 19:41:00,B101,DR-Grade,5038.76,5100,90.0,62.59,2.003,58.7,8.28,33.95,1180.3,3210.9,Good,
2024-05-02 19:42:00,B101,DR-Grade,5037.87,5100,90.0,59.96,2.004,60.13,8.76,33.99,1179.9,3210.8,Good,
2024-05-02 19:43:00,B101,DR-Grade,5035.95,5100,90.0,60.66,2.004,58.34,7.96,34.02,1179.5,3149.2,Good,
2024-05-02 19:44:00,B101,DR-Grade,5035.78,5100,90.0,61.53,2.005,56.47,8.4,34.03,1179.3,3210.3,Good,
2024-05-02 19:45:00,B101,DR-Grade,5034.9,5100,90.0,62.28,2.005,58.77,8.24,34.06,1178.9,3171.5,Good,
2024-05-02 19:46:00,B101,DR-Grade,5033.52,5100,90.0,61.45,2.005,58.26,8.35,34.13,1178.7,3240.3,Good,
2024-05-02 19:47:00,B101,DR-Grade,5032.43,5100,90.0,62.01,2.005,60.14,8.47,34.2,1178.4,3152.8,Good,
2024-05-02 19:48:00,B101,DR-Grade,5032.42,5100,90.0,62.79,2.005,60.33,8.75,34.28,1177.9,3181.9,Good,
2024-05-02 19:49:00,B101,DR-Grade,5031.3,5100,90.0,60.71,2.006,58.0,8.34,34.3,1177.6,3163.3,Good,
2024-05-02 19:50:00,B101,DR-Grade,5029.73,5100,90.0,60.96,2.005,59.33,8.43,34.36,1177.4,3215.2,Good,
2024-05-02 19:51:00,B101,DR-Grade,5027.35,5100,90.0,62.05,2.006,56.02,8.33,34.42,1177.1,3169.2,Good,
2024-05-02 19:52:00,B101,DR-Grade,5026.36,5100,90.0,61.65,2.006,57.95,8.53,34.44,1176.7,3115.4,Good,
2024-05-02 19:53:00,B101,DR-Grade,5025.04,5100,90.0,62.87,2.006,59.28,8.34,34.5,1176.4,3120.8,Good,
2024-05-02 19:54:00,B101,DR-Grade,5024.83,5100,90.0,60.32,2.006,57.16,8.6,34.52,1175.9,3149.0,Good,
2024-05-02 19:55:00,B101,DR-Grade,5024.06,5100,90.0,60.4,2.006,58.17,8.22,34.56,1175.5,3255.7,Good,
2024-05-02 19:56:00,B101,DR-Grade,5023.83,5100,90.0,61.93,2.006,60.92,8.19,34.55,1175.3,3133.9,Good,
2024-05-02 19:57:00,B101,DR-Grade,5022.75,5100,90.0,60.01,2.007,58.01,8.33,34.56,1175.1,3199.3,Good,
2024-05-02 19:58:00,B101,DR-Grade,5021.44,5100,90.0,63.86,2.006,57.49,8.51,34.62,1174.9,3132.2,Good,
2024-05-02 19:59:00,B101,DR-Grade,5021.18,5100,90.0,64.1,2.006,59.75,8.56,34.67,1174.6,3161.1,Good,
2024-05-02 20:00:00,B101,DR-Grade,5020.29,5100,90.0,60.97,2.005,59.34,8.69,34.73,1174.3,3170.1,Good,
2024-05-02 20:01:00,B101,DR-Grade,5019.08,5100,90.0,63.63,2.006,57.55,8.75,34.75,1174.1,3128.9,Good,
2024-05-02 20:02:00,B101,DR-Grade,5018.25,5100,90.0,60.54,2.006,58.33,8.66,34.8,1173.7,3180.2,Good,
2024-05-02 20:03:00,B101,DR-Grade,5018.07,5100,90.0,63.35,2.006,57.89,8.43,34.89,1173.5,3110.1,Good,
2024-05-02 20:04:00,B101,DR-Grade,5016.96,5100,90.0,61.15,2.006,59.05,8.24,34.95,1173.1,3146.8,Good,
2024-05-02 20:05:00,B101,DR-Grade,5017.35,5100,90.0,62.89,2.006,56.36,8.49,34.94,1172.7,3156.3,Good,
2024-05-02 20:06:00,B101,DR-Grade,5016.92,5100,90.0,58.84,2.005,56.24,8.47,34.98,1172.2,3138.4,Good,
2024-05-02 20:07:00,B101,DR-Grade,5015.52,5100,90.0,60.38,2.005,62.24,8.68,35.04,1171.9,3133.2,Good,
2024-05-02 20:08:00,B101,DR-Grade,5014.19,5100,90.0,62.51,2.006,59.35,8.68,35.02,1171.5,3108.4,Good,
2024-05-02 20:09:00,B101,DR-Grade,5013.47,5100,90.0,62.92,2.005,60.92,8.48,35.06,1171.2,3122.5,Good,
2024-05-02 20:10:00,B101,DR-Grade,5012.6,5100,90.0,62.2,2.006,58.13,8.73,35.09,1170.8,3159.3,Good,
2024-05-02 20:11:00,B101,DR-Grade,5011.73,5100,90.0,61.76,2.006,60.07,8.39,35.15,1170.5,3040.2,Good,
2024-05-02 20:12:00,B101,DR-Grade,5011.0,5100,90.0,59.19,2.006,61.18,8.8,35.18,1170.3,3195.6,Good,
2024-05-02 20:13:00,B101,DR-Grade,5010.52,5100,90.0,61.69,2.006,58.04,8.88,35.21,1170.0,3056.2,Good,
2024-05-02 20:14:00,B101,DR-Grade,5009.75,5100,90.0,61.12,2.005,59.33,8.92,35.24,1169.7,3127.4,Good,
2024-05-02 20:15:00,B101,DR-Grade,5008.83,5100,90.0,60.44,2.006,59.03,8.28,35.3,1169.5,3047.4,Good,
2024-05-02 20:16:00,B101,DR-Grade,5007.15,5100,90.0,62.02,2.006,58.1,8.15,35.33,1169.2,3139.1,Good,
2024-05-02 20:17:00,B101,DR-Grade,5007.51,5100,90.0,61.32,2.006,60.17,8.54,35.35,1168.8,3093.9,Good,
2024-05-02 20:18:00,B101,DR-Grade,5007.01,5100,90.0,60.86,2.006,58.74,8.31,35.41,1168.4,3064.3,Good,
2024-05-02 20:19:00,B101,DR-Grade,5006.77,5100,90.0,62.11,2.005,57.33,8.64,35.48,1167.9,3153.3,Good,
2024-05-02 20:20:00,B101,DR-Grade,5006.33,5100,90.0,61.37,2.006,58.11,8.68,35.51,1167.7,3113.2,Good,
2024-05-02 20:21:00,B101,DR-Grade,5006.53,5100,90.0,62.54,2.006,56.94,8.51,35.53,1167.4,3132.3,Good,
2024-05-02 20:22:00,B101,DR-Grade,5006.03,5100,90.0,64.71,2.005,55.78,9.01,35.55,1167.1,3130.6,Good,
2024-05-02 20:23:00,B101,DR-Grade,5006.24,5100,90.0,64.47,2.005,57.35,8.44,35.57,1166.8,3080.4,Good,
2024-05-02 20:24:00,B101,DR-Grade,5005.42,5100,90.0,60.56,2.005,58.87,8.41,35.62,1166.5,3001.9,Good,
2024-05-02 20:25:00,B101,DR-Grade,5004.81,5100,90.0,61.2,2.005,56.78,8.78,35.67,1166.2,3053.6,Good,
2024-05-02 20:26:00,B101,DR-Grade,5004.65,5100,90.0,63.14,2.005,56.66,8.18,35.71,1165.9,3089.0,Good,
2024-05-02 20:27:00,B101,DR-Grade,5004.54,5100,90.0,63.66,2.005,54.57,8.58,35.74,1165.7,3167.7,Good,
2024-05-02 20:28:00,B101,DR-Grade,5004.78,5100,90.0,61.7,2.005,56.04,8.79,35.82,1165.3,3124.1,Good,
2024-05-02 20:29:00,B101,DR-Grade,5004.03,5100,90.0,62.42,2.005,58.73,8.65,35.82,1165.0,3012.1,Good,
2024-05-02 20:30:00,B101,DR-Grade,5003.88,5100,90.0,61.13,2.005,56.39,8.5,35.88,1164.6,3094.2,Good,
2024-05-02 20:31:00,B101,DR-Grade,5003.18,5100,90.0,62.63,2.005,56.3,8.78,35.9,1164.1,3035.6,Good,
2024-05-02 20:32:00,B101,DR-Grade,5001.98,5100,90.0,61.03,2.005,55.75,8.46,35.94,1163.8,3054.2,Good,
2024-05-02 20:33:00,B101,DR-Grade,5002.17,5100,90.0,62.33,2.005,57.72,8.52,36.0,1163.5,2988.7,Good,
2024-05-02 20:34:00,B101,DR-Grade,5001.77,5100,90.0,60.19,2.005,55.32,8.93,36.04,1163.3,3067.7,Good,
2024-05-02 20:35:00,B101,DR-Grade,5000.85,5100,90.0,61.24,2.006,56.4,8.59,36.09,1162.8,3047.0,Good,
2024-05-02 20:36:00,B101,DR-Grade,5000.08,5100,90.0,61.61,2.006,56.31,9.19,36.1,1162.5,3019.0,Good,
2024-05-02 20:37:00,B101,DR-Grade,5000.06,5100,90.0,60.95,2.006,54.69,8.47,36.14,1162.2,3049.1,Good,
2024-05-02 20:38:00,B101,DR-Grade,4999.75,5100,90.0,61.63,2.006,56.82,8.15,36.21,1162.0,3116.4,Good,
2024-05-02 20:39:00,B101,DR-Grade,4999.39,5100,90.0,63.1,2.006,56.07,8.94,36.23,1161.6,3078.8,Good,
2024-05-02 20:40:00,B101,DR-Grade,4999.48,5100,90.0,62.97,2.006,54.54,8.75,36.22,1161.3,3100.2,Good,
2024-05-02 20:41:00,B101,DR-Grade,4999.19,5100,90.0,63.47,2.006,56.32,8.62,36.24,1161.0,3043.8,Good,
2024-05-02 20:42:00,B101,DR-Grade,4997.9,5100,90.0,60.99,4.734,57.0,8.49,36.31,1160.6,3041.9,Bad,
2024-05-02 20:43:00,B101,DR-Grade,4998.14,5100,90.0,61.74,2.006,56.11,8.86,36.34,1160.3,2976.4,Good,
2024-05-02 20:44:00,B101,DR-Grade,4997.63,5100,90.0,62.62,2.006,56.54,8.55,36.36,1160.0,3020.1,Good,
2024-05-02 20:45:00,B101,DR-Grade,4997.2,5100,90.0,59.48,2.006,56.33,8.5,36.4,1159.7,2963.6,Good,
2024-05-02 20:46:00,B101,DR-Grade,4995.61,5100,90.0,62.58,2.007,55.74,9.04,36.46,1159.3,3038.6,Good,
2024-05-02 20:47:00,B101,DR-Grade,4993.56,5100,90.0,62.29,2.007,55.41,8.92,36.45,1159.0,3023.0,Good,
2024-05-02 20:48:00,B101,DR-Grade,4993.4,5100,90.0,61.0,2.007,58.72,8.79,36.52,1158.8,3057.2,Good,
2024-05-02 20:49:00,B101,DR-Grade,4992.97,5100,90.0,60.48,2.007,56.76,8.51,36.52,1158.5,3082.2,Good,
2024-05-02 20:50:00,B101,DR-Grade,4992.81,5100,90.0,61.39,2.007,54.41,8.76,36.58,1158.2,3075.8,Good,
2024-05-02 20:51:00,B101,DR-Grade,4992.83,5100,90.0,59.67,2.008,53.99,8.55,36.63,1157.8,3046.7,Good,
2024-05-02 20:52:00,B101,DR-Grade,4993.21,5100,90.0,60.22,2.008,53.82,8.96,36.63,1157.6,3032.7,Good,
2024-05-02 20:53:00,B101,DR-Grade,4993.85,5100,90.0,61.35,2.009,53.54,8.81,36.7,1157.3,2949.8,Good,
2024-05-02 20:54:00,B101,DR-Grade,4994.45,5100,90.0,61.65,2.009,55.08,8.77,36.74,1157.2,3060.5,Good,
2024-05-02 20:55:00,B101,DR-Grade,4993.8,5100,90.0,60.15,2.009,58.17,8.59,36.78,1157.0,3047.1,Good,
2024-05-02 20:56:00,B101,DR-Grade,4993.28,5100,90.0,60.75,2.01,53.56,8.63,36.78,1156.7,3038.8,Good,
2024-05-02 20:57:00,B101,DR-Grade,4993.29,5100,90.0,61.25,2.009,55.19,8.7,36.82,1156.4,3037.0,Good,
2024-05-02 20:58:00,B101,DR-Grade,4994.06,5100,90.0,62.47,2.009,55.28,8.64,36.88,1156.3,3063.6,Good,
2024-05-02 20:59:00,B101,DR-Grade,4994.67,5100,90.0,60.21,2.009,55.51,8.62,36.9,1156.1,2991.8,Good,
2024-05-02 21:00:00,B101,DR-Grade,4994.37,5100,90.0,61.31,2.01,52.23,8.29,36.92,1155.9,3027.3,Good,
2024-05-02 21:01:00,B101,DR-Grade,4993.69,5100,90.0,62.21,2.01,53.43,8.43,36.96,1155.6,3058.6,Good,
2024-05-02 21:02:00,B101,DR-Grade,4993.88,5100,90.0,62.1,2.01,53.2,8.74,37.0,1155.4,2969.8,Good,
2024-05-02 21:03:00,B101,DR-Grade,4993.8,5100,90.0,62.54,2.01,54.38,8.73,37.04,1155.1,3027.3,Good,
2024-05-02 21:04:00,B101,DR-Grade,4994.23,5100,90.0,60.21,2.01,54.54,8.82,37.13,1155.1,2931.5,Good,
2024-05-02 21:05:00,B101,DR-Grade,4994.75,5100,90.0,61.08,2.01,56.83,8.61,37.18,1154.8,3039.3,Good,
2024-05-02 21:06:00,B101,DR-Grade,4995.01,5100,90.0,61.15,2.01,55.05,8.56,37.19,1154.6,2960.9,Good,
2024-05-02 21:07:00,B101,DR-Grade,4994.6,5100,90.0,59.46,2.01,57.95,8.94,37.19,1154.2,3047.4,Good,
2024-05-02 21:08:00,B101,DR-Grade,4994.02,5100,90.0,61.57,2.01,55.09,9.04,37.23,1154.1,3037.2,Good,
2024-05-02 21:09:00,B101,DR-Grade,4993.98,5100,90.0,62.51,2.011,55.75,8.77,37.28,1153.8,2916.3,Good,
2024-05-02 21:10:00,B101,DR-Grade,4994.39,5100,90.0,61.74,2.011,52.18,8.79,37.31,1153.8,3016.7,Good,
2024-05-02 21:11:00,B101,DR-Grade,4994.5,5100,90.0,62.71,2.011,51.35,8.56,37.35,1153.5,2993.0,Good,
2024-05-02 21:12:00,B101,DR-Grade,4995.06,5100,90.0,62.04,2.012,52.01,8.89,37.39,1153.3,3025.7,Good,
2024-05-02 21:13:00,B101,DR-Grade,4995.01,5100,90.0,62.28,2.012,53.26,8.75,37.42,1153.3,3051.6,Good,
2024-05-02 21:14:00,B101,DR-Grade,4995.82,5100,90.0,61.1,2.012,54.32,8.57,37.42,1153.0,2927.8,Good,
2024-05-02 21:15:00,B101,DR-Grade,4996.22,5100,90.0,62.2,2.013,54.69,8.88,37.45,1152.8,2988.7,Good,
2024-05-02 21:16:00,B101,DR-Grade,4996.26,5100,90.0,60.9,2.013,53.52,9.13,37.5,1152.6,2938.1,Good,
2024-05-02 21:17:00,B101,DR-Grade,4996.09,5100,90.0,62.89,2.013,52.8,8.92,37.56,1152.4,2964.3,Good,
2024-05-02 21:18:00,B101,DR-Grade,4996.26,5100,90.0,62.79,2.013,52.48,8.59,37.6,1152.3,2982.5,Good,
2024-05-02 21:19:00,B101,DR-Grade,4996.57,5100,90.0,62.64,2.014,55.73,8.64,37.64,1152.2,3044.9,Good,
2024-05-02 21:20:00,B101,DR-Grade,4997.74,5100,90.0,63.81,2.014,52.0,8.52,37.72,1152.0,2982.0,Good,
2024-05-02 21:21:00,B101,DR-Grade,4998.08,5100,90.0,59.82,2.014,56.19,8.7,37.74,1151.8,2960.7,Good,
2024-05-02 21:22:00,B101,DR-Grade,4998.77,5100,90.0,61.18,2.015,52.2,8.53,37.8,1151.5,2931.0,Good,
2024-05-02 21:23:00,B101,DR-Grade,4997.92,5100,90.0,60.95,2.015,53.06,8.93,37.86,1151.4,2972.5,Good,
2024-05-02 21:24:00,B101,DR-Grade,4998.81,5100,90.0,59.31,2.015,51.84,8.66,37.91,1151.3,2904.5,Good,
2024-05-02 21:25:00,B101,DR-Grade,4999.12,5100,90.0,62.67,2.015,55.5,9.19,37.95,1151.2,3029.5,Good,
2024-05-02 21:26:00,B101,DR-Grade,4998.96,5100,90.0,61.05,2.015,55.57,8.54,37.95,1151.1,2981.0,Good,
2024-05-02 21:27:00,B101,DR-Grade,4998.05,5100,90.0,61.28,2.015,54.19,8.98,37.99,1150.9,2929.8,Good,
2024-05-02 21:28:00,B101,DR-Grade,4997.95,5100,90.0,59.5,2.015,51.62,8.36,38.02,1150.7,2957.1,Good,
2024-05-02 21:29:00,B101,DR-Grade,4999.27,5100,90.0,64.72,2.015,53.28,8.99,38.07,1150.6,2999.0,Good,
2024-05-02 21:30:00,B101,DR-Grade,5000.16,5100,90.0,63.65,2.016,51.48,8.48,38.08,1150.5,3036.9,Good,
2024-05-02 21:31:00,B101,DR-Grade,5001.03,5100,90.0,62.76,2.016,50.34,8.65,38.1,1150.4,3047.3,Good,
2024-05-02 21:32:00,B101,DR-Grade,5001.2,5100,90.0,60.85,2.016,53.93,8.94,38.14,1150.4,2901.4,Good,
2024-05-02 21:33:00,B101,DR-Grade,5002.0,5100,90.0,61.9,2.016,52.24,9.09,38.21,1150.3,2976.4,Good,
2024-05-02 21:34:00,B101,DR-Grade,5002.81,5100,90.0,63.98,2.016,51.99,8.63,38.24,1150.1,2907.6,Good,
2024-05-02 21:35:00,B101,DR-Grade,5003.48,5100,90.0,60.26,2.016,55.71,9.09,38.29,1150.0,2983.2,Good,
2024-05-02 21:36:00,B101,DR-Grade,5003.45,5100,90.0,59.43,2.017,53.21,8.8,38.31,1149.9,2903.8,Good,
2024-05-02 21:37:00,B101,DR-Grade,5003.61,5100,90.0,61.82,2.017,53.73,9.38,38.35,1149.8,2958.0,Good,
2024-05-02 21:38:00,B101,DR-Grade,5003.95,5100,90.0,62.43,2.017,54.73,9.17,38.44,1149.7,2981.4,Good,
2024-05-02 21:39:00,B101,DR-Grade,5006.19,5100,90.0,61.26,2.017,53.59,8.82,38.49,1149.5,2974.8,Good,
2024-05-02 21:40:00,B101,DR-Grade,5005.61,5100,90.0,62.56,2.017,50.1,8.83,38.55,1149.5,2928.3,Good,
2024-05-02 21:41:00,B101,DR-Grade,5007.09,5100,90.0,62.63,2.018,53.65,8.53,38.59,1149.4,2954.9,Good,
2024-05-02 21:42:00,B101,DR-Grade,5008.45,5100,90.0,60.72,2.018,51.11,8.83,38.62,1149.4,2953.2,Good,
2024-05-02 21:43:00,B101,DR-Grade,5009.15,5100,90.0,62.45,2.017,52.31,9.04,38.65,1149.3,2944.6,Good,
2024-05-02 21:44:00,B101,DR-Grade,5010.2,5100,90.0,60.99,2.017,51.22,8.85,38.7,1149.3,3001.0,Good,
2024-05-02 21:45:00,B101,DR-Grade,5011.01,5100,90.0,62.12,2.018,55.02,8.75,38.72,1149.3,2914.7,Good,
2024-05-02 21:46:00,B101,DR-Grade,5011.94,5100,90.0,59.7,2.018,54.78,9.28,38.76,1149.3,3019.9,Good,
2024-05-02 21:47:00,B101,DR-Grade,5012.23,5100,90.0,61.68,2.018,51.02,8.78,38.8,1149.2,3013.6,Good,
2024-05-02 21:48:00,B101,DR-Grade,5011.76,5100,90.0,60.63,2.019,49.86,8.86,38.85,1149.2,3006.4,Good,
2024-05-02 21:49:00,B101,DR-Grade,5013.93,5100,90.0,62.21,2.018,52.05,9.0,38.92,1149.1,2966.6,Good,
2024-05-02 21:50:00,B101,DR-Grade,5015.59,5100,90.0,61.24,2.019,52.86,8.56,38.97,1149.0,2889.9,Good,
2024-05-02 21:51:00,B101,DR-Grade,5015.47,5100,90.0,62.14,2.019,50.18,8.7,38.98,1149.1,2974.9,Good,
2024-05-02 21:52:00,B101,DR-Grade,5016.8,5100,90.0,63.9,2.019,49.72,8.57,38.99,1149.2,2900.3,Good,
2024-05-02 21:53:00,B101,DR-Grade,5017.27,5100,90.0,62.42,2.018,50.58,9.04,38.98,1149.1,2893.7,Good,
2024-05-02 21:54:00,B101,DR-Grade,5018.25,5100,90.0,60.94,2.018,49.12,9.36,39.01,1149.1,2936.5,Good,
2024-05-02 21:55:00,B101,DR-Grade,5018.39,5100,90.0,60.93,2.018,51.82,9.18,39.07,1149.1,2886.5,Good,
2024-05-02 21:56:00,B101,DR-Grade,5018.52,5100,90.0,60.7,2.018,53.64,8.81,39.13,1149.1,2925.3,Good,
2024-05-02 21:57:00,B101,DR-Grade,5020.32,5100,90.0,61.39,2.019,52.35,9.16,39.14,1149.1,2978.7,Good,
2024-05-02 21:58:00,B101,DR-Grade,5020.82,5100,90.0,64.19,2.018,53.21,9.12,39.17,1149.2,3010.3,Good,
2024-05-02 21:59:00,B101,DR-Grade,5021.54,5100,90.0,62.04,2.019,50.65,8.9,39.23,1149.2,2973.8,Good,
2024-05-02 22:00:00,B101,DR-Grade,5022.72,5100,90.0,63.27,2.019,51.69,9.14,39.3,1149.2,2928.2,Good,
2024-05-02 22:01:00,B101,DR-Grade,5024.36,5100,90.0,62.45,2.019,50.08,8.9,39.35,1149.3,2976.6,Good,
2024-05-02 22:02:00,B101,DR-Grade,5024.89,5100,90.0,62.11,2.019,48.52,8.86,39.39,1149.4,2897.6,Good,
2024-05-02 22:03:00,B101,DR-Grade,5026.06,5100,90.0,59.74,2.019,46.1,9.48,39.45,1149.3,2997.4,Good,
2024-05-02 22:04:00,B101,DR-Grade,5027.32,5100,90.0,61.28,2.019,48.9,8.82,39.48,1149.3,2939.3,Good,
2024-05-02 22:05:00,B101,DR-Grade,5027.82,5100,90.0,59.6,2.019,51.38,8.88,39.54,1149.3,2991.5,Good,
2024-05-02 22:06:00,B101,DR-Grade,5028.35,5100,90.0,61.83,2.02,52.57,8.96,39.58,1149.4,2926.0,Good,
2024-05-02 22:07:00,B101,DR-Grade,5029.56,5100,90.0,63.28,2.02,53.1,8.98,39.62,1149.5,2983.6,Good,
2024-05-02 22:08:00,B101,DR-Grade,5030.37,5100,90.0,61.43,2.019,51.01,9.12,39.62,1149.3,2926.8,Good,
2024-05-02 22:09:00,B101,DR-Grade,5032.15,5100,90.0,62.37,2.019,49.9,8.96,39.66,1149.5,2952.7,Good,
2024-05-02 22:10:00,B101,DR-Grade,5032.03,5100,90.0,60.68,2.02,48.9,8.82,39.7,1149.5,3005.6,Good,
2024-05-02 22:11:00,B101,DR-Grade,5033.24,5100,90.0,60.48,2.02,52.63,8.86,39.79,1149.5,3013.1,Good,
2024-05-02 22:12:00,B101,DR-Grade,5034.07,5100,90.0,60.82,2.02,54.57,8.91,39.82,1149.6,2976.9,Good,
2024-05-02 22:13:00,B101,DR-Grade,5034.22,5100,90.0,62.39,2.02,52.25,8.5,39.9,1149.6,2943.1,Good,
2024-05-02 22:14:00,B101,DR-Grade,5035.1,5100,90.0,61.67,2.02,54.8,9.06,39.9,1149.6,2954.6,Good,
2024-05-02 22:15:00,B101,DR-Grade,5035.25,5100,90.0,62.34,2.021,50.5,8.76,39.96,1149.8,2930.3,Good,
2024-05-02 22:16:00,B101,DR-Grade,5036.02,5100,90.0,64.2,2.021,52.93,8.82,40.0,1149.7,2932.6,Good,
2024-05-02 22:17:00,B101,DR-Grade,5037.61,5100,90.0,59.32,2.021,52.94,9.06,40.0,1149.8,2993.1,Good,
2024-05-02 22:18:00,B101,DR-Grade,5038.2,5100,90.0,63.37,2.021,48.46,8.93,40.02,1149.8,2980.3,Good,
2024-05-02 22:19:00,B101,DR-Grade,5039.54,5100,90.0,62.6,2.021,51.4,8.92,40.06,1149.9,2995.4,Good,
2024-05-02 22:20:00,B101,DR-Grade,5040.72,5100,90.0,62.89,2.021,52.4,8.85,40.09,1150.0,2975.1,Good,
2024-05-02 22:21:00,B101,DR-Grade,5041.46,5100,90.0,60.81,2.021,50.1,8.96,40.14,1150.0,2951.1,Good,
2024-05-02 22:22:00,B101,DR-Grade,5042.33,5100,90.0,60.01,2.021,47.87,9.13,40.14,1150.1,2938.7,Good,
2024-05-02 22:23:00,B101,DR-Grade,5043.49,5100,90.0,63.76,2.021,51.48,9.09,40.19,1150.3,3035.5,Good,
2024-05-02 22:24:00,B101,DR-Grade,5044.72,5100,90.0,58.66,2.021,53.42,8.86,40.22,1150.4,2955.6,Good,
2024-05-02 22:25:00,B101,DR-Grade,5045.5,5100,90.0,62.27,2.021,51.17,9.31,40.27,1150.4,2988.9,Good,
2024-05-02 22:26:00,B101,DR-Grade,5046.48,5100,90.0,63.33,2.021,53.4,9.15,40.26,1150.7,2966.4,Good,
2024-05-02 22:27:00,B101,DR-Grade,5048.0,5100,90.0,61.44,2.021,49.81,9.19,40.31,1150.8,2956.9,Good,
2024-05-02 22:28:00,B101,DR-Grade,5048.53,5100,90.0,62.37,2.022,53.76,9.1,40.34,1150.9,2998.2,Good,
2024-05-02 22:29:00,B101,DR-Grade,5048.97,5100,90.0,60.53,2.022,50.18,8.94,40.37,1151.0,3000.6,Good,
2024-05-02 22:30:00,B101,DR-Grade,5050.25,5100,90.0,58.85,2.022,49.29,9.38,40.41,1151.0,2964.8,Good,
2024-05-02 22:31:00,B101,DR-Grade,5051.64,5100,90.0,60.5,2.021,50.32,8.81,40.41,1151.0,2982.3,Good,
2024-05-02 22:32:00,B101,DR-Grade,5051.47,5100,90.0,61.06,2.022,49.09,9.05,40.41,1151.1,2954.2,Good,
2024-05-02 22:33:00,B101,DR-Grade,5052.67,5100,90.0,61.8,2.023,50.26,9.05,40.44,1151.2,3020.4,Good,
2024-05-02 22:34:00,B101,DR-Grade,5054.6,5100,90.0,62.57,2.023,50.78,8.81,40.49,1151.4,2979.2,Good,
2024-05-02 22:35:00,B101,DR-Grade,5056.23,5100,90.0,61.15,2.023,52.02,9.12,40.49,1151.6,2945.4,Good,
2024-05-02 22:36:00,B101,DR-Grade,5057.19,5100,90.0,63.23,2.024,51.42,9.04,40.49,1151.7,3003.1,Good,
2024-05-02 22:37:00,B101,DR-Grade,5058.58,5100,90.0,63.2,2.024,49.57,8.71,40.51,1151.8,2936.6,Good,
2024-05-02 22:38:00,B101,DR-Grade,5058.85,5100,90.0,62.63,2.024,49.22,9.01,40.55,1152.0,2972.9,Good,
2024-05-02 22:39:00,B101,DR-Grade,5060.4,5100,90.0,59.97,2.024,49.36,9.41,40.56,1152.1,2903.1,Good,
2024-05-02 22:40:00,B101,DR-Grade,5061.78,5100,90.0,63.36,2.024,49.89,9.16,40.6,1152.4,2941.3,Good,
2024-05-02 22:41:00,B101,DR-Grade,5063.48,5100,90.0,61.65,2.024,48.18,9.57,40.65,1152.5,2977.5,Good,
2024-05-02 22:42:00,B101,DR-Grade,5064.62,5100,90.0,61.98,2.025,49.51,8.73,40.67,1152.8,2933.5,Good,
2024-05-02 22:43:00,B101,DR-Grade,5066.22,5100,90.0,63.58,2.025,50.78,8.8,40.72,1152.9,2907.1,Good,
2024-05-02 22:44:00,B101,DR-Grade,5067.22,5100,90.0,61.17,2.025,52.22,9.17,40.75,1153.3,3020.8,Good,
2024-05-02 22:45:00,B101,DR-Grade,5069.08,5100,90.0,62.41,2.026,50.41,8.99,40.8,1153.5,2904.5,Good,
2024-05-02 22:46:00,B101,DR-Grade,5070.59,5100,90.0,60.83,2.026,48.53,8.68,40.84,1153.7,3007.1,Good,
2024-05-02 22:47:00,B101,DR-Grade,5070.86,5100,90.0,61.37,2.026,50.12,9.17,40.93,1153.9,3015.5,Good,
2024-05-02 22:48:00,B101,DR-Grade,5071.21,5100,90.0,61.93,2.026,49.61,9.4,40.98,1154.1,3034.0,Good,
2024-05-02 22:49:00,B101,DR-Grade,5072.79,5100,90.0,62.11,2.026,51.58,8.83,41.0,1154.3,3084.7,Good,
2024-05-02 22:50:00,B101,DR-Grade,5074.63,5100,90.0,63.33,2.026,52.31,9.06,41.07,1154.6,2987.1,Good,
2024-05-02 22:51:00,B101,DR-Grade,5076.65,5100,90.0,63.44,2.027,51.98,8.98,41.1,1154.8,2996.4,Good,
2024-05-02 22:52:00,B101,DR-Grade,5077.67,5100,90.0,61.74,2.027,50.49,9.04,41.13,1154.9,3050.2,Good,
2024-05-02 22:53:00,B101,DR-Grade,5079.11,5100,90.0,60.18,2.027,49.87,9.0,41.18,1155.1,3018.2,Good,
2024-05-02 22:54:00,B101,DR-Grade,5080.26,5100,90.0,63.3,2.027,49.71,9.07,41.19,1155.4,3005.0,Good,
2024-05-02 22:55:00,B101,DR-Grade,5081.23,5100,90.0,62.11,2.027,50.33,9.35,41.26,1155.6,3023.0,Good,
2024-05-02 22:56:00,B101,DR-Grade,5082.44,5100,90.0,61.82,2.027,53.7,9.18,41.32,1155.8,2991.5,Good,
2024-05-02 22:57:00,B101,DR-Grade,5084.48,5100,90.0,61.07,2.027,51.83,9.35,41.36,1156.0,2969.2,Good,
2024-05-02 22:58:00,B101,DR-Grade,5085.59,5100,90.0,58.36,2.028,52.49,9.45,41.35,1156.3,2978.1,Good,
2024-05-02 22:59:00,B101,DR-Grade,5087.96,5100,90.0,62.79,2.028,52.8,9.14,41.35,1156.4,3003.3,Good,
2024-05-02 23:00:00,B101,DR-Grade,5088.6,5100,90.0,64.56,2.028,50.04,8.85,41.38,1156.6,3044.8,Good,
2024-05-02 23:01:00,B101,DR-Grade,5089.8,5100,90.0,63.15,2.027,52.45,9.19,41.41,1157.0,3046.7,Good,
2024-05-02 23:02:00,B101,DR-Grade,5091.49,5100,90.0,62.79,2.028,51.44,9.33,41.45,1157.2,3020.3,Good,
2024-05-02 23:03:00,B101,DR-Grade,5093.18,5100,90.0,61.58,2.028,55.24,9.23,41.47,1157.5,3000.3,Good,
2024-05-02 23:04:00,B101,DR-Grade,5094.66,5100,90.0,61.91,2.029,50.08,9.4,41.46,1157.7,2942.7,Good,
2024-05-02 23:05:00,B101,DR-Grade,5095.13,5100,90.0,63.22,2.029,48.63,9.48,41.49,1157.9,3051.1,Good,
2024-05-02 23:06:00,B101,DR-Grade,5096.4,5100,90.0,59.17,2.029,50.31,9.11,41.55,1158.2,3061.5,Good,
2024-05-02 23:07:00,B101,DR-Grade,5098.62,5100,90.0,60.41,2.03,50.63,9.28,41.56,1158.4,3073.3,Good,
2024-05-02 23:08:00,B101,DR-Grade,5100.42,5100,90.0,62.27,2.03,51.9,8.94,41.62,1158.6,2988.5,Good,
2024-05-02 23:09:00,B101,DR-Grade,5102.15,5100,90.0,61.89,2.03,52.05,9.02,41.63,1158.9,3044.0,Good,
2024-05-02 23:10:00,B101,DR-Grade,5103.84,5100,90.0,63.05,2.029,51.32,9.17,41.67,1159.1,3033.2,Good,
2024-05-02 23:11:00,B101,DR-Grade,5105.24,5100,90.0,60.58,2.029,49.99,9.26,41.72,1159.3,3006.1,Good,
2024-05-02 23:12:00,B101,DR-Grade,5106.67,5100,90.0,61.62,2.03,52.27,9.14,41.76,1159.5,3016.4,Good,
2024-05-02 23:13:00,B101,DR-Grade,5107.81,5100,90.0,61.81,2.03,51.41,8.8,41.78,1159.8,3028.1,Good,
2024-05-02 23:14:00,B101,DR-Grade,5110.04,5100,90.0,62.26,2.03,51.72,9.03,41.8,1160.1,3010.1,Good,
2024-05-02 23:15:00,B101,DR-Grade,5111.76,5100,90.0,62.87,2.03,52.1,9.13,41.78,1160.4,3093.8,Good,
2024-05-02 23:16:00,B101,DR-Grade,5113.45,5100,90.0,62.94,2.03,49.56,9.05,41.83,1160.8,2988.5,Good,
2024-05-02 23:17:00,B101,DR-Grade,5115.03,5100,90.0,64.56,2.03,49.89,9.27,41.86,1161.0,3102.8,Good,
2024-05-02 23:18:00,B101,DR-Grade,5116.38,5100,90.0,62.19,2.031,51.16,9.32,41.85,1161.2,3041.1,Good,
2024-05-02 23:19:00,B101,DR-Grade,5117.06,5100,90.0,62.9,2.031,50.11,9.08,41.87,1161.5,3055.7,Good,
2024-05-02 23:20:00,B101,DR-Grade,5118.54,5100,90.0,60.5,2.031,52.41,9.01,41.84,1161.8,2999.1,Good,
2024-05-02 23:21:00,B101,DR-Grade,5119.66,5100,90.0,61.71,2.031,54.75,9.26,41.85,1162.2,3065.6,Good,
2024-05-02 23:22:00,B101,DR-Grade,5120.85,5100,90.0,61.46,2.031,52.51,9.03,41.87,1162.4,2995.3,Good,
2024-05-02 23:23:00,B101,DR-Grade,5122.47,5100,90.0,61.59,2.031,52.87,9.24,41.89,1162.7,3094.4,Good,
2024-05-02 23:24:00,B101,DR-Grade,5124.71,5100,90.0,62.05,2.031,54.71,9.35,41.89,1163.0,3032.3,Good,
2024-05-02 23:25:00,B101,DR-Grade,5125.65,5100,90.0,61.37,2.031,51.65,9.4,41.95,1163.3,3058.2,Good,
2024-05-02 23:26:00,B101,DR-Grade,5127.18,5100,90.0,62.74,2.031,52.57,9.15,41.97,1163.6,3079.5,Good,
2024-05-02 23:27:00,B101,DR-Grade,5129.6,5100,90.0,62.02,2.031,52.5,9.26,42.0,1163.8,3070.6,Good,
2024-05-02 23:28:00,B101,DR-Grade,5130.43,5100,90.0,62.32,2.031,53.3,8.95,42.03,1164.2,3123.4,Good,
2024-05-02 23:29:00,B101,DR-Grade,5132.26,5100,90.0,61.62,2.031,52.98,9.35,42.04,1164.5,3081.6,Good,
2024-05-02 23:30:00,B101,DR-Grade,5133.54,5100,90.0,62.84,2.031,53.88,9.08,42.1,1164.9,3105.0,Good,
2024-05-02 23:31:00,B101,DR-Grade,5135.5,5100,90.0,64.5,2.031,50.52,9.46,42.14,1165.2,3031.2,Good,
2024-05-02 23:32:00,B101,DR-Grade,5137.92,5100,90.0,62.61,2.031,53.91,8.91,42.15,1165.5,3082.4,Good,
2024-05-02 23:33:00,B101,DR-Grade,5139.43,5100,90.0,61.72,2.031,53.26,8.83,42.17,1165.7,3058.8,Good,
2024-05-02 23:34:00,B101,DR-Grade,5141.53,5100,90.0,62.13,2.032,52.0,9.11,42.17,1166.0,3099.3,Good,
2024-05-02 23:35:00,B101,DR-Grade,5143.26,5100,90.0,61.18,2.032,53.72,9.5,42.22,1166.3,3188.1,Good,
2024-05-02 23:36:00,B101,DR-Grade,5145.89,5100,90.0,63.26,2.032,53.08,9.08,42.22,1166.7,3067.8,Good,
2024-05-02 23:37:00,B101,DR-Grade,5145.55,5100,90.0,61.86,2.032,53.47,9.55,42.29,1166.9,3102.3,Good,
2024-05-02 23:38:00,B101,DR-Grade,5146.61,5100,90.0,62.02,2.032,53.26,9.36,42.32,1167.2,3059.3,Good,
2024-05-02 23:39:00,B101,DR-Grade,5148.12,5100,90.0,59.96,2.032,53.46,9.19,42.3,1167.5,3018.8,Good,
2024-05-02 23:40:00,B101,DR-Grade,5149.75,5100,90.0,62.05,2.032,53.72,9.4,42.32,1167.9,3090.8,Good,
2024-05-02 23:41:00,B101,DR-Grade,5152.26,5100,90.0,63.92,2.032,53.7,9.05,42.31,1168.3,3121.6,Good,
2024-05-02 23:42:00,B101,DR-Grade,5154.47,5100,90.0,59.5,2.032,52.18,9.09,42.32,1168.8,3100.6,Good,
2024-05-02 23:43:00,B101,DR-Grade,5155.84,5100,90.0,61.68,2.032,53.95,9.3,42.35,1169.1,3105.4,Good,
2024-05-02 23:44:00,B101,DR-Grade,5156.63,5100,90.0,60.43,2.033,52.67,9.52,42.4,1169.3,3078.3,Good,
2024-05-02 23:45:00,B101,DR-Grade,5158.86,5100,90.0,61.05,2.033,55.21,8.42,42.39,1169.7,3124.5,Good,
2024-05-02 23:46:00,B101,DR-Grade,5160.6,5100,90.0,62.92,2.033,55.79,9.14,42.44,1169.9,3054.4,Good,
2024-05-02 23:47:00,B101,DR-Grade,5162.04,5100,90.0,60.37,2.033,52.34,9.21,42.43,1170.1,3118.6,Good,
2024-05-02 23:48:00,B101,DR-Grade,5164.12,5100,90.0,63.86,2.034,56.43,9.38,42.44,1170.4,3138.6,Good,
2024-05-02 23:49:00,B101,DR-Grade,5166.71,5100,90.0,60.86,2.033,52.86,9.37,42.43,1170.7,3061.8,Good,
2024-05-02 23:50:00,B101,DR-Grade,5168.5,5100,90.0,60.65,2.034,56.49,9.35,42.42,1171.0,3165.4,Good,
2024-05-02 23:51:00,B101,DR-Grade,5170.9,5100,90.0,62.42,2.033,54.52,9.32,42.42,1171.4,3072.8,Good,
2024-05-02 23:52:00,B101,DR-Grade,5171.5,5100,90.0,60.58,2.034,56.59,9.22,42.41,1171.7,3127.6,Good,
2024-05-02 23:53:00,B101,DR-Grade,5173.58,5100,90.0,63.51,2.034,56.61,8.84,42.41,1172.0,3154.6,Good,
2024-05-02 23:54:00,B101,DR-Grade,5176.5,5100,90.0,63.42,2.034,53.96,9.5,42.46,1172.4,3232.1,Good,
2024-05-02 23:55:00,B101,DR-Grade,5178.79,5100,90.0,64.07,2.034,52.68,8.76,42.48,1172.8,3031.0,Good,
2024-05-02 23:56:00,B101,DR-Grade,5180.07,5100,90.0,63.76,2.034,55.49,9.07,42.48,1173.2,3114.2,Good,
2024-05-02 23:57:00,B101,DR-Grade,5181.05,5100,90.0,62.26,2.034,53.94,9.36,42.49,1173.4,3112.2,Good,
2024-05-02 23:58:00,B101,DR-Grade,5182.87,5100,90.0,64.5,2.034,53.8,9.02,42.47,1173.7,3175.1,Good,
2024-05-02 23:59:00,B101,DR-Grade,5184.01,5100,90.0,63.48,2.034,54.52,9.28,42.45,1173.9,3163.9,Good,
