MinuteStart,OperatingRegime,Shift,FilterCakeMoisture_Mean,FilterCakeMoisture_Median,FilterCakeMoisture_Std,Vacuum_Mean,Vacuum_Median,Vacuum_Std,FeedSolids_Mean,FeedSolids_Median,FeedSolids_Std,FeedPressure_Mean,FeedPressure_Median,FeedPressure_Std,MotorCurrent_Mean,MotorCurrent_Median,MotorCurrent_Std,FlowRate_Mean,FlowRate_Median,FlowRate_Std,FurnaceTemp_Mean,FurnaceTemp_Median,FurnaceTemp_Std,MoistureMean_MovingRange,ValidMoistureCount,AnyBadQualityCount
2025-02-10 06:00:00,Startup,A,9.31742345,9.33292323,0.058351051,-67.20583972,-67.1634599,0.527508282,63.27485402,63.30875375,0.249683183,175.6078355,175.5405833,0.55756776,144.2819438,144.596424,1.251689911,119.2653239,119.4346641,1.331317209,890.5194948,890.4672069,0.460719987,,12,0
2025-02-10 06:01:00,Startup,A,9.199476802,9.205344824,0.029437636,-66.34357913,-66.40928638,0.433993987,63.29676384,63.36851387,0.318559465,175.5344365,175.9299592,1.381652157,145.9655836,145.305728,1.588283547,122.3408319,122.6427479,1.554068182,890.9734362,891.1014048,0.652547448,0.117946648,12,0
2025-02-10 06:02:00,Startup,A,9.29986809,9.31267953,0.060598229,-66.08762322,-66.08405139,0.205038482,63.80859921,63.70573908,0.437812796,178.6554545,178.6153873,1.40299308,144.1589417,144.0641887,0.454359585,120.2386634,120.1415482,2.016677982,890.6518284,890.9876414,1.199312124,0.100391287,12,0
2025-02-10 06:03:00,Startup,A,9.285747788,9.271956985,0.067738588,-66.53947744,-66.46596538,0.535082527,64.00807164,64.11812413,0.496573136,177.1092597,177.0790559,0.873868286,143.9812876,144.0775032,0.949467392,116.8042124,116.8536096,0.762439996,886.6090225,886.5444673,0.98536383,0.014120301,12,0
2025-02-10 06:04:00,Startup,A,9.169741168,9.169170311,0.04612709,-66.31306945,-66.10832402,0.45828703,63.08361513,63.09434797,0.207301858,174.0185236,173.8239661,1.033098225,147.4268447,147.2891902,1.220213866,116.2082287,116.7345745,1.633885166,887.8759651,887.9170006,0.32000925,0.11600662,12,0
2025-02-10 06:05:00,Startup,A,9.176535965,9.177331269,0.048548954,-66.41736289,-66.45606662,0.657154313,62.6294438,62.66046193,0.25171831,169.3441592,169.1990238,1.773056348,148.1849072,148.7220799,1.296318581,117.1580542,117.0528644,1.93331591,887.8927039,887.9187919,0.390171338,0.006794796,12,0
2025-02-10 06:06:00,Startup,A,9.215885738,9.20887229,0.084087307,-67.47079066,-67.35166357,0.300487678,62.77145046,62.69069784,0.287711242,173.8050151,173.9893848,1.177718757,145.3379488,145.3336782,0.570246237,114.5161481,114.7151572,1.332130005,887.2861818,887.3438292,0.492901048,0.039349774,12,0
2025-02-10 06:07:00,Startup,A,9.23490784,9.245937183,0.041850355,-67.82822812,-67.72945308,0.708287433,63.49630957,63.50770468,0.263267355,174.9207258,174.9336181,1.292307976,144.9178355,144.7416981,1.761480813,119.8574441,120.0758789,1.692762576,888.3619413,888.6771515,1.130608202,0.019022102,12,0
2025-02-10 06:08:00,Startup,A,9.19094283,9.199860594,0.083672468,-68.54877108,-68.53085253,0.348899811,63.36111956,63.44525039,0.24315324,175.1793388,175.1121948,0.986353897,144.2796104,144.2670446,1.069073021,121.7207028,121.5113128,1.411080506,886.9431817,886.9157904,0.604161711,0.04396501,12,0
2025-02-10 06:09:00,Startup,A,9.110550294,9.121301015,0.106361465,-69.00929187,-68.90335019,0.535656043,64.4640593,64.484578,0.300033091,173.9219433,173.9681724,1.105654782,142.821911,142.9703737,2.47049709,121.3254897,121.4306219,0.86276554,887.9059653,887.8740298,0.542813606,0.080392536,12,0
2025-02-10 06:10:00,Startup,A,9.138358817,9.154554766,0.055263487,-67.85560028,-67.79544747,0.41500735,65.03981032,65.01655494,0.414366829,175.0690788,175.5823716,1.438353133,139.9118834,139.8126818,0.828682135,120.3568279,120.3884821,1.509765008,887.6950338,887.7095726,0.578678696,0.027808523,12,0
2025-02-10 06:11:00,Startup,A,9.179846785,9.196443012,0.060201747,-66.75947915,-66.77927475,0.335697186,64.73815852,64.67670459,0.444072191,174.5785582,174.5829896,0.610543166,140.9333212,141.0571925,0.714435234,119.0650486,119.1740364,0.84271839,885.4964334,885.4051969,0.477814774,0.041487968,12,0
2025-02-10 06:12:00,Startup,A,9.232314278,9.218939768,0.070142065,-67.26266512,-67.27660673,0.813090753,64.13182859,64.2249179,0.234515862,177.5276425,176.1775306,2.615096485,144.9546005,145.0355789,2.78904281,116.6414449,116.8338991,1.803044092,885.5142244,885.5314887,0.536530413,0.052467493,12,0
2025-02-10 06:13:00,Startup,A,9.307018142,9.302312745,0.039665286,-69.44632002,-69.37336747,0.553572485,64.18943745,64.2443757,0.206937359,178.770018,178.1590769,1.750653832,145.3230815,144.8978431,1.751130496,115.1098451,115.0017118,1.274880772,887.8573302,888.2010631,0.902296932,0.074703864,12,0
2025-02-10 06:14:00,Startup,A,9.26393967,9.244787907,0.047607323,-68.39612698,-68.25550307,0.556636807,64.07699564,64.05680956,0.149499139,177.2453443,177.0541238,1.178030771,141.5216368,141.3167058,1.812785933,115.6531633,115.6154118,1.476812955,890.7906602,890.9041446,0.90397138,0.043078471,12,0
2025-02-10 06:15:00,Startup,A,9.27538432,9.283703485,0.055559931,-69.16633369,-69.12417134,0.433499289,64.16744956,64.12536154,0.258730439,174.9505112,174.9613686,1.649628355,141.2575426,141.0856293,0.91769498,117.1067138,116.7999186,2.175060185,892.0684329,892.1250235,0.459743363,0.01144465,12,0
2025-02-10 06:16:00,Startup,A,9.267995162,9.274693839,0.036793438,-68.85264288,-68.90724315,0.354544667,63.98834323,63.98217401,0.205857166,172.9794898,173.1308199,1.699293975,146.7987392,147.0751286,1.286593424,119.4690884,119.5805285,0.752169093,893.2147849,893.1696525,0.277327116,0.007389158,12,0
2025-02-10 06:17:00,Startup,A,9.228179079,9.213690448,0.058027462,-69.79181333,-70.05275931,0.797212096,63.84393265,63.87313935,0.136206385,173.3036723,173.1212726,0.663472113,146.5970979,146.2237193,1.594143379,120.9940992,121.1264184,1.388904391,893.550526,893.4701127,0.679439383,0.039816083,12,0
2025-02-10 06:18:00,Startup,A,9.045690541,9.056966849,0.051531651,-70.36523977,-70.34299488,0.424706662,63.47010984,63.49814267,0.179374437,176.0778019,175.4043368,2.141056954,144.8694698,144.9843906,0.733416658,119.5011521,119.5242522,1.188792396,896.093444,896.0544116,0.69765485,0.182488538,12,0
2025-02-10 06:19:00,Startup,A,9.207739893,9.196122286,0.042941024,-71.12682034,-71.10537657,0.300991448,62.96990067,63.09890274,0.338227701,179.3827515,179.4336027,1.316625105,143.3455405,143.3558545,0.444985717,117.6403991,117.9072023,1.152254967,895.891917,895.7510717,0.42477515,0.162049352,12,0
2025-02-10 06:20:00,Normal,A,9.201860274,9.205050012,0.024791381,-70.66623212,-70.595591,0.553851907,62.84445291,62.86053859,0.273797268,176.5793843,176.0879426,1.376928258,144.8894901,144.8833438,0.841164584,118.3416721,118.4076455,1.210794884,895.4215209,895.3455698,0.478718339,0.005879618,12,0
2025-02-10 06:21:00,Normal,A,9.302532776,9.302274306,0.043624329,-69.51777368,-69.66341413,0.569778806,62.21644777,62.21203559,0.179103901,176.0056891,175.5518718,1.321218157,142.1140966,142.1293044,1.014128323,118.1477067,118.523206,1.583369791,895.9475694,896.0392143,0.82417634,0.100672502,12,0
2025-02-10 06:22:00,Normal,A,9.291253648,9.295646922,0.035418156,-68.34912567,-68.39220815,0.290803124,62.49286673,62.43015819,0.285959632,175.7368293,175.9262042,1.755184774,143.7772238,144.4792216,1.419665926,118.5381326,117.9636862,1.877335696,899.2718096,899.552591,0.770204371,0.011279129,12,0
2025-02-10 06:23:00,Normal,A,9.289720191,9.308189014,0.054873091,-68.45157665,-68.52341675,0.643134719,62.2153944,62.31588222,0.330980556,173.7320502,173.9487339,1.050274656,145.0793302,143.4836815,2.790702735,119.7661455,120.0508984,1.557374155,900.3361185,900.369178,0.960585841,0.001533456,12,0
2025-02-10 06:24:00,Normal,A,9.332247327,9.332891797,0.055513954,-68.21922053,-68.19696081,0.476738869,61.78687096,61.73301048,0.289312982,172.2283361,172.0007758,0.813628477,150.879488,150.8456024,0.812343079,119.4047053,119.5425354,1.142252946,898.4181252,898.3626185,0.950209666,0.042527136,12,0
2025-02-10 06:25:00,Normal,A,9.30129098,9.295342686,0.059950997,-68.55767933,-68.60189301,0.729467445,60.970039,60.98295898,0.311008976,168.6477786,168.49348,0.915943778,148.9665711,149.0937365,0.647193574,119.0107247,118.858249,1.275507522,896.616542,896.7122864,0.623040337,0.030956347,12,0
2025-02-10 06:26:00,Normal,A,9.154679266,9.148850973,0.045884515,-69.54223164,-69.58867729,0.578881387,60.45494451,60.58301376,0.312401822,171.2027128,171.1963453,0.632820829,149.8404018,150.2774011,1.081691119,119.0395648,119.3709945,1.233352011,896.4621981,896.5164959,0.280089148,0.146611713,12,0
2025-02-10 06:27:00,Normal,A,9.255269252,9.249356273,0.034132039,-69.69786532,-69.61783878,0.269007355,60.85425548,60.84645028,0.109293503,173.2232557,173.0205653,1.307066808,150.7303859,150.7758325,1.177093642,117.1341633,117.0238335,1.021944034,897.7108044,897.5974181,0.976159752,0.100589985,12,0
2025-02-10 06:28:00,Normal,A,9.276828068,9.292220245,0.073008933,-68.43395448,-68.45059631,0.369336853,60.55660111,60.48844126,0.375902099,175.9684088,176.2361727,0.970236982,151.0563162,150.8639529,1.022108758,116.4995207,116.3838313,1.288445522,900.7605463,900.7902991,0.480430401,0.021558816,12,0
2025-02-10 06:29:00,Normal,A,9.299097883,9.297248698,0.052693227,-68.27918891,-68.32915399,0.753608379,61.14179752,61.11455907,0.324771396,177.5370471,177.6181862,0.832383977,147.2248475,146.6337455,2.231888211,120.8964121,121.4905038,1.760463626,898.1088535,898.2099059,0.505973467,0.022269815,12,0
2025-02-10 06:30:00,Normal,A,9.310315438,9.312958944,0.035134281,-67.37317778,-67.32782487,0.38590122,62.09623691,62.00357255,0.502810949,175.9082899,175.7239236,0.99615429,144.4685102,144.4324938,0.496737635,120.1535807,120.6740882,1.659160724,895.2033543,895.0025531,1.224237514,0.011217555,12,0
2025-02-10 06:31:00,Normal,A,9.27143072,9.256849806,0.052594493,-68.95782958,-68.94832677,0.309814484,63.37916823,63.30421815,0.498177154,175.4911363,175.4236112,0.71653553,143.4971458,143.4992692,0.873726112,119.1542266,119.3634277,0.888392119,895.649993,895.6678299,1.024299745,0.038884718,12,0
2025-02-10 06:32:00,Normal,A,9.342470601,9.35139026,0.038089199,-69.00291684,-68.8533967,0.334808073,62.49249699,62.50570582,0.462839444,176.4278363,176.2545837,2.809037889,145.3637724,145.1146581,1.36534188,116.9234274,116.8992139,2.654455445,897.0208746,896.9042282,0.472362361,0.071039881,12,0
2025-02-10 06:33:00,Normal,A,9.206416126,9.216011229,0.045270157,-70.69438607,-70.87077236,0.548329339,63.25905351,63.26433995,0.276269917,178.3278024,178.4596449,1.107280842,144.202501,144.1144078,1.260908118,112.3828539,112.23775,0.965501282,899.0469277,899.2048989,0.767547741,0.136054474,12,0
2025-02-10 06:34:00,Normal,A,9.173034247,9.182297967,0.064077522,-70.5894274,-70.55269063,0.393882079,63.31828761,63.30722251,0.360966794,177.6473733,177.8535264,0.723721145,145.1891072,145.3626518,0.613664455,117.2165744,117.6001184,1.129358502,900.1723877,900.1776037,0.495544091,0.033381879,12,0
2025-02-10 06:35:00,Normal,A,9.206587012,9.203738679,0.042330894,-70.82618797,-70.79939352,0.360138661,63.53127753,63.47673034,0.261266573,175.916021,175.7349678,0.840662992,145.2166815,145.2352352,1.085691054,120.7725479,120.83582,1.657925774,899.6961308,899.6750387,0.810499462,0.033552765,12,0
2025-02-10 06:36:00,Normal,A,9.180702666,9.177121614,0.049354089,-69.00409651,-68.75116517,1.231395371,63.42544025,63.46777946,0.152898219,174.3698222,174.1637277,0.640146388,144.0997111,143.8094836,1.785202108,118.3143805,117.4971798,1.906812351,900.7570813,900.8769523,0.632621985,0.025884347,12,0
2025-02-10 06:37:00,Normal,A,9.288182008,9.283610571,0.066843944,-67.16246286,-67.13318132,0.331161792,63.23036749,63.22207354,0.49680908,176.235466,176.2097205,1.130665333,146.3772745,145.6644638,2.293682203,118.932944,118.6538801,1.820951649,902.543661,902.6143299,0.626768615,0.107479343,12,0
2025-02-10 06:38:00,Normal,A,9.321783745,9.335284253,0.051563158,-68.22857289,-68.39986837,0.504111369,63.12555535,63.20265177,0.208477577,176.3762795,176.4621503,0.882556394,147.3912752,147.1382917,1.021722297,118.0880199,118.2982766,1.538556567,899.3087376,899.3531778,1.176086702,0.033601737,12,0
2025-02-10 06:39:00,Normal,A,9.21983436,9.215688806,0.049409505,-67.86509586,-67.89599698,0.458185398,62.99734342,63.00251761,0.120458596,174.1921653,174.2014309,1.018369911,148.5304386,148.5756734,0.783147762,111.9097794,111.3732673,2.175369269,897.1166257,897.1335067,0.553323737,0.101949386,12,0
2025-02-10 06:40:00,Normal,A,9.251869584,9.263229045,0.047600139,-68.45379266,-68.39285524,0.572287591,62.95013925,62.96258159,0.167498663,173.5636482,173.266404,1.019188618,148.3735284,148.4732911,0.589280581,114.2084971,113.1038011,3.455607858,898.1465762,898.13214,0.728587089,0.032035225,12,0
2025-02-10 06:41:00,Normal,A,9.230396182,9.238053242,0.033845045,-68.94604465,-68.9774107,0.349158179,62.94907741,62.95624844,0.189279642,173.5724578,172.8913471,1.579098264,146.6346074,146.3649698,1.257939726,120.2565901,119.4915572,1.372382069,900.8589347,901.0307766,0.862847704,0.021473403,12,0
2025-02-10 06:42:00,Normal,A,9.263654364,9.267857878,0.044150131,-68.69371431,-68.73949445,0.970112858,63.16962619,63.02057967,0.347225455,174.1298152,173.0247292,2.423219158,145.2456631,145.2193507,0.573239399,116.8172779,116.8676097,1.690610123,902.0563096,901.8797328,0.659355544,0.033258182,12,0
2025-02-10 06:43:00,Normal,A,9.32940281,9.337197634,0.058212127,-68.41757299,-68.41118431,0.559935175,62.91335433,62.93765721,0.117128635,171.382965,171.3109835,0.594607665,146.2002037,146.1778091,1.170604219,120.5040395,119.88347,1.45403325,901.1913408,900.750124,1.073864378,0.065748445,12,0
2025-02-10 06:44:00,Normal,A,9.357644061,9.358534843,0.050670003,-67.83120429,-67.58829299,0.624995133,62.98303631,62.98680922,0.106099696,171.7765302,171.5899605,1.052653118,148.3254516,148.1975066,0.815606164,122.9404322,123.1590924,1.229977758,899.9332858,900.2960538,0.914254395,0.028241251,12,0
2025-02-10 06:45:00,Normal,A,9.260442831,9.277563281,0.051069321,-67.80357481,-67.71135497,0.299807558,62.07778581,62.0265209,0.221592273,174.1155314,174.2841279,1.339392301,147.9876668,148.2284477,0.920567481,119.2773758,118.8219656,1.307892098,898.8409241,898.8016209,0.798234809,0.09720123,12,12
2025-02-10 06:46:00,Normal,A,9.244967484,9.251158079,0.072822979,-67.66865376,-67.86637577,0.517114244,61.60411746,61.66705226,0.326963604,176.005672,176.1481629,1.159449255,143.9802724,143.4823878,1.905732948,118.371696,119.0493738,2.22601044,898.9325634,899.1588593,1.053474239,0.015475347,12,12
2025-02-10 06:47:00,Normal,A,9.295970973,9.292299326,0.054347038,-67.83670038,-67.75451174,0.435625389,62.16289233,62.19062537,0.243450185,176.0105678,175.7650074,0.563399655,142.6133983,142.4129512,0.739768152,113.3084459,113.6081208,1.956021357,899.4105042,899.5830067,1.125878876,0.051003489,12,12
2025-02-10 06:48:00,Normal,A,9.253622546,9.257699045,0.044369508,-69.14036777,-69.12261674,0.493570167,62.99966417,63.08723845,0.569537116,178.6610454,178.9626435,1.227463461,142.6674498,142.5286962,0.677959375,112.5749932,112.9287654,1.728450498,903.4166714,903.4305832,1.591927446,0.042348428,12,12
2025-02-10 06:49:00,Normal,A,9.214149182,9.228832031,0.040576107,-69.77399227,-69.78780103,0.501444412,63.56768044,63.52763051,0.189040777,176.6203827,176.7177909,1.430468181,139.0562763,138.8324841,1.804116795,113.7381065,113.4572932,1.307083983,907.2588427,907.2194089,0.811873692,0.039473364,12,12
2025-02-10 06:50:00,Normal,A,9.149108387,9.144050433,0.025723753,-68.95985461,-68.96837713,0.416276544,63.82386084,63.82748994,0.16355681,177.8836839,177.986107,0.553371074,139.6575301,139.479616,0.712490464,113.6441111,113.1351887,1.285806943,895.6395909,895.8895876,1.159421341,0.065040795,12,0
2025-02-10 06:51:00,Normal,A,9.084761515,9.080514206,0.04396046,-70.35122489,-70.40553119,0.543643208,64.26389964,64.26858414,0.225760773,177.8025308,177.9285005,1.090486298,142.1358575,142.176932,1.000836246,117.2312696,117.5356453,1.17196933,895.932191,895.7809737,0.613216551,0.064346872,12,0
2025-02-10 06:52:00,Normal,A,9.24910749,9.263019148,0.046161723,-69.46441,-69.29634111,0.463710839,63.86300724,63.87394556,0.262663308,177.2178643,177.5632084,1.346302061,142.9737034,143.0696987,0.788241691,117.9396106,117.4230528,2.060764304,893.4587922,893.4907079,0.637279793,0.164345975,12,0
2025-02-10 06:53:00,Normal,A,9.26116422,9.26853979,0.064370431,-68.61184813,-68.61712425,0.22590627,63.91227043,63.86785845,0.241409488,175.0434809,174.9724763,0.689023429,141.3811402,141.2043593,1.244119242,118.8609835,119.1479771,1.10498599,893.5463794,893.6965489,0.986396424,0.01205673,12,0
2025-02-10 06:54:00,Normal,A,9.281861597,9.290305315,0.040452872,-68.07701068,-68.19715143,0.501339669,64.1147282,64.05183584,0.163741331,174.2755154,174.0566514,1.001648561,141.581228,141.4677009,0.945490726,120.0566638,119.6099194,1.713628628,891.5238405,891.5698556,0.835964416,0.020697376,12,0
2025-02-10 06:55:00,Normal,A,9.316091486,9.249951904,0.24731423,-67.68690523,-67.66742495,0.458048693,64.38227309,64.39089648,0.329684827,172.3280461,172.3234775,0.829241288,140.7552246,140.5163496,0.912588701,122.66667,122.9769767,1.070082267,892.3533344,892.4295831,0.266872186,0.034229889,12,0
2025-02-10 06:56:00,Normal,A,9.311235464,9.326299175,0.053168924,-68.63987285,-68.52343004,0.463158817,64.53635738,64.55882947,0.17942267,171.0148742,171.9455066,1.770126371,142.5903775,142.5189733,0.56349118,122.7828933,122.7918485,1.377144024,893.0592239,892.8233956,0.929532645,0.004856021,12,0
2025-02-10 06:57:00,Normal,A,9.227142037,9.22914289,0.030204316,-67.55197401,-67.60554649,0.376458674,64.24650931,64.04903331,0.40646736,172.3119206,172.3978714,2.077120148,143.2465397,143.5591581,0.901142144,124.6683728,124.6218602,1.014718295,895.2822742,895.5587384,0.760249107,0.084093427,12,0
2025-02-10 06:58:00,Normal,A,9.289100781,9.306379027,0.048764488,-67.5481319,-67.56453256,0.366382365,64.72522086,64.7376535,0.265231695,175.687163,175.5146435,1.115220701,142.101794,142.1806361,1.324963161,127.9685354,128.2203597,1.524531139,894.1481467,894.0958392,0.6186395,0.061958744,12,0
2025-02-10 06:59:00,Normal,A,9.39229004,9.408792514,0.072382792,-67.10950842,-67.09772336,0.422069242,64.96250352,64.97422659,0.121536219,175.0622177,175.171334,1.010268103,140.6090144,140.7817555,0.797354836,120.1531854,119.4812178,1.593121134,893.4022031,893.4678707,0.532932687,0.103189259,12,0
2025-02-10 07:00:00,Normal,A,9.178134372,9.158255565,0.077882809,-66.57767971,-66.77118134,0.638176432,65.05442944,65.09127233,0.270429511,171.0248115,170.4967377,1.309248898,141.153133,141.0834686,0.852449299,113.5900288,112.9782051,1.955508005,894.2783762,894.2841373,0.501553189,0.214155668,12,0
2025-02-10 07:01:00,Normal,A,9.186334647,9.193853177,0.038704366,-66.6494422,-66.86623023,0.759918774,65.72478861,65.72216268,0.179806222,173.0980315,173.0764858,0.975911052,141.0507057,141.0783533,0.651234656,113.9714349,113.8219677,1.523833697,893.3997415,893.1061312,0.917247831,0.008200275,12,0
2025-02-10 07:02:00,Normal,A,9.223632961,9.239332179,0.066444168,-66.7448267,-66.66725855,0.29308073,65.70801953,65.69753537,0.210554558,173.5320359,173.2038306,2.19011499,142.6538433,142.5727563,0.653122484,116.5813185,116.97856,1.723129099,892.8574078,892.7840787,0.530055022,0.037298314,12,0
2025-02-10 07:03:00,Normal,A,9.214778902,9.214674447,0.036429871,-67.16742679,-67.28519489,0.84511567,65.25701216,65.17688761,0.384429975,178.5078088,178.5508265,0.813001384,140.3933202,140.8127965,0.884773014,112.2922145,113.2782903,2.504863234,894.5619095,894.5416382,0.579339999,0.008854059,12,0
2025-02-10 07:04:00,Normal,A,9.290436921,9.283990797,0.046015212,-69.36907603,-69.36213227,0.673604156,65.04674375,65.05268759,0.109556929,175.6282186,175.3611119,1.182131223,140.6221973,140.8389627,1.083634015,107.4722209,107.4450571,0.860020623,893.5708251,893.6212948,0.214282359,0.075658019,12,0
2025-02-10 07:05:00,Normal,A,9.287497492,9.282620766,0.052502881,-70.58371853,-70.63824324,0.338642432,64.66951934,64.71962273,0.14060408,175.408491,175.691269,0.949015857,140.6581423,140.6585236,1.14096531,108.4281876,108.9584389,1.921265594,892.0394697,892.2331985,0.886823024,0.002939429,12,0
2025-02-10 07:06:00,Normal,A,9.312612094,9.322754411,0.045432595,-71.27829536,-71.24933394,0.49181372,64.24992272,64.2245248,0.172479331,173.4657746,173.6594301,0.941083592,142.8323687,143.471735,1.938060588,107.7251235,107.3969702,1.40075346,889.7063117,889.8330933,0.490531491,0.025114602,12,0
2025-02-10 07:07:00,Normal,A,9.217368857,9.224735498,0.07476572,-69.57618488,-69.41611436,1.099079209,63.78313281,63.76687819,0.303776626,174.6025134,174.8593935,0.959503367,142.7191123,142.4146669,1.494016366,109.8313477,108.8813824,2.71573733,888.9171476,888.8690341,0.853352,0.095243236,12,0
2025-02-10 07:08:00,Normal,A,9.278968276,9.261827759,0.040859994,-67.99676386,-68.04969145,0.56801794,63.14916081,63.17608302,0.229849915,176.4286481,176.4078339,0.401169456,141.0686985,141.2426722,0.949388515,114.593287,114.3689143,1.206183643,888.6493074,888.5761215,0.784866824,0.061599419,12,0
2025-02-10 07:09:00,Normal,A,9.311125278,9.310530515,0.064544083,-67.63461151,-67.74968234,0.632302758,62.57245967,62.57058509,0.164285095,180.2306487,180.1358205,1.077322021,137.8468175,138.1202776,0.985817579,113.2766895,113.4387511,0.647937962,886.8703933,886.5992387,0.740200583,0.032157002,12,0
2025-02-10 07:10:00,Normal,A,9.254541838,9.262901383,0.071322872,-66.41007744,-66.51018739,0.813822642,62.46328428,62.56020778,0.415497707,180.2706648,180.2216899,0.893190587,138.9955234,139.399405,1.422880126,112.9029838,113.0910122,1.437830146,884.2762114,884.3741326,0.888098012,0.05658344,12,0
2025-02-10 07:11:00,Normal,A,9.32761944,9.343731237,0.053301201,-68.03718913,-68.04456561,0.345000334,62.23493473,62.30913672,0.379244447,178.2704595,179.7069938,2.677238056,140.0030187,140.0760221,1.110627117,112.1068468,113.4290529,2.968946489,883.5549671,883.6116387,0.450371636,0.073077603,12,0
2025-02-10 07:12:00,Normal,A,9.202773089,9.196019432,0.039294378,-67.98637027,-67.98637027,0,62.28840629,62.31487637,0.233214752,176.5442555,176.4832556,0.90646249,142.099338,141.8453499,1.094201542,111.1844409,110.576023,2.179099192,883.5994583,883.7604872,0.677128675,0.124846351,12,12
2025-02-10 07:13:00,Normal,A,9.372929256,9.341636133,0.076188102,-67.98637027,-67.98637027,0,61.82394626,61.8523576,0.350665543,175.7320624,176.0439407,0.849556457,146.7742984,147.0196704,1.185140528,118.8743855,119.5948785,1.852865635,883.6765091,883.8421038,0.713793237,0.170156166,12,12
2025-02-10 07:14:00,Normal,A,9.400272859,9.424200851,0.100569858,-67.98637027,-67.98637027,0,62.44832681,62.44120156,0.282832659,175.5428675,175.9094801,1.09552703,143.4649876,142.9523937,1.269564215,119.7114602,119.3825828,1.762892777,881.5934048,881.3019953,1.312672617,0.027343604,12,12
2025-02-10 07:15:00,Normal,A,9.249327534,9.248646706,0.041952617,-67.98637027,-67.98637027,0,62.75311856,62.71576121,0.331501317,175.6303185,175.3184052,1.482800385,140.0945886,140.3656357,1.126543684,119.0802482,118.9397209,1.58590793,880.2585957,880.1697812,0.5758211,0.150945325,12,12
2025-02-10 07:16:00,Normal,A,9.197721963,9.20141133,0.033536539,-67.98637027,-67.98637027,0,63.53137169,63.52066396,0.24158195,174.2138629,174.1990893,0.866766306,138.0729079,138.3218693,1.008811111,119.7885247,119.8336218,1.449387184,880.356767,880.3672164,0.401600045,0.051605571,12,12
2025-02-10 07:17:00,Normal,A,9.21766021,9.246729497,0.115832996,-67.98637027,-67.98637027,0,63.29452361,63.24797079,0.288804356,173.5218701,173.523036,0.744599668,137.245496,137.2037288,0.458595419,119.4196479,119.1584156,1.741302565,878.6261662,878.5415571,1.094366557,0.019938247,12,12
2025-02-10 07:18:00,Normal,A,9.318873456,9.315075887,0.029579469,-68.39962694,-68.39794857,0.271765894,63.03870205,63.13401328,0.249154418,174.7944898,174.7097306,1.010809918,141.2868517,141.8418821,2.014845853,116.0352473,115.563612,2.082729673,878.2966723,878.4495975,0.484070387,0.101213245,12,0
2025-02-10 07:19:00,Normal,A,9.295118861,9.286297151,0.046884037,-67.83558971,-67.87378973,0.540038723,62.91748069,62.94959114,0.241893811,175.7113865,175.8011403,1.19719784,142.2478518,142.1098811,0.937045514,111.632716,111.7269843,1.842021178,880.5343802,880.0742771,1.706508557,0.023754595,12,0
2025-02-10 07:20:00,Normal,A,9.267906993,9.269140168,0.068771948,-66.37667069,-66.16098892,0.846601348,62.81709062,62.83952442,0.274501458,176.2866155,176.4053597,0.837762456,144.6193307,144.694865,1.523093762,112.9668901,113.1338234,0.92582063,882.5995395,882.4645018,0.508584755,0.027211868,12,0
2025-02-10 07:21:00,Normal,A,9.26110069,9.243969486,0.062130746,-65.91914925,-65.76182605,0.503764905,62.95198408,62.90439403,0.208536153,178.1456739,178.1474231,0.99604055,146.5569336,146.6043434,0.654778814,117.8173978,117.8574306,2.64388385,882.6141161,882.5634514,0.367720045,0.006806304,12,0
2025-02-10 07:22:00,Normal,A,9.245318112,9.257365139,0.053125572,-64.3162218,-64.27777284,0.526236728,62.71422973,62.77883607,0.417255161,176.7287042,176.3333259,1.003567304,143.814565,143.6898501,0.604265078,121.8720401,122.6279317,1.717571613,883.7779529,883.6634206,0.629248861,0.015782578,12,0
2025-02-10 07:23:00,Normal,A,9.252842968,9.260840481,0.054957985,-65.4051927,-65.46418168,0.466823667,61.95126052,61.97656704,0.209097144,175.5173655,175.7142172,1.086920249,144.8940973,145.0300711,0.740656174,122.2118827,122.0821866,2.054612854,884.3872636,884.3225992,0.52476063,0.007524856,12,0
2025-02-10 07:24:00,Normal,A,9.243417687,9.252336418,0.062155207,-66.89509159,-67.10873101,0.952199556,61.5362565,61.5124966,0.242004472,171.4110842,171.3609322,0.612352635,141.2543774,141.2233399,1.476974146,117.2579832,117.5937234,1.123709889,885.6454839,885.6720767,0.679240344,0.009425281,12,0
2025-02-10 07:25:00,Normal,A,9.298393015,9.303710178,0.040083072,-69.00870952,-69.06949299,0.290633818,61.5039582,61.5647422,0.248435164,173.289089,173.0794073,1.236219023,142.281835,142.2241161,0.932271445,120.9425594,121.2205832,1.722805274,888.6438714,888.6792017,1.227030721,0.054975329,12,0
2025-02-10 07:26:00,Normal,A,9.383978517,9.406855262,0.063275388,-68.91523846,-68.90343045,0.543578506,60.91819914,60.90127065,0.172352115,176.167187,175.9049602,1.014252287,144.3707031,143.9525694,1.527582568,118.3999329,118.3578505,1.706176073,890.8917402,890.7156835,0.53363031,0.085585502,12,0
2025-02-10 07:27:00,Normal,A,9.37920668,9.400715121,0.093683425,-67.56186652,-67.46550465,0.318113241,62.34343757,62.40677449,0.570754136,178.1423065,177.9365784,0.871174251,146.3118651,146.0331373,1.071714402,115.1561366,115.3681277,1.679982544,891.3078532,891.1860632,0.303482535,0.004771837,12,0
2025-02-10 07:28:00,Normal,A,9.163085384,9.16082448,0.04957454,-67.59846795,-67.52830022,0.411994341,63.21346643,63.18961285,0.350768725,178.2061395,177.874909,1.247897583,147.3456312,147.3969496,0.998029166,112.551561,112.1987022,2.048895199,890.1016708,889.9673557,1.247232308,0.216121296,12,0
2025-02-10 07:29:00,Normal,A,9.207773321,9.203603543,0.045323945,-67.92704749,-67.7670252,0.460673061,63.07439331,63.15705011,0.364312717,176.3527625,176.1380722,1.077852092,147.1849046,147.3857427,1.559003695,111.1169378,110.5194022,1.524324933,886.6302663,886.6648001,1.505927274,0.044687937,12,0
2025-02-10 07:30:00,Normal,A,9.249090019,9.256876531,0.079471292,-69.14440457,-69.1503349,0.235926634,62.15771107,62.08768204,0.403216152,174.0652106,174.2195978,0.579478318,143.9784647,144.1562671,1.266966114,113.5555259,112.3678488,3.220742179,884.3745482,884.4287765,0.544696363,0.041316698,12,0
2025-02-10 07:31:00,Normal,A,9.345127434,9.31295849,0.074639318,-67.845056,-67.48467097,0.681179761,61.98347293,61.95994039,0.277484212,173.4795697,173.1055828,0.931566821,142.834244,143.1007254,1.524970401,114.7153835,115.0060547,2.253850319,886.7012412,886.7470838,0.615893557,0.096037414,12,0
2025-02-10 07:32:00,Normal,A,9.411129125,9.423135717,0.057929603,-67.6975311,-67.71652506,0.366039402,62.45013546,62.50076309,0.25452864,174.8278758,174.6707917,1.939435704,139.3526869,139.5151588,0.693144152,115.2932188,114.3861666,2.83297921,886.6098774,886.5702564,0.339554859,0.066001691,12,0
2025-02-10 07:33:00,Normal,A,9.272019947,9.275207278,0.121830884,-67.99735229,-68.07430676,0.406705554,62.51732165,62.54541533,0.21211564,173.1293458,173.2619263,1.429018448,139.0423677,139.3251713,1.340194126,118.2435701,118.6945146,1.872379447,886.7476209,886.5478905,0.419735871,0.139109178,12,0
2025-02-10 07:34:00,Normal,A,9.308864635,9.307644431,0.120204927,-68.51888025,-68.45469434,0.372182889,62.92675439,62.93586895,0.214762428,173.5250445,173.4128832,0.745852196,137.8902106,137.6495794,0.96072231,116.169124,116.1950866,1.604774051,885.6420339,885.7404474,0.699722734,0.036844689,12,0
2025-02-10 07:35:00,Normal,A,9.368285474,9.351899491,0.113849664,-68.89899228,-68.82007106,0.336375496,62.5079521,62.41650556,0.269325593,173.3072804,173.2271941,1.043792146,142.2377673,142.372598,1.254446483,115.9663698,115.6389522,1.46149794,885.7447679,885.5711645,0.558771204,0.059420838,12,0
2025-02-10 07:36:00,Normal,A,9.271967454,9.264964742,0.067098319,-68.40155462,-68.35790235,0.275279985,62.95149877,62.88510046,0.172293586,171.3797287,171.6210564,2.155677081,141.5345107,141.7110391,0.969088624,116.9324334,116.66732,1.462488094,886.3575098,886.3427364,0.672624812,0.096318019,12,0
2025-02-10 07:37:00,Normal,A,9.172940064,9.15298703,0.040870629,-68.73226005,-68.72598731,0.345475464,63.89415663,63.89131818,0.548418352,171.1593262,171.0663768,1.20243682,139.9622629,140.2933569,0.776820203,116.1295614,115.7438383,3.086015424,885.2226679,885.401459,0.554298555,0.099027391,12,0
2025-02-10 07:38:00,Normal,A,9.315134287,9.326949544,0.036771441,-69.12919513,-69.07780364,0.312782532,64.60627325,64.67827632,0.237628233,174.8022251,174.6032937,0.993214789,142.7608394,142.9680069,1.396211459,117.2047739,116.7120564,1.54547569,886.6562748,886.558638,0.883694236,0.142194223,12,0
2025-02-10 07:39:00,Normal,A,9.406009878,9.414242103,0.048765849,-68.62219252,-68.57850564,0.206454263,64.19545796,64.226782,0.109390859,173.7347639,174.1284658,1.281009469,142.4013584,142.3401834,1.258992023,118.213251,118.3252163,2.001855895,886.7691076,886.7518474,0.539027158,0.090875591,12,0
2025-02-10 07:40:00,Normal,A,9.366474359,9.359672878,0.043125191,-69.1523375,-69.11140123,0.381986451,64.12670838,64.16718593,0.188593155,176.5774179,176.8762286,1.899027215,140.4758889,140.2789717,0.798565073,114.9127939,114.545656,1.390412531,886.917704,886.801669,0.476358662,0.039535519,12,0
2025-02-10 07:41:00,Normal,A,9.338991275,9.341724049,0.04761683,-68.8592759,-68.86229956,0.766206743,64.23503241,64.21397788,0.117435667,178.4453166,178.2345547,1.007736223,140.1694572,140.0988764,0.454798749,119.0305279,119.5633379,2.554781326,888.7526503,888.7737971,0.492830876,0.027483085,12,0
2025-02-10 07:42:00,Normal,A,9.290943866,9.308354092,0.089636627,-68.7088438,-68.60665205,0.426375889,64.38010866,64.36256375,0.240138827,177.7523376,177.8758386,0.51646478,144.2329167,144.6080785,1.472550846,118.6462772,118.430138,1.015863844,886.7672734,887.4928523,1.488737875,0.048047408,12,0
2025-02-10 07:43:00,Normal,A,9.408536339,9.41140538,0.045621984,-69.18503166,-69.11718459,0.439631306,63.2270043,63.25542274,0.594645301,176.2944978,176.3562126,0.761887682,147.3969166,147.4168583,0.94594243,116.5145699,116.8729001,1.59109944,885.447279,885.2726409,0.590214255,0.117592473,12,0
2025-02-10 07:44:00,Normal,A,9.404472526,9.42570942,0.066431848,-69.80058595,-70.07192263,0.714941056,62.91425942,62.89215399,0.200384157,175.5597118,175.9613951,0.975146029,146.0949204,146.7517481,2.654305545,115.9754403,115.7727996,1.252627431,889.487681,890.162836,1.28835652,0.004063813,12,0
2025-02-10 07:45:00,Normal,A,9.384701123,9.37826074,0.023661849,-69.95768911,-70.02173727,0.712887218,63.24030652,63.1786735,0.254398066,173.895876,173.9383986,0.827608482,141.60538,141.5727421,0.606941198,113.652447,112.827334,2.343449092,890.4265776,890.3780724,1.038360748,0.019771403,12,0
2025-02-10 07:46:00,Normal,A,9.414169204,9.423687751,0.075925967,-70.56670604,-70.79091149,0.93587008,64.06533254,64.07796309,0.278618654,174.5586777,174.6089107,1.484441039,141.4879866,141.5819886,0.702826676,113.0811983,113.0372093,1.008897349,889.0979395,889.2426656,0.712382555,0.029468081,12,0
2025-02-10 07:47:00,Normal,A,9.427936578,9.424277976,0.063203996,-68.14325503,-67.81946422,0.624526867,64.26396095,64.28293361,0.271229135,174.2953238,173.9181774,1.209540076,140.9778995,140.8125774,0.881893032,118.642999,118.955829,3.793656845,890.2407398,890.1972764,0.696172987,0.013767374,12,0
2025-02-10 07:48:00,Normal,A,9.464922488,9.457031867,0.03169499,-67.42359771,-67.56540829,0.742354166,63.39630334,63.4141793,0.189304281,173.6514001,173.2304246,1.168018081,143.8995136,143.4108043,2.524814588,122.936617,123.0458982,0.805390513,890.3779072,890.8128636,1.299904096,0.03698591,12,0
2025-02-10 07:49:00,Normal,A,9.456243706,9.468976601,0.057021714,-66.20737502,-66.33223692,0.674813647,63.67964861,63.67339659,0.201676459,174.2250183,174.1840908,1.178470443,147.9563968,148.2596655,0.808811722,118.9670077,118.9371164,0.652700226,890.5339466,890.6488604,0.62263715,0.008678782,12,0
2025-02-10 07:50:00,Normal,A,9.474792722,9.477896634,0.019081817,-64.4840462,-64.51962406,0.432248069,63.04891919,63.08309075,0.259013696,173.4660635,173.5701924,1.031043133,145.8310276,145.6777911,1.728599606,116.1472267,115.8157812,2.751301948,887.8405345,888.1087069,0.744617468,0.018549016,12,0
2025-02-10 07:51:00,Normal,A,9.475208681,9.475929237,0.055147598,-65.54653083,-65.60115951,0.737794569,62.51117078,62.57848668,0.201859259,173.9053691,173.8334504,1.019108633,142.2620831,142.2525322,0.478933077,117.7322391,118.3027407,3.844725617,885.3813357,885.2162567,0.875416491,0.000415959,12,0
2025-02-10 07:52:00,Normal,A,9.477106197,9.456080354,0.073581594,-67.45925611,-67.3843328,0.549041652,62.192827,62.23017591,0.123755543,175.3747816,175.6761371,1.223564194,144.0513369,143.7930742,1.475321866,120.9582105,121.2486652,1.459721717,885.255454,885.1022082,0.4691762,0.001897516,12,0
2025-02-10 07:53:00,Normal,A,9.490219357,9.487805272,0.028207671,-67.98241305,-68.00478885,0.319767826,62.4736855,62.47110366,0.174876559,175.936483,176.2791494,1.607853363,142.5030676,142.4687926,1.841775135,122.8158652,122.6093217,1.449243552,885.2698278,885.3071793,0.41497318,0.01311316,12,0
2025-02-10 07:54:00,Normal,A,9.41292782,9.4358099,0.056327205,-68.24511397,-68.38609843,0.564867347,61.99137653,62.04294094,0.237939984,174.0616207,173.9106102,0.737645564,139.9285996,140.0580372,0.677312447,121.7324899,122.4705477,2.105199091,886.0643267,885.9323386,0.56369921,0.077291537,12,0
2025-02-10 07:55:00,Normal,A,9.507559841,9.510482837,0.042425671,-66.68720499,-66.51466447,0.437385691,62.03731983,61.98519965,0.187379781,175.6371658,175.5020669,1.38671967,137.4799329,137.3656906,0.938083085,118.4973992,115.7679723,8.363722412,888.5995598,888.4533075,0.993032206,0.094632021,12,12
2025-02-10 07:56:00,Normal,A,9.542765984,9.544564014,0.036880567,-67.28485646,-67.4009718,0.483012937,61.12145442,61.06549104,0.327626033,172.4668658,172.599469,1.437822011,136.6708324,136.6792614,0.784553437,116.1170293,115.4984901,1.781214591,888.1099248,888.1959026,1.204198626,0.035206143,12,0
2025-02-10 07:57:00,Normal,A,9.550246811,9.550002925,0.034947646,-68.45854051,-68.55623901,0.379858869,61.09723832,61.06888639,0.1558744,170.7155812,170.638415,1.264497908,137.3885646,137.1002219,1.055901265,114.8694248,114.7626912,2.069417392,886.9977325,886.8868742,0.462356652,0.007480827,12,0
2025-02-10 07:58:00,Normal,A,9.548163208,9.54397864,0.057029322,-66.52263879,-66.47087567,0.708817622,61.11334523,61.1154238,0.288351679,174.1644556,173.7428555,0.896680788,138.3064856,137.5232503,2.395411552,115.2481,115.9032767,1.604606029,887.7316723,887.6734847,0.59783217,0.002083603,12,0
2025-02-10 07:59:00,Normal,A,9.542964957,9.570562417,0.078343445,-66.6909826,-66.8791885,0.81427637,61.48102746,61.52186109,0.364278828,173.9173528,173.7754975,0.55301039,142.4328805,142.6540447,0.678641081,117.3933328,117.1746614,1.082092476,888.8542259,888.9438309,0.488206494,0.005198251,12,0
2025-02-10 08:00:00,Normal,A,9.456626848,9.464765772,0.038088022,-67.64417722,-67.68214836,0.285583326,61.86221202,61.92412616,0.223322632,176.7711035,176.9743652,1.263609936,143.1618437,143.1912645,0.614351053,118.2173701,118.6002047,1.105510566,889.5654437,889.4363723,0.645777865,0.086338108,12,0
2025-02-10 08:01:00,Normal,A,9.541114078,9.544953623,0.034747551,-67.0947342,-67.12666006,0.358585106,61.41607489,61.40540712,0.260018354,176.6152452,176.1639484,1.952528046,145.0371959,145.0860516,1.079646796,116.1972042,116.3436711,1.399537151,890.2144438,890.1881672,0.405981818,0.08448723,12,0
2025-02-10 08:02:00,Normal,A,9.556534135,9.571509076,0.063759781,-67.68410516,-67.68504627,0.598945714,61.31153573,61.2230792,0.19211724,174.5391496,174.5437108,0.844226105,148.7928347,148.5768783,1.368181153,115.7712999,115.3706499,1.673175692,890.6612946,890.6934667,0.551795328,0.015420056,12,0
2025-02-10 08:03:00,Normal,A,9.504973152,9.495623581,0.065050582,-67.47789211,-67.39745678,0.434359217,61.67118101,61.63867626,0.357927479,176.4065428,175.9985642,1.410647512,150.4511321,150.3242496,1.06688907,118.7994585,119.0078999,1.312958249,892.3059738,892.3103627,0.687217409,0.051560982,12,0
2025-02-10 08:04:00,Normal,A,9.573993468,9.573854811,0.051187117,-68.60376258,-68.52788115,0.605312145,61.87074767,61.69844769,0.503727588,177.1630234,177.0141191,1.28584196,149.354609,150.2748609,1.761631268,121.8848372,121.6040389,1.120584377,893.3076724,893.2526764,0.395173238,0.069020316,12,0
2025-02-10 08:05:00,Normal,A,9.517086815,9.514180041,0.028170548,-70.07929292,-70.07480887,0.155785129,62.80735512,62.69521668,0.362349189,179.1549068,179.0879788,0.681138721,146.4853466,146.5447423,0.583996353,119.1185939,119.9032142,3.481369138,892.8732283,893.003101,0.736128091,0.056906653,12,0
2025-02-10 08:06:00,Normal,A,9.508838161,9.506383101,0.059696303,-68.71438407,-68.32984978,0.723038922,63.33874766,63.26909273,0.211287504,179.7048559,179.1296318,1.738069292,143.4389847,143.5634598,0.700078838,114.4629982,114.1333371,1.56439928,891.9778855,892.0377302,0.612760516,0.008248654,12,0
2025-02-10 08:07:00,Normal,A,9.491581557,9.490226293,0.03332956,-67.84389465,-67.92354869,0.385510674,64.15792993,64.22737468,0.328426459,177.1919041,177.0463059,0.958008878,141.0014135,140.7926209,1.146141139,115.1041842,115.2144854,0.621699791,891.6942644,891.7620361,0.451229647,0.017256604,12,0
2025-02-10 08:08:00,Normal,A,9.436079704,9.419817647,0.062543453,-68.0749836,-68.06137388,0.239241792,64.71765595,64.68848965,0.244866875,175.9170569,176.1491063,0.747182062,139.0534508,139.1414643,0.575465989,117.4626821,117.5639617,1.329703188,891.8518245,891.8044175,0.949169844,0.055501853,12,0
2025-02-10 08:09:00,Normal,A,9.50375488,9.499472595,0.043521239,-67.99727966,-68.02591677,0.398545479,64.57394929,64.547235,0.326000102,173.5241739,173.7766147,1.517232691,141.4771326,141.6053756,0.816083133,118.4724863,118.916946,1.831675141,892.7818465,892.8460613,0.729823685,0.067675176,12,0
2025-02-10 08:10:00,Shift_Change,A,9.387234073,9.377730076,0.037918945,-69.42763619,-69.50994105,0.449795612,65.7339227,65.69035884,0.20660903,174.3729394,174.3702278,0.661845189,146.9827553,146.8392415,0.756239297,125.8804122,124.7556046,2.693387428,894.0820188,893.9926213,0.288087345,0.116520807,12,0
2025-02-10 08:11:00,Shift_Change,A,9.294753412,9.311413761,0.074936518,-69.59900809,-69.60434893,0.286655629,65.52240754,65.5297192,0.152102449,175.5589749,175.8532,1.433607405,146.280481,147.0457205,2.263380308,128.7551964,128.1589835,2.109415085,895.0382929,895.0396215,0.83702014,0.092480661,12,0
2025-02-10 08:12:00,Shift_Change,A,9.237303972,9.241470327,0.042100383,-69.6573453,-69.60682218,0.370591731,66.28675018,66.23193848,0.247943325,176.811297,176.5998339,1.075680578,139.3019384,139.4874593,0.963373003,125.7366918,125.8446336,2.168526021,893.9312827,894.1546162,0.86098426,0.05744944,12,0
2025-02-10 08:13:00,Shift_Change,A,9.339873052,9.343800409,0.059437068,-70.16146633,-70.22940118,1.066390725,66.04787717,66.02653798,0.158858644,176.3663768,177.0953489,2.269595525,140.2954724,140.4615321,0.731448089,124.4921587,124.5834965,0.450392534,893.7362671,893.6676664,0.775316277,0.10256908,12,0
2025-02-10 08:14:00,Shift_Change,A,9.482258291,9.478905251,0.059533087,-71.05181418,-71.26486968,0.569179884,65.84940676,65.77538922,0.140451573,177.6665317,177.7018115,2.386705807,140.872186,141.014125,0.998054704,126.5757099,126.328657,1.149690983,896.0762332,896.2483012,0.626992673,0.14238524,12,0
2025-02-10 08:15:00,Shift_Change,A,9.395627018,9.403005617,0.048056568,-69.30571704,-69.13553407,1.019097315,65.73616052,65.74390195,0.165429411,178.9187777,179.0316261,0.790256278,139.5583974,139.4162142,1.037309459,119.6935222,119.6697095,3.775512812,894.8651372,894.8447526,0.83972295,0.086631274,12,0
2025-02-10 08:16:00,Shift_Change,A,9.41241341,9.415638026,0.058000098,-66.52680817,-66.55185026,0.266881573,65.13529742,65.19763776,0.189670701,175.8148619,175.3210563,1.615116126,136.2117101,136.1942347,1.223048044,116.0590634,115.7184632,2.133824059,894.3073793,894.2977602,0.388238637,0.016786392,12,0
2025-02-10 08:17:00,Shift_Change,A,9.432423419,9.430545448,0.039902699,-66.42331583,-66.35462335,0.501749123,64.41301879,64.41361194,0.293267705,173.3809189,173.6110097,1.221981259,138.5211248,139.1233857,1.535804563,118.4609481,118.5405958,0.964288876,893.6462375,893.5620588,0.871416744,0.020010009,12,0
2025-02-10 08:18:00,Shift_Change,A,9.492586904,9.492956943,0.067282364,-67.2600294,-67.10482729,0.848758324,64.74981403,64.73036156,0.284634346,175.723838,175.7204042,1.223547767,138.2262156,138.1280134,0.997145446,119.3121132,119.0493259,1.624216121,894.5967803,894.5535314,0.631224504,0.060163485,12,0
2025-02-10 08:19:00,Shift_Change,A,9.501970487,9.493138539,0.044495536,-69.92921317,-69.95526754,0.326259282,64.61477765,64.59379274,0.166951413,175.2155814,175.0063787,0.707945862,140.9072518,140.8576642,1.141997552,123.4058609,123.8898937,1.687359899,893.7120208,893.1379127,1.277010173,0.009383583,12,0
2025-02-10 08:20:00,Shift_Change,A,9.356864836,9.351834812,0.050159696,-70.30955294,-70.31666297,0.366477942,64.52705955,64.51108684,0.130896848,175.2336973,175.2582435,1.619823542,143.7788986,143.8260337,0.592572086,121.5492422,121.9497638,1.226876255,891.4784426,891.2244856,0.615138248,0.145105651,12,0
2025-02-10 08:21:00,Shift_Change,A,9.425305176,9.421116594,0.052020365,-69.68272153,-69.75138703,0.310991192,64.898164,64.86859105,0.27047869,175.9315096,175.284439,1.483945526,144.8670898,144.3442156,2.198273312,121.8574144,121.5746902,1.050691203,891.2289911,891.2538997,0.369545894,0.06844034,12,0
2025-02-10 08:22:00,Shift_Change,A,9.38327871,9.372651574,0.059642525,-69.49318083,-69.48808662,0.288879514,65.25050176,65.22842079,0.252283713,176.2482899,176.3730485,0.637790282,150.2355014,150.3271387,0.804468723,123.4391884,123.6984098,0.999322431,891.2102533,891.2742743,0.240884242,0.042026466,12,0
2025-02-10 08:23:00,Shift_Change,A,9.343715972,9.333530671,0.024101083,-69.50912967,-69.55557877,0.441794836,64.89693326,64.93242426,0.249061083,178.4172701,178.755851,1.644044858,151.7953691,152.0884719,0.881347604,121.2976514,121.2422397,0.997841284,890.2030041,890.3026339,0.912743172,0.039562738,12,0
2025-02-10 08:24:00,Shift_Change,A,9.310445441,9.305403046,0.032981645,-68.97010184,-68.95649094,0.277829375,64.8506815,64.85949663,0.240796192,178.0741341,178.1768794,1.915047254,151.9885968,152.0058047,0.641741967,119.8221456,119.8648293,1.233783728,888.8247805,888.85002,1.112546813,0.033270531,12,0
2025-02-10 08:25:00,Shift_Change,A,9.408219376,9.415503024,0.064337404,-69.24192338,-69.25107704,0.29606024,65.33015476,65.3405887,0.46166188,177.49782,177.6804825,1.277989463,153.7578467,153.6056574,0.871356481,120.1955128,119.4743604,2.319796285,886.7241218,886.5363168,0.474603182,0.097773935,12,0
2025-02-10 08:26:00,Shift_Change,A,9.526116485,9.526661599,0.037240727,-68.01720429,-67.9514404,0.544649755,65.55348233,65.50494777,0.30579493,177.9232872,178.0941285,0.692755493,152.1414256,152.0416126,1.427229373,126.6025322,125.7402824,1.625345576,887.9649354,887.4403852,1.202328249,0.117897109,12,0
2025-02-10 08:27:00,Shift_Change,A,9.513508001,9.513102754,0.063788319,-67.76989488,-67.80771952,0.452877889,65.47962692,65.44184511,0.310574588,179.8981473,180.1269328,0.748670412,152.6639897,152.9048349,0.994760271,125.6558099,125.3773922,2.20877885,889.2078879,889.1209414,0.603141937,0.012608485,12,0
2025-02-10 08:28:00,Shift_Change,A,9.391208276,9.387572451,0.030107033,-69.7854002,-69.75026538,0.600214134,65.06885696,65.08096272,0.199282774,181.7034875,182.1189959,1.135083468,154.6113647,154.6086669,0.684963629,125.1355128,124.9748031,1.073927903,889.4070694,889.5951288,0.646317498,0.122299724,12,0
2025-02-10 08:29:00,Shift_Change,A,9.328477491,9.323817228,0.052878464,-70.44210868,-70.42678762,0.259965057,65.61431757,65.62438849,0.149257529,178.3304931,179.2509679,3.096801308,150.3859187,149.9912203,1.141175279,124.8713642,124.5626785,1.43534037,888.1933293,888.1708259,0.769159612,0.062730785,12,0
2025-02-10 08:30:00,Shift_Change,A,9.656306051,9.688792846,0.107210518,-70.61722432,-70.5015449,0.456177729,65.72420212,65.68894563,0.197194062,173.5298296,173.1931282,1.076728474,150.1427072,150.1158016,0.879623348,123.5770271,123.9093853,1.127603568,889.5040532,889.3544821,0.352400248,0.327828559,12,0
2025-02-10 08:31:00,Shift_Change,A,9.81660222,9.805738489,0.048404652,-71.26303507,-71.29325805,0.457522256,65.25766742,65.15896156,0.635089006,176.0653461,176.1171623,0.84477004,149.909866,149.6282795,1.663377384,119.5618955,119.1316082,1.438496653,889.2993107,889.4069577,0.700727538,0.160296169,12,0
2025-02-10 08:32:00,Shift_Change,A,9.806980542,9.824591765,0.051527639,-69.93672912,-70.05300782,0.709699021,64.89514065,64.89547544,0.275918832,177.3468653,177.0639505,0.845181244,147.6920738,147.6936147,0.721871097,122.6099023,122.8831802,1.686812102,889.2606362,888.9428197,1.058641013,0.009621678,12,0
2025-02-10 08:33:00,Shift_Change,A,9.873461593,9.877393846,0.036484814,-68.50661098,-68.66663298,0.492541924,63.79983415,63.78001579,0.454197614,179.0997828,179.3548473,1.525250621,147.1240951,147.048313,0.748517194,120.6620106,121.0666814,1.306548145,890.8511751,890.792834,0.560552249,0.066481052,12,0
2025-02-10 08:34:00,Shift_Change,A,9.929266772,9.934222215,0.035717749,-69.02857623,-69.03238239,0.227781245,63.71729065,63.62193853,0.219096806,179.7197826,180.0107268,0.997699638,148.4021873,148.3517519,0.597872994,118.4321247,118.638563,1.313702009,889.9213522,889.4786049,0.951218126,0.055805178,12,0
2025-02-10 08:35:00,Shift_Change,A,9.899835053,9.898561917,0.065369117,-69.43784033,-69.54458421,0.407722717,63.35874729,63.38298168,0.219302071,178.153629,178.2417341,0.722826004,151.1831528,151.1456277,1.311122415,121.3229831,121.7265923,1.233017289,891.9232116,891.9442834,0.975632077,0.029431719,12,0
2025-02-10 08:36:00,Shift_Change,A,9.727358237,9.746773809,0.049361275,-68.61898994,-68.60013277,0.41603606,63.56050843,63.65489343,0.291041049,180.484119,179.6188664,1.989116544,149.7959185,150.0836917,1.496193843,122.7305902,122.7399359,1.448053427,889.6206444,889.5637975,0.414723394,0.172476816,12,0
2025-02-10 08:37:00,Shift_Change,A,9.830517589,9.811289156,0.090325529,-69.40932405,-69.2048756,0.695721507,64.36479365,64.44590643,0.316850521,181.8717698,181.7790498,1.059843991,149.3474823,149.3852639,1.169166924,123.5199047,123.8143197,1.045302765,886.5944893,886.9204427,1.152342514,0.103159352,12,0
2025-02-10 08:38:00,Shift_Change,A,10.03792548,10.02915306,0.059084231,-70.91439488,-70.98476144,0.366665211,64.24577523,64.16078035,0.245152364,180.6702105,180.1127616,1.321293789,147.4768838,146.927374,1.329807693,121.8428825,122.0070203,0.780978496,884.2255827,884.353053,0.955274144,0.207407893,12,0
2025-02-10 08:39:00,Shift_Change,A,9.835910351,9.83434308,0.044619698,-69.74103248,-69.83453403,0.532404559,64.10131351,64.06144543,0.145379413,179.8738245,179.9158047,0.632049315,144.5425814,144.8071884,1.09226923,124.14943,124.3301381,0.877864833,883.5484645,883.4307738,0.594065175,0.202015132,12,0
2025-02-10 08:40:00,Shift_Change,A,9.873976868,9.893454995,0.062854595,-69.24535676,-69.20594939,0.511825258,64.35255666,64.23609466,0.327272423,180.3853036,180.6295498,1.47150074,144.2273418,143.7186796,1.83559065,125.8550375,125.8580414,1.493084977,884.7800654,884.8565921,0.625478846,0.038066517,12,0
2025-02-10 08:41:00,Shift_Change,A,9.94976646,9.948498588,0.036825172,-68.97713246,-68.80953382,0.552408333,65.02770196,65.02512477,0.227221569,182.1822531,182.2182313,0.59498232,143.0731142,143.2429338,0.794897973,128.4508872,128.1250132,1.811769849,886.448579,886.5103631,0.895931383,0.075789592,12,0
2025-02-10 08:42:00,Shift_Change,A,9.846057393,9.849118382,0.034527339,-70.47446308,-70.46744542,0.382028923,66.11413847,66.15225279,0.466474176,181.6479201,181.8651613,1.603283887,141.5803819,141.6761617,1.027117198,130.4279065,130.6604418,0.924603,887.8436061,887.8311425,0.29074365,0.103709067,12,0
2025-02-10 08:43:00,Shift_Change,A,9.837792787,9.841882713,0.033952702,-70.27711308,-70.3485934,0.537204307,66.13095796,66.1502055,0.178807395,176.6250371,177.0010561,1.760435295,141.1135381,141.0512072,1.011953278,126.3443162,126.0836618,1.909099834,887.6766739,887.889968,0.516230003,0.008264606,12,0
2025-02-10 08:44:00,Shift_Change,A,9.86304115,9.857862945,0.039963613,-70.27975948,-70.55676772,0.622728599,65.48007548,65.27461246,0.514220212,175.4766763,175.3647935,0.911966781,139.7559931,140.5193204,1.800384935,125.1483576,125.499813,1.133413753,889.4034967,889.4042235,1.306141963,0.025248363,12,0
2025-02-10 08:45:00,Shift_Change,A,9.815571866,9.826746796,0.05906529,-70.57256432,-70.53188259,0.43778627,65.08653985,65.03199417,0.250193573,177.108317,177.7688668,1.206283875,138.0540754,138.136232,0.815254185,126.5122881,126.4806289,1.528249586,889.2817717,889.0495605,1.060230843,0.047469284,12,0
2025-02-10 08:46:00,Shift_Change,A,9.818478943,9.820373324,0.036387511,-70.47274008,-70.57825178,0.405896924,64.57673131,64.57719257,0.13835021,178.9661051,179.1008698,1.50583759,141.8376327,140.8907012,2.417718708,121.9513184,122.1452125,1.462998517,888.2315921,888.1116031,0.453582851,0.002907077,12,0
2025-02-10 08:47:00,Shift_Change,A,9.753888845,9.759772447,0.031454784,-70.26129903,-70.35007897,0.753756642,65.14434294,65.15914218,0.245685308,178.3966486,178.2053803,0.828933643,143.7725713,143.8210243,1.1969082,120.5856994,120.5283223,1.212060912,888.3462079,888.367071,0.760243363,0.064590098,12,0
2025-02-10 08:48:00,Shift_Change,A,9.822461823,9.866647096,0.082843267,-69.10652377,-68.88695693,0.709072214,65.79194847,65.77766551,0.298150436,177.6368342,177.4188529,0.966794232,142.7613588,142.8532954,0.801875505,121.8254198,121.7568818,0.848916173,890.1083323,890.1414744,0.853677463,0.068572978,12,0
2025-02-10 08:49:00,Shift_Change,A,9.873915026,9.874745654,0.039362957,-69.88194958,-69.96094481,0.323887849,64.91193025,64.95371002,0.750409377,176.3600157,176.4495919,1.597725843,141.3451083,141.5761244,0.939128784,122.4081653,122.4232744,1.240973676,891.86946,891.9297968,0.766648634,0.051453203,12,0
2025-02-10 08:50:00,Shift_Change,A,9.580739619,9.54261299,0.118850391,-69.39258179,-69.38152537,0.272321997,64.48131933,64.43130267,0.155760128,175.325166,175.155374,0.8021248,141.8520741,141.8758741,1.032906817,117.1519378,116.9973205,1.744148385,892.3946098,892.7286126,0.617930037,0.293175407,12,0
2025-02-10 08:51:00,Shift_Change,A,9.439559987,9.443855287,0.041467683,-68.20660603,-68.09657596,0.340739895,64.38519107,64.40741836,0.233453453,176.7171962,177.0126104,1.63979257,143.2976645,143.4489747,0.620052307,116.7404095,117.5668831,2.681463224,890.875365,890.300469,1.131328934,0.141179633,12,0
2025-02-10 08:52:00,Shift_Change,A,9.480495881,9.476376305,0.033536089,-69.30000356,-69.41043183,0.427140035,64.67034981,64.64763232,0.215766431,181.0398815,180.853243,1.186541977,141.7685322,141.7576088,0.950011977,121.7961886,121.7773614,1.753580578,890.6452857,890.8207979,1.117400983,0.040935894,12,0
2025-02-10 08:53:00,Shift_Change,A,9.476675138,9.488225769,0.062153327,-70.62244879,-70.49207488,0.771126067,64.97812105,64.98855007,0.267411962,181.6670352,181.9666624,1.294328643,142.0807675,142.1989158,1.365049423,123.99965,123.8886413,1.119188193,889.1094259,889.1065747,0.289749672,0.003820743,12,0
2025-02-10 08:54:00,Shift_Change,A,9.556885892,9.561613522,0.061893659,-70.82379738,-71.07243537,0.692226202,64.40641601,64.4692762,0.260776627,180.1826271,180.0880015,0.927847309,141.1027817,141.2861018,1.331744319,120.5697594,120.0827724,1.507506768,888.5641312,888.6723885,0.494533028,0.080210754,12,0
2025-02-10 08:55:00,Shift_Change,A,9.378617894,9.374803875,0.041835237,-68.33903319,-68.27890111,0.757456815,63.74157533,63.75918926,0.299904799,179.3636098,179.30953,0.950260568,139.8107978,138.294197,5.210840269,117.1194834,118.1014061,1.829228653,887.5144492,887.6606353,0.874816003,0.178267998,12,12
2025-02-10 08:56:00,Shift_Change,A,9.366822895,9.357453197,0.042028797,-66.47258894,-66.49358615,0.451093252,63.59666186,63.44543963,0.369871653,177.8811902,177.5752652,0.976750487,138.8168435,138.7734237,1.012027791,119.451601,120.3707703,3.791226645,886.9339739,886.9416238,0.254307984,0.011794999,12,0
2025-02-10 08:57:00,Shift_Change,A,9.486450139,9.49869708,0.043446363,-66.20775621,-66.1504908,0.571883618,64.22703064,64.17012259,0.405630761,175.0907525,174.7514519,1.136751256,140.9078253,141.5542612,2.056571726,122.7294667,123.0291524,1.047002368,888.0184271,887.6135161,0.846902967,0.119627244,12,0
2025-02-10 08:58:00,Shift_Change,A,9.440707663,9.437220127,0.046503165,-67.82999239,-67.72642376,0.366802879,64.55410351,64.54405103,0.132464845,176.030601,175.8813826,0.767076735,144.4584862,144.4133419,1.050865316,121.2941412,121.6115743,1.332674834,886.878337,886.6663112,0.911524235,0.045742476,12,0
2025-02-10 08:59:00,Shift_Change,A,9.394523857,9.393894376,0.033721111,-69.27640695,-69.19422661,0.663713539,64.52614197,64.52740823,0.200992581,176.7727846,176.5835965,1.223786524,145.6200972,145.5676992,1.290622091,116.5617611,116.3415306,1.533785566,887.4397104,887.6789824,0.769548687,0.046183805,12,0
2025-02-10 09:00:00,Shift_Change,A,9.458907609,9.459661858,0.086048975,-70.20569116,-70.25394434,0.378850778,64.8155185,64.93408841,0.354776855,176.2325159,175.7900682,1.309110513,150.0535402,150.2190261,1.034262735,116.9221548,116.9194493,1.087159666,887.1759371,887.3490958,1.199598622,0.064383752,12,0
2025-02-10 09:01:00,Shift_Change,A,9.329223651,9.33964993,0.051613306,-69.89908985,-69.82145664,0.511312444,65.33827718,65.33380483,0.239791943,178.6633912,178.701775,0.585560279,149.8913849,150.0440065,0.864830937,118.5067836,118.3735914,1.335249583,886.3427572,886.313874,1.229639419,0.129683959,12,0
2025-02-10 09:02:00,Shift_Change,A,9.476170051,9.473591916,0.066238142,-70.44532216,-70.59572262,0.579554996,64.61177897,64.59950984,0.306128086,177.3320002,177.1688592,0.735052577,147.828737,147.7033549,1.745307796,115.5963919,115.2663359,1.44877947,885.8907432,886.2184379,1.339953071,0.146946401,12,0
2025-02-10 09:03:00,Shift_Change,A,9.545133222,9.549836271,0.040994944,-70.80908585,-70.89389089,0.30018869,64.07328569,64.11062702,0.191517043,178.1303337,177.9443984,1.404815311,147.6598795,147.9759179,0.748577252,119.6104186,120.8215213,3.800078385,888.0557633,887.9997434,0.373521279,0.068963171,12,0
2025-02-10 09:04:00,Shift_Change,A,9.537535134,9.533841414,0.053046267,-69.37105521,-69.32128482,1.431501455,64.70603069,64.80289639,0.446390746,179.9565524,179.8603527,1.188242774,150.376995,150.6921096,0.839468692,122.8613776,122.7331419,0.820996985,886.9023893,886.9100859,0.561120423,0.007598088,12,0
2025-02-10 09:05:00,Shift_Change,A,9.585267112,9.587728641,0.052775582,-67.56635337,-67.51868435,0.252608435,64.0531149,64.11975904,0.529088001,177.7681348,177.5603678,1.308809959,152.7716371,152.6599908,1.77726902,125.5484437,125.5461482,2.619723072,886.500207,886.4722186,0.167928577,0.047731978,12,0
2025-02-10 09:06:00,Shift_Change,A,9.542180692,9.550601815,0.037741976,-67.69881813,-67.76324214,0.266751255,64.00325922,64.07968448,0.367383757,178.1496206,177.7131805,1.53221075,151.880521,151.9860019,1.173166376,124.1891063,124.5644685,1.33406093,886.5920703,886.5741893,0.457491687,0.04308642,12,0
2025-02-10 09:07:00,Shift_Change,A,9.510687829,9.486577845,0.09276149,-68.53075534,-68.29062593,0.604735505,63.80493206,63.85696501,0.212162764,179.3376979,179.4817952,0.997305678,147.8483736,147.7990009,0.706093299,121.3612423,121.8314546,1.726891,884.6420151,884.6499206,0.52339939,0.031492864,12,0
2025-02-10 09:08:00,Shift_Change,A,9.519888051,9.519113789,0.058519247,-67.84272791,-67.88182021,0.227469603,63.48372346,63.47941923,0.22962088,182.0656101,182.2338508,0.979572557,146.764027,146.6877319,0.70410095,117.7442444,117.846192,1.610962315,885.1419694,885.1473458,0.628604673,0.009200222,12,0
2025-02-10 09:09:00,Shift_Change,A,9.566638555,9.588982396,0.054026608,-68.80662723,-68.81584023,0.376542351,63.02283796,62.99723884,0.228501944,181.3037636,181.4289396,1.062685427,146.4330396,146.394214,0.689414014,113.4220865,112.9392292,1.411121782,886.8304833,887.2523509,0.926968001,0.046750504,12,0
2025-02-10 09:10:00,Shift_Change,A,9.479576884,9.487095227,0.031013896,-69.88751399,-69.83203311,0.77401207,62.44142094,62.3478175,0.2682073,179.3656632,179.5305728,0.614546682,146.7823788,146.9640562,1.117642649,120.487842,120.4632395,2.801539709,888.2431875,888.2810143,0.699165087,0.087061671,12,0
2025-02-10 09:11:00,Shift_Change,A,9.432448695,9.417499474,0.060188472,-70.69869982,-70.81732536,0.520810866,63.30928891,63.16582739,0.674972489,177.1633017,177.247884,1.532906204,144.1503547,144.1264605,0.994546989,123.9393297,123.8187269,0.846544501,886.1676274,886.2951649,0.673672018,0.047128189,12,0
2025-02-10 09:12:00,Shift_Change,A,9.438180008,9.435176167,0.048891796,-68.728844,-68.59594231,0.490481826,64.71703457,64.65203121,0.27492435,176.7567469,176.882074,0.743559485,143.02304,143.2530245,0.743530662,120.6089013,121.1464097,1.464394723,887.1454958,887.0096301,0.603189147,0.005731313,12,0
2025-02-10 09:13:00,Shift_Change,A,9.481745305,9.478893963,0.035258658,-68.84353321,-68.82299478,0.303886564,65.53767136,65.47123808,0.212811571,174.5623466,174.6682528,0.814528159,144.9937446,144.9054088,0.814137669,118.3378745,118.3572281,1.102984472,886.4120629,885.8800752,1.087724972,0.043565297,12,0
2025-02-10 09:14:00,Shift_Change,A,9.355364921,9.363345506,0.064030184,-68.04199521,-68.07259597,0.372086229,65.22635697,65.0409554,0.452072374,173.8253923,173.7637444,0.77505543,142.5778995,141.7085482,2.583954476,120.7258508,120.4553943,1.218635885,888.6956327,888.9872115,0.665550375,0.126380384,12,0
2025-02-10 09:15:00,Shift_Change,A,9.456396296,9.457005595,0.090161472,-69.01167088,-68.89921073,1.268842242,65.12592061,65.0963109,0.201800826,174.6076815,174.8301712,1.727190325,139.8673899,140.0094419,0.626655788,119.6217223,119.744608,1.347841746,888.74974,888.69756,0.464118056,0.101031375,12,0
2025-02-10 09:16:00,Shift_Change,A,9.549147792,9.532607236,0.076155484,-70.55188077,-70.49536058,0.283249973,64.12830946,64.01131061,0.603228087,176.4622008,176.2835222,1.435736103,138.7815567,138.5305103,0.833223105,117.9122172,117.7775027,1.386695143,892.8466639,893.367539,1.161757081,0.092751496,12,0
2025-02-10 09:17:00,Shift_Change,A,9.463303182,9.469906456,0.038170283,-69.5775901,-69.49525581,0.542790462,63.8371177,63.78752265,0.34742144,176.9769701,177.0307967,0.922511405,143.0325415,143.4935009,2.153221625,120.40566,120.4039669,1.09744637,892.6949434,892.6472573,1.043357095,0.08584461,12,0
2025-02-10 09:18:00,Shift_Change,A,9.480729122,9.514559123,0.247047059,-69.76258653,-69.78246473,0.39659517,64.00285586,64.04077069,0.189341912,175.7435628,175.6317949,1.011020826,146.8831916,147.181803,1.000084465,119.9731564,120.0075596,1.20708667,891.8331171,891.8671438,0.422597108,0.01742594,12,0
2025-02-10 09:19:00,Shift_Change,A,9.425080713,9.397807669,0.105688751,-69.19129512,-69.62619145,0.781871635,64.0317448,63.9991104,0.177838614,178.5457955,178.6381965,0.870063518,143.3812747,143.6674125,0.957786971,113.9652171,113.836484,1.580184616,892.7774392,892.6954338,0.293934655,0.055648409,12,0
2025-02-10 09:20:00,Shift_Change,A,9.486523025,9.47234128,0.07737728,-67.66214909,-67.70812479,0.551939163,63.24646147,63.25314146,0.2195753,176.765078,176.2996134,1.751171158,143.3411578,143.3192644,0.796819202,118.6548451,118.6157875,1.186218714,890.9808745,890.9812527,0.517640845,0.061442311,12,0
2025-02-10 09:21:00,Shift_Change,A,9.581157902,9.570350014,0.043627437,-68.06217717,-67.97578417,0.671958603,63.76373467,63.79527011,0.379506986,176.3123169,176.385924,0.790826682,143.7437608,143.80065,0.884768686,117.5043973,117.566821,1.556030314,891.0691187,891.0142468,0.790962738,0.094634877,12,0
2025-02-10 09:22:00,Shift_Change,A,9.547334077,9.539261196,0.075018766,-68.57090021,-68.58506838,0.29063377,64.78559385,64.80430106,0.197973018,175.561945,176.060182,1.267480205,142.930634,142.6861016,1.233970485,120.3792755,120.6449346,1.448505359,893.1773615,893.1938716,0.481022127,0.033823825,12,0
2025-02-10 09:23:00,Shift_Change,A,9.477903038,9.490970103,0.059804891,-68.4275086,-68.62048756,0.366430725,64.3894019,64.32211309,0.205525198,174.4904542,174.191684,0.885984658,142.5975456,142.6855258,0.694730799,125.109937,125.301933,1.504292121,891.8284967,891.8377338,0.352039708,0.069431039,12,0
2025-02-10 09:24:00,Shift_Change,A,9.454729589,9.451995235,0.040789706,-69.39207475,-69.40825273,0.4257744,64.37730506,64.38567196,0.238609967,175.1556183,175.2709488,0.996012127,145.4368207,145.5777005,0.831003267,120.8241398,120.9241551,0.752375908,892.0888592,891.868181,0.584365247,0.023173449,12,0
2025-02-10 09:25:00,Shift_Change,A,9.515449359,9.516700425,0.08968524,-67.82786843,-67.69699683,0.474071122,64.24920293,64.28465331,0.272077643,175.1158607,175.0427498,1.242854977,152.1556271,152.7657721,2.458173706,122.3884821,123.1104543,1.733003482,893.3351226,893.4416155,0.881444849,0.06071977,12,0
2025-02-10 09:26:00,Shift_Change,A,9.492578416,9.485310836,0.049215088,-68.26956942,-67.94845572,0.836194143,63.8457919,63.87082218,0.23553847,175.3421032,175.3841329,1.634351845,150.8160028,150.4447485,1.978060052,122.9377812,122.5726424,1.396421418,894.3073649,894.3356144,0.38527521,0.022870943,12,0
2025-02-10 09:27:00,Shift_Change,A,9.520081765,9.534836217,0.043998944,-69.49856071,-69.51457634,0.431537352,63.84537075,63.61498009,0.392942764,176.0021328,176.3395335,1.571599045,145.8501635,145.2758648,1.495800092,122.6476318,122.4423181,1.413596311,895.7782066,895.5646911,1.413630745,0.027503349,12,0
2025-02-10 09:28:00,Shift_Change,A,9.497980436,9.508930706,0.040855513,-69.48339332,-69.59695411,0.517347686,64.66110844,64.64006324,0.166020917,175.5203177,175.8123902,1.261035526,144.6604464,144.5162822,0.772023832,121.4570828,121.7429956,1.924223188,900.4350073,900.8058794,1.273918407,0.022101329,12,0
2025-02-10 09:29:00,Shift_Change,A,9.334247668,9.33036721,0.03859891,-69.9354059,-69.90628764,0.396378931,65.29884822,65.20844249,0.268074156,173.4324953,173.5188149,0.938956001,144.4118508,144.7069542,0.690855546,123.410086,123.5986676,0.970953803,902.2204348,902.3372318,0.376257533,0.163732769,12,0
2025-02-10 09:30:00,Setpoint_Change,A,9.381606359,9.409388157,0.106811252,-66.70396716,-66.71140484,0.625563949,64.32529158,64.39267407,0.207858451,172.586228,173.6737551,2.282967877,142.8567801,142.8964269,1.481454616,113.4666283,113.424155,1.976037282,910.6658064,910.3274255,0.701455301,0.047358692,12,0
2025-02-10 09:31:00,Setpoint_Change,A,9.51707499,9.494216077,0.058125539,-65.62315989,-65.54441347,0.479303378,64.13995024,64.23552641,0.21349587,173.1482837,172.9384422,1.142282615,143.9628913,143.3132819,1.717468644,109.8878111,110.068805,1.02404156,910.5087202,910.6424301,1.386716345,0.135468631,12,0
2025-02-10 09:32:00,Setpoint_Change,A,9.497983972,9.508214534,0.061388364,-66.74665769,-66.72926686,0.387805025,64.34627345,64.31901711,0.16434454,171.8489376,171.5969719,0.894083086,148.8763438,149.097726,1.044172373,110.3961786,110.5226507,1.34495545,910.1079143,909.8115939,0.941478964,0.019091018,12,0
2025-02-10 09:33:00,Setpoint_Change,A,9.339649845,9.340002327,0.07532817,-68.39404867,-68.4939129,0.776075026,64.55315227,64.54174702,0.271573942,174.191643,174.3536028,0.923180664,147.4826028,147.5345141,0.924540713,114.3168841,114.6390805,1.127111748,910.0949944,910.1266822,1.191850646,0.158334126,12,0
2025-02-10 09:34:00,Setpoint_Change,A,9.474403586,9.483384154,0.029239089,-68.18083293,-68.22525929,0.506357319,64.38330776,64.4993812,0.608983635,175.1665152,175.4246817,0.756622119,149.161243,149.2706902,0.876275451,118.0939716,117.4027812,2.320190037,908.236637,908.1705887,0.408287042,0.134753741,12,0
2025-02-10 09:35:00,Setpoint_Change,A,9.353890085,9.338539757,0.052831574,-67.42464512,-67.26623525,0.600604045,63.74110505,63.71017524,0.501075771,176.1612952,176.0648502,0.515257762,148.8892908,148.907133,0.882919421,116.7157887,115.5769303,1.899301455,906.4618404,906.179598,1.091902539,0.120513502,12,0
2025-02-10 09:36:00,Setpoint_Change,A,9.495377623,9.516920713,0.060413873,-66.68924613,-66.61317975,0.334932429,63.50023485,63.41264995,0.414628687,172.4462673,172.9906234,2.994155101,148.0506838,148.2373554,0.826451505,111.5757211,111.8327925,2.210915694,905.8663716,905.7851987,0.762769899,0.141487538,12,0
2025-02-10 09:37:00,Setpoint_Change,A,9.446806238,9.440901727,0.043771726,-65.99598642,-65.95085713,0.50465454,63.24004577,63.17519596,0.158609943,173.4816661,174.1533965,1.748245744,146.7457274,146.5623086,1.026686842,109.2358712,108.9182432,1.61165446,905.0690436,905.0271938,0.364095621,0.048571385,12,0
2025-02-10 09:38:00,Setpoint_Change,A,9.548466691,9.53817381,0.085074043,-65.72050258,-65.81528974,0.646863225,64.40164465,64.5219228,0.375904776,175.682504,175.6585554,0.63381584,148.4880663,148.5916346,0.678201219,111.9663926,112.4348574,1.518864254,906.710749,906.8611124,0.824753434,0.101660453,12,0
2025-02-10 09:39:00,Setpoint_Change,A,9.545611413,9.571038061,0.067492617,-66.50381503,-66.57116516,0.52202193,64.01345017,63.88666218,0.374552656,176.9841799,176.9480961,1.25235394,148.822055,148.8580682,0.670963474,111.4698034,111.1720415,1.053191315,906.6750565,906.4515369,0.850641369,0.002855278,12,0
2025-02-10 09:40:00,Setpoint_Change,A,9.480512603,9.504973885,0.071349386,-66.04978554,-66.0201622,0.452574288,63.89679158,63.88347678,0.449447733,174.1545233,174.0782373,1.782932885,147.0145267,147.1407705,0.684491652,115.0928678,114.7852734,1.116089806,905.2385556,905.2795223,0.65909922,0.06509881,12,0
2025-02-10 09:41:00,Setpoint_Change,A,9.45567917,9.434904361,0.070934331,-66.02883046,-65.99605379,0.260223518,64.31350276,64.35031219,0.254126766,174.0913837,174.0525649,0.500112799,145.9840898,145.8728942,0.809409514,115.4653016,115.4450144,0.911603707,903.230639,903.370863,1.893435215,0.024833434,12,0
2025-02-10 09:42:00,Setpoint_Change,A,9.564120142,9.59618703,0.098936353,-65.55430736,-65.57999696,0.222022882,64.38395625,64.3769876,0.266213029,173.1874037,172.7339429,1.837382418,147.2691863,147.3921679,1.203895033,118.7631327,119.4617724,2.194441538,899.947247,899.7504993,0.888934122,0.108440972,12,0
2025-02-10 09:43:00,Setpoint_Change,A,9.4109577,9.407117162,0.030566053,-64.06150808,-63.9165348,0.630227511,64.35308495,64.32186876,0.237768213,175.9218396,176.3762763,2.156842981,146.436099,146.3357518,0.898882282,119.4254041,119.4431743,0.651382961,899.5922535,899.7917082,0.816346495,0.153162441,12,0
2025-02-10 09:44:00,Setpoint_Change,A,9.378182531,9.376583088,0.032806848,-66.03661227,-66.06333363,0.63471406,64.15963591,64.02525775,0.276225792,175.8161199,175.7006124,0.509314024,148.0816048,148.3615224,1.053821753,118.6625185,119.334913,2.152894497,899.4965709,899.4539504,0.380553666,0.032775169,12,0
2025-02-10 09:45:00,Setpoint_Change,A,9.506944083,9.535601693,0.133146049,-66.43653178,-66.41903685,0.376717118,64.32861374,64.42546856,0.286154993,175.1509588,175.4486143,1.441657855,147.1202218,147.3534393,1.29421499,115.4634201,115.6243553,1.488789336,898.6288801,899.0506152,0.982206406,0.128761552,12,0
2025-02-10 09:46:00,Setpoint_Change,A,9.376733879,9.50005277,0.254542921,-67.07749158,-67.18241051,0.511845993,63.99195156,64.07442358,0.320655281,174.6313015,174.7757074,1.145445318,147.1520168,147.1073723,0.692280242,113.5875605,113.5263294,1.522442223,896.7897226,896.660937,0.38099251,0.130210204,12,0
2025-02-10 09:47:00,Setpoint_Change,A,9.436591294,9.453711496,0.118134267,-67.1086619,-67.09063608,0.314384925,62.99619345,63.04247772,0.294282221,173.5880678,173.4611028,1.184871339,142.825185,142.3470887,1.357927981,115.1501127,115.3032124,1.425013503,898.9993693,899.0014873,0.650676077,0.059857416,12,0
2025-02-10 09:48:00,Setpoint_Change,A,9.303254373,9.290168478,0.129165462,-67.97865658,-68.02262337,0.522555617,62.79722402,62.77408313,0.14198022,172.3376106,172.4471469,1.400540653,142.661499,142.4981129,1.012419431,116.5420717,116.5872559,1.365616866,898.9284586,898.881068,0.439330242,0.133336921,12,0
2025-02-10 09:49:00,Setpoint_Change,A,9.503539882,9.47366412,0.122253849,-68.23249194,-68.20743785,0.674089451,62.81263249,62.81134504,0.304934231,170.9616045,171.2216675,1.543571513,139.5120083,139.6475024,0.955751363,110.2389643,109.9038863,1.154887956,899.3829742,899.2031433,0.591601161,0.200285509,12,0
2025-02-10 09:50:00,Setpoint_Change,A,9.531329712,9.595527837,0.146375582,-68.58247964,-68.62641352,0.350119032,62.34841463,62.34815445,0.177936003,173.8333035,173.6846749,1.998116735,139.3818454,139.3634311,0.683215129,107.99624,107.8126875,0.779687789,900.9522716,900.8229778,0.620597541,0.02778983,12,0
2025-02-10 09:51:00,Setpoint_Change,A,9.463278896,9.493756302,0.084095916,-68.34704612,-68.18605391,0.503460113,61.64113187,61.63002218,0.193498777,176.0925887,176.2669088,1.050506089,139.5639758,139.248313,1.601490109,110.8323024,111.0265734,1.599957352,898.6657841,898.86689,0.969118829,0.068050817,12,0
2025-02-10 09:52:00,Setpoint_Change,A,9.328476386,9.338209375,0.118124184,-68.15219262,-68.26195592,0.801415086,61.4825532,61.51369426,0.3092852,174.7811586,174.5714212,1.036799533,141.5987524,141.8539249,0.743252758,112.1116183,111.348955,1.885025495,898.0535297,897.908125,0.46188096,0.13480251,12,0
2025-02-10 09:53:00,Setpoint_Change,A,9.677107558,9.716303577,0.283703106,-64.79675285,-64.77079625,0.542292229,61.0006877,60.99831261,0.122717212,173.0865367,172.7114509,0.938055804,140.8161115,140.8899972,0.851183084,114.7292674,114.6544427,2.241327867,900.6869249,900.5972359,1.748961743,0.348631173,12,0
2025-02-10 09:54:00,Setpoint_Change,A,9.837277286,9.852387489,0.157333981,-64.43095224,-64.31785859,0.32038365,61.46350939,61.42440679,0.254749782,174.7940872,174.7499565,0.918551814,141.1759507,141.1613242,1.419071485,117.3022719,117.6188892,1.081037559,903.7016944,903.7495823,0.430898977,0.160169728,12,0
2025-02-10 09:55:00,Setpoint_Change,A,9.705541298,9.689754504,0.243263176,-64.48942555,-64.64626133,0.639950013,61.61809298,61.55297483,0.203718408,174.6855225,174.5967361,2.019628738,141.4735855,141.7472535,0.924109369,115.325446,114.9869422,0.740966493,903.1345943,903.1468953,0.998953479,0.131735988,12,0
2025-02-10 09:56:00,Setpoint_Change,A,9.756280884,9.804446334,0.189748671,-64.81418068,-64.85639975,0.460740653,62.26355874,62.24343011,0.235233575,173.981371,174.1267605,0.628813999,141.3480947,141.0557813,1.407497406,115.2385256,115.1587907,1.06824223,900.8610671,900.8226628,0.500397892,0.050739586,12,0
2025-02-10 09:57:00,Setpoint_Change,A,9.438359639,9.475791457,0.131502114,-66.58443592,-66.75278402,1.096799922,62.62807663,62.61815833,0.340616894,172.8710179,172.8444663,0.701032039,141.915986,142.2009858,0.732181202,115.0755393,115.0034459,2.130518554,900.6024889,900.4689275,0.390163451,0.317921245,12,0
2025-02-10 09:58:00,Setpoint_Change,A,9.468715256,9.484856751,0.109754834,-68.04360603,-68.04893431,0.530795673,62.1453157,62.14031629,0.14447465,173.2184714,173.4182977,1.552202661,141.6970063,141.9819794,1.110424031,116.3353182,116.486417,2.069652321,901.3813452,901.2484935,0.370136099,0.030355617,12,0
2025-02-10 09:59:00,Setpoint_Change,A,9.396348698,9.402433882,0.093796492,-68.01658204,-68.10875088,0.238575686,62.24669819,62.22750657,0.14046815,174.0812348,174.1383954,0.716856071,139.9913343,140.3094,1.165324786,117.8808769,117.9177368,0.662825392,901.7678799,901.688645,0.471834681,0.072366558,12,0
2025-02-10 10:00:00,Setpoint_Change,B,9.559186405,9.512417548,0.231198617,-66.92998851,-66.98314899,0.473543794,62.18437322,62.16830852,0.231387933,177.0612019,177.4439918,1.99521736,140.0817467,140.315877,0.908050445,116.5849786,116.5414875,1.105621003,901.0249957,901.0152024,0.610697954,0.162837707,12,0
2025-02-10 10:01:00,Setpoint_Change,B,9.542032116,9.532024721,0.136093455,-68.118139,-68.22941425,0.927931901,62.49348385,62.48743389,0.497105318,180.7531702,180.8976809,1.071875246,141.4157883,141.3273275,1.331337336,121.0169505,121.3254814,1.88862669,900.3093546,900.1756596,0.823257932,0.01715429,12,0
2025-02-10 10:02:00,Setpoint_Change,B,9.348221924,9.327009677,0.15442801,-68.01338422,-68.13165874,0.758606048,62.69085417,62.739844,0.170176363,175.6115828,175.3746304,0.856767251,144.0857915,144.2085198,1.701457548,117.4159197,117.1506219,1.34167758,900.191253,900.2558133,0.351009701,0.193810192,12,0
2025-02-10 10:03:00,Setpoint_Change,B,9.499657524,9.516825627,0.148255902,-68.62863901,-68.74692032,0.664259529,62.49194145,62.47851751,0.187249696,176.1560117,176.2426522,0.918490895,145.7708335,146.7960764,1.906437485,120.2145082,120.4925124,1.739884207,899.6442132,899.4353629,0.854263672,0.151435601,12,0
2025-02-10 10:04:00,Setpoint_Change,B,9.407520521,9.445280359,0.137122036,-67.30132013,-67.33069109,0.299082019,61.74437173,61.76498232,0.30381866,176.3504457,176.7006679,1.109116532,146.5565094,146.1501282,1.716944859,120.6692958,120.770344,0.915692092,898.0048166,897.8742825,0.625950317,0.092137004,12,0
2025-02-10 10:05:00,Setpoint_Change,B,9.630725851,9.551986095,0.17721187,-67.53092531,-67.44576215,0.586923311,62.11226873,61.9042541,0.358780639,173.9453226,174.0543863,0.731381189,146.06502,146.062914,1.002478394,117.7677788,118.045068,2.060572021,899.3237701,899.2651044,0.705647697,0.22320533,12,0
2025-02-10 10:06:00,Setpoint_Change,B,9.288913105,9.316198248,0.072071973,-68.4032719,-68.32787012,0.807171036,62.93602994,62.93536711,0.162547579,171.08089,171.4891836,1.288015707,147.332644,146.9593552,1.03989545,116.9826972,117.1566909,1.288357285,897.4494883,897.3592857,1.05422411,0.341812745,12,0
2025-02-10 10:07:00,Setpoint_Change,B,9.514004623,9.519699084,0.132603754,-69.43280404,-69.49366709,0.32811288,62.89885468,62.95611994,0.173848326,170.9076842,170.7589408,0.98011516,147.0684832,146.593575,1.19239777,114.7808449,114.6373157,1.434661876,898.4279512,898.4242214,0.884452596,0.225091518,12,0
2025-02-10 10:08:00,Setpoint_Change,B,9.768218791,9.754041689,0.081103079,-68.24601239,-68.32095056,0.394875245,62.7995065,62.80920415,0.138462962,171.3727234,171.400578,0.870848955,145.9742838,145.6310409,0.841379558,113.2662116,113.3230478,0.887974419,899.2437043,899.4919653,0.527880535,0.254214168,12,0
2025-02-10 10:09:00,Setpoint_Change,B,9.791586451,9.81309353,0.136415526,-68.80745489,-68.88238305,0.261745691,62.7890262,62.69555342,0.249697525,171.028124,170.6071553,1.315662176,143.0295522,143.1136567,0.923565116,115.7383396,115.4430409,1.916964219,899.7352068,899.8116236,0.425253217,0.023367659,12,0
2025-02-10 10:10:00,Setpoint_Change,B,9.495311673,9.517869262,0.070843346,-68.32915565,-68.41988421,0.277536995,63.85902952,63.79059584,0.32780374,170.9295196,171.0306149,1.056946915,141.0673031,140.5030728,1.464836702,118.3682205,118.1651558,1.079530947,898.8092487,898.892522,0.767173583,0.296274777,12,0
2025-02-10 10:11:00,Setpoint_Change,B,9.407302098,9.421512024,0.069666397,-68.28547297,-68.2644251,0.296869449,63.90549568,63.89940136,0.173315767,172.5875585,172.3168066,1.144722261,144.9223603,145.3647936,1.792225853,118.3579301,118.4065461,0.954818637,900.062907,900.547206,1.017902845,0.088009576,12,0
2025-02-10 10:12:00,Setpoint_Change,B,9.318232236,9.305991286,0.032659579,-69.2193601,-69.5311423,0.742856114,63.2791888,63.2341348,0.188997068,174.9387168,174.8677702,0.7446922,145.9306513,145.6479686,1.645606395,119.6989012,119.9640971,1.016319832,901.3130449,901.2944727,0.571590124,0.089069862,12,0
2025-02-10 10:13:00,Setpoint_Change,B,9.456245992,9.46794951,0.03352499,-68.88814213,-68.92717759,0.306915578,63.32202221,63.32825689,0.252878547,174.154235,174.3082544,0.670316419,142.7625013,142.5709099,0.805599617,120.2687657,119.8191862,1.429747661,897.962262,897.8046992,0.858225975,0.138013756,12,0
2025-02-10 10:14:00,Setpoint_Change,B,9.519883147,9.499597702,0.090075021,-70.50638668,-70.69777948,0.760029897,63.63970473,63.7219798,0.300423394,170.5734979,170.5666186,0.763714354,145.6890586,145.5310552,1.388044846,120.3720062,120.7931307,1.348604451,897.8979339,897.9159436,0.381834355,0.063637155,12,0
2025-02-10 10:15:00,Setpoint_Change,B,9.625134548,9.65116798,0.089761957,-69.16211541,-68.97702384,0.993473204,64.57212448,64.58828629,0.19837176,171.5992519,171.2811327,1.088282241,148.2925897,148.2686927,0.695327915,121.3590019,121.3316994,0.854218366,899.9558163,900.1807327,1.097472302,0.105251401,12,0
2025-02-10 10:16:00,Setpoint_Change,B,9.59216764,9.594386009,0.044410316,-68.44893004,-68.38897338,0.50120223,64.13919055,64.10478372,0.108052883,172.7816411,172.5028867,1.389916855,145.7404852,146.0447044,2.590168699,123.6456811,123.4525946,0.76594395,899.3590815,899.3255707,0.501995746,0.032966909,12,0
2025-02-10 10:17:00,Setpoint_Change,B,9.508932146,9.514315289,0.079496943,-68.80999963,-69.03106959,0.799848741,64.55584946,64.61656225,0.203634904,174.4615027,174.1615276,0.754213574,142.432363,142.44253,0.817760533,123.4150713,123.6285477,1.501113676,900.3200558,900.2055579,0.810736612,0.083235493,12,0
2025-02-10 10:18:00,Setpoint_Change,B,9.419644396,9.431430624,0.040795363,-66.46625185,-66.42505435,0.402292601,64.52940563,64.53985285,0.154198117,174.7899068,175.1081353,1.305659195,142.8898414,142.8217209,1.913402783,118.6752527,118.4697555,1.01844943,902.1683661,902.2156959,0.580963062,0.08928775,12,0
2025-02-10 10:19:00,Setpoint_Change,B,9.454853836,9.444240069,0.04475528,-66.32223333,-66.26890211,0.277208624,64.52332411,64.48818119,0.247423998,174.6832451,174.7921965,0.983667132,145.6770318,145.8347922,1.434465717,119.1852282,119.5764478,2.179031933,901.8197128,901.6677929,0.547040572,0.03520944,12,0
2025-02-10 10:20:00,Setpoint_Change,B,9.41638568,9.40854252,0.097610601,-66.29392766,-66.20537061,0.612387773,64.31710234,64.33129912,0.117895169,174.6214004,175.2475263,2.646580398,146.8746912,147.0042474,0.690017032,113.0377451,113.3795999,1.282065541,901.2259053,901.5399475,0.928725068,0.038468156,12,0
2025-02-10 10:21:00,Setpoint_Change,B,9.457336395,9.458651077,0.054937917,-67.57076601,-67.58453002,0.539416942,65.15321801,65.34445416,0.518195712,171.6155832,171.5198988,0.690744301,148.0368683,148.0482343,0.913546724,116.87886,116.9662762,1.086743523,897.6967,897.582139,1.840092444,0.040950715,12,0
2025-02-10 10:22:00,Setpoint_Change,B,9.43686,,,-67.40306743,-67.46651763,0.467026102,64.83074663,64.83705816,0.221321144,173.7152735,173.9119441,1.347964025,144.5163271,143.7784639,1.339683975,114.6597517,114.0978319,2.495316734,896.9138002,897.1773499,0.82849711,,0,12
2025-02-10 10:23:00,Setpoint_Change,B,9.52815,,,-66.6453853,-66.64623072,0.308280612,65.60120002,65.78762308,0.4171973,168.3964275,167.493685,2.42547744,139.870514,140.0938484,1.373587997,112.9121033,112.3407575,1.343125024,897.0215547,897.2971281,0.605604134,,0,12
2025-02-10 10:24:00,Setpoint_Change,B,9.483467391,9.481850787,0.085917892,-67.14749607,-67.30774966,0.771175956,66.2858873,66.30913792,0.129636529,165.9852673,166.0024209,1.472962887,143.8939156,143.9999928,1.339175633,114.1679894,114.2266568,1.001745782,896.7693589,896.8789993,0.487591847,,12,0
2025-02-10 10:25:00,Setpoint_Change,B,9.572837261,9.576120082,0.043436051,-66.88817884,-66.89531316,0.271868053,65.349222,65.3787434,0.226934004,171.9239133,172.5896752,1.479900586,143.5937978,143.562257,0.836207934,119.4731434,119.4916617,1.586146819,897.4634731,897.4521096,0.497813182,0.08936987,12,0
2025-02-10 10:26:00,Setpoint_Change,B,9.479862189,9.4848748,0.045660783,-67.48633285,-67.84325718,0.952369699,65.30753565,65.28139595,0.163162234,172.8328503,172.3105195,1.352924533,145.4010622,144.7181213,2.047050634,119.6481569,119.2915956,1.724270726,898.7079231,898.8303742,0.685979751,0.092975072,12,0
2025-02-10 10:27:00,Setpoint_Change,B,9.533601245,9.543779776,0.03114303,-69.72753643,-70.34219765,1.224775622,64.67316771,64.68532624,0.424604901,172.3562835,172.0102036,1.517012774,143.4888278,143.1969396,1.644814433,117.0971443,116.9110374,1.365803289,897.3399449,897.043965,1.015791343,0.053739056,12,0
2025-02-10 10:28:00,Setpoint_Change,B,9.465803724,9.470038692,0.032648708,-70.42197318,-70.31913602,0.368721974,64.515269,64.72499176,0.609658234,172.7981378,172.78773,0.784547339,142.3246925,142.5412857,0.928880608,117.1681318,117.0701729,0.907756992,897.6648201,897.7643746,0.440788581,0.067797521,12,0
2025-02-10 10:29:00,Setpoint_Change,B,9.386370551,9.366203646,0.086395534,-69.43692149,-69.4561255,0.594736786,65.10577193,65.12035423,0.134699591,171.7173971,171.5070362,1.836924307,144.6011605,143.9281492,2.118302782,115.0880276,114.5418327,2.156491921,896.5814245,896.5101675,0.488195253,0.079433173,12,0
2025-02-10 10:30:00,Setpoint_Change,B,9.319166612,9.319083889,0.041858922,-70.28251433,-70.30960561,0.330427283,64.70610635,64.67310612,0.130143518,174.4729831,174.7333853,1.277538181,144.3727429,144.1405203,0.943548003,119.8499126,119.6814331,1.466771657,894.6674629,894.468743,0.900396286,0.06720394,12,0
2025-02-10 10:31:00,Setpoint_Change,B,9.40340093,9.410751122,0.060065349,-68.93038555,-68.79707237,0.507118121,64.11857891,63.98490095,0.489007015,176.297247,176.8727055,1.234286212,144.7565597,144.8846,0.789968796,120.1848111,120.2163805,1.08096237,893.4101461,893.393643,0.437065544,0.084234318,12,0
2025-02-10 10:32:00,Setpoint_Change,B,9.330270911,9.32339782,0.072321789,-68.86255712,-68.91232782,0.467192017,63.35751017,63.33434043,0.131704382,173.2450924,173.4782607,0.937559152,143.0755343,143.3158787,0.684667836,125.9862803,126.3678907,1.718050545,894.7995904,894.8715646,0.489119978,0.073130019,12,0
2025-02-10 10:33:00,Setpoint_Change,B,9.428233829,9.428488697,0.01881696,-67.69555971,-67.58597083,0.642545569,62.96380474,63.00708806,0.232649577,174.935792,174.9593393,0.6824118,144.495884,144.5144555,1.48611604,127.352045,127.4275775,1.173537891,894.3456289,894.3478169,0.722173824,0.097962918,12,0
2025-02-10 10:34:00,Setpoint_Change,B,9.43923103,9.459772001,0.068949802,-66.9610789,-66.98885255,0.294298243,62.95739703,62.94842913,0.226304301,173.0765112,173.7442066,1.847442558,143.3372333,143.2195991,0.721623878,118.9803366,118.4185838,2.876413198,893.822043,893.5872611,0.823775818,0.010997201,12,0
2025-02-10 10:35:00,Setpoint_Change,B,9.503781293,9.492040273,0.052355465,-66.78915725,-66.80134999,0.449153864,64.28362997,64.39294245,0.395370129,173.4463631,173.4914792,0.929135315,143.4124114,143.2342659,0.704089779,111.1420996,110.4776409,2.824308971,895.7675794,895.7087873,0.744406762,0.064550264,12,0
2025-02-10 10:36:00,Setpoint_Change,B,9.504508325,9.499847832,0.031374865,-67.82743952,-67.90602191,0.476725806,64.35289024,64.35570302,0.166656577,173.3833294,173.6437301,1.201642655,144.3008698,144.6425276,1.057813789,109.7354822,109.6508075,1.860268257,897.1253866,897.3256624,0.605040367,0.000727032,12,0
2025-02-10 10:37:00,Setpoint_Change,B,9.421468236,9.408106829,0.058742893,-67.48355729,-67.59313113,0.417314377,64.68002319,64.65310224,0.208385816,171.8328895,171.6281232,0.846028635,145.7948377,145.9734295,0.632305778,115.0054522,115.2069976,2.170410033,898.7658781,898.8977087,0.826978861,0.083040089,12,0
2025-02-10 10:38:00,Setpoint_Change,B,9.590504459,9.59294405,0.045227015,-68.73857357,-68.88116711,1.050520563,64.6958902,64.69217901,0.18798643,171.472676,171.484714,0.654911554,146.6466713,146.879523,1.376367068,116.399859,116.4138849,1.012672484,899.7710919,899.744661,0.533253162,0.169036223,12,0
2025-02-10 10:39:00,Setpoint_Change,B,9.456264875,9.432700426,0.061569139,-68.03658605,-68.02968957,0.47604408,64.74825492,64.79779663,0.241606359,172.7208305,173.0111203,1.401102156,150.7760168,150.6445635,1.450972124,119.2529572,118.7226595,1.374138841,900.3625752,900.366103,0.685387184,0.134239583,12,0
2025-02-10 10:40:00,Maintenance,B,9.633837311,9.63053993,0.052438055,-68.28269479,-68.05182895,0.491655877,64.73574315,64.83410826,0.250394658,174.8264845,174.839984,0.676859494,147.2265376,147.4263763,2.232334498,119.6750377,119.6975177,0.685896772,901.9415584,901.9501288,0.818655817,0.177572436,12,0
2025-02-10 10:41:00,Maintenance,B,9.731830243,9.73438338,0.040547098,-68.70895273,-68.74545636,0.417285552,63.35340183,63.34868393,0.260758256,174.6149928,174.464806,0.776343835,143.4304494,143.4093837,0.665098314,117.2235797,116.7625541,1.620249881,903.0532568,903.1937473,1.095563206,0.097992932,12,0
2025-02-10 10:42:00,Maintenance,B,9.638151637,9.637195692,0.033035856,-69.73751275,-69.78049093,0.29059281,62.97607836,63.0145281,0.326154793,174.5817103,174.9402964,1.136630465,141.7574375,141.6335285,1.204396478,118.9651467,118.8379524,1.370098741,902.9401884,902.950945,0.496078179,0.093678606,12,0
2025-02-10 10:43:00,Maintenance,B,9.731270472,9.737397476,0.05238636,-68.43956825,-68.28928681,0.537890832,63.82204527,63.77563338,0.339507465,175.1333983,175.071494,1.074403782,142.9318042,143.3509939,1.548834636,115.1953628,114.9820137,1.455104759,903.2217493,903.3524754,0.894381785,0.093118835,12,0
2025-02-10 10:44:00,Maintenance,B,9.689845506,9.675622161,0.046927492,-67.97465929,-67.9462542,0.261324248,64.03680816,64.01135336,0.220602267,173.643247,173.2885559,0.970032061,142.6157387,142.6387785,0.698481678,110.8037198,110.8926964,2.113599664,903.5286128,903.3839055,0.928768861,0.041424966,12,0
2025-02-10 10:45:00,Maintenance,B,9.731416682,9.730522539,0.027687462,-67.1057565,-66.97744162,0.342926962,63.38731054,63.32329429,0.406440455,175.287704,175.1290936,1.131642135,144.4875253,144.5000073,0.653034658,110.1562468,110.5115697,0.742772814,907.0328815,906.8937527,1.16228472,0.041571176,12,0
2025-02-10 10:46:00,Maintenance,B,9.764599566,9.7729209,0.054822898,-67.5218703,-67.64215386,0.431105994,62.97061846,62.97491073,0.196987422,172.0506388,171.6857383,1.55999769,142.2249595,142.3428343,0.737766306,110.2273694,110.1971267,1.059429582,907.7358025,907.9126096,0.74113819,0.033182884,12,0
2025-02-10 10:47:00,Maintenance,B,9.826292199,9.818646991,0.062051137,-68.19175341,-68.19324303,0.437951606,63.03640945,63.06854851,0.238739347,171.3060468,171.4531268,0.845008799,138.9458611,139.362426,2.67676845,115.9317765,115.7322886,1.981701,907.5807249,907.7818287,0.711777207,0.061692633,12,0
2025-02-10 10:48:00,Maintenance,B,9.712737536,9.718997373,0.046435243,-67.83714148,-67.78377512,0.267525242,63.72629619,63.77594725,0.240994893,174.0743041,173.5167477,1.176398472,135.2681254,135.3835257,0.910835292,112.9821775,112.3726389,1.091290285,906.8873349,906.7427758,0.335237337,0.113554663,12,0
2025-02-10 10:49:00,Maintenance,B,9.777510789,9.761572115,0.053454514,-67.74363518,-67.66113023,0.473922929,63.43633396,63.40804901,0.19891796,173.5056535,173.2567115,1.054536421,135.6273905,135.9577378,0.993784004,120.1940931,121.1196951,2.853901517,907.4758318,907.1640182,0.559876073,0.064773253,12,0
2025-02-10 10:50:00,Maintenance,B,9.72140265,9.7290345,0.051326902,-67.21744212,-67.25585921,0.402248162,64.08755226,64.19472334,0.423877456,171.709309,171.8882429,0.689590978,136.3977415,136.2938121,0.724029198,122.8016275,123.1233043,1.233705045,908.7979249,909.087662,0.798531822,0.056108138,12,0
2025-02-10 10:51:00,Maintenance,B,9.606039575,9.606010936,0.047647948,-66.46543328,-66.54574037,0.470445305,64.90673229,64.89346601,0.350863031,171.650922,171.5816887,0.939631877,138.6845272,139.0801402,1.375177069,117.0558747,116.7799411,1.329960773,908.1376963,908.2801435,0.562608833,0.115363075,12,0
2025-02-10 10:52:00,Maintenance,B,9.7119495,9.742374766,0.058952395,-66.59342656,-66.80593805,0.616773756,65.52889303,65.48640538,0.158648149,171.7208828,171.4511743,1.066580577,138.3804655,137.7227812,2.082716813,116.4263081,116.8331104,2.126928721,907.9151361,907.952249,0.340747103,0.105909925,12,0
2025-02-10 10:53:00,Maintenance,B,9.689546101,9.690692441,0.112025009,-66.63093456,-66.56234021,0.267976893,65.18095767,65.10199036,0.307942971,174.1597476,174.1385579,0.835328212,139.2556135,139.2406597,1.659112239,115.7967984,115.3116506,1.937091282,908.1927963,908.083219,0.554263583,0.022403399,12,0
2025-02-10 10:54:00,Maintenance,B,9.663190277,9.654086322,0.051312147,-66.4734795,-66.41770375,0.823842509,64.61127867,64.55243646,0.129914059,169.9231943,169.9038706,2.060806313,139.8737231,139.9472167,0.934907235,113.2354114,113.4409102,1.202704465,909.4879021,909.60221,0.440288784,0.026355824,12,0
2025-02-10 10:55:00,Maintenance,B,9.689972711,9.684332287,0.045725396,-66.99999435,-67.09824355,0.689349925,64.30922319,64.39129523,0.449184509,169.8380775,169.5684683,1.285383781,143.2427138,143.640413,1.050471803,115.7891683,114.5106593,2.707176067,906.8880417,907.419284,1.667652635,0.026782434,12,0
2025-02-10 10:56:00,Maintenance,B,9.605943798,9.60822704,0.050670902,-66.40093233,-66.26427621,0.368099606,64.10555244,64.09143678,0.191481809,169.2724023,169.0839712,1.834509868,143.8901281,143.7016644,1.098446999,120.9134583,121.2466954,2.114427606,903.8591581,903.8473554,0.418703773,0.084028913,12,0
2025-02-10 10:57:00,Maintenance,B,9.634020201,9.645889855,0.03905118,-66.44048159,-66.44902582,0.416200974,64.55177809,64.49063387,0.217086736,170.2335223,170.5070685,1.591660336,143.9709041,144.463849,1.988456175,116.8430008,116.8340084,1.317419044,903.3480529,903.549686,1.214338588,0.028076403,12,0
2025-02-10 10:58:00,Maintenance,B,9.548764296,9.55048878,0.059641114,-68.43087033,-68.48102877,0.362177651,65.13586945,65.13333695,0.250512066,171.453718,172.1354089,1.9045395,141.1192057,141.6175032,1.42814695,120.6346582,120.4522865,1.649734775,901.9191256,901.8833883,0.40474845,0.085255906,12,0
2025-02-10 10:59:00,Maintenance,B,9.576822934,9.573224209,0.057983997,-67.46571821,-67.54749103,0.63647438,65.65054798,65.60221724,0.280011347,172.2821856,172.227045,1.051561519,142.1704404,142.2707628,0.773285345,119.6757598,119.9699174,1.639085713,902.7303939,902.8048941,0.470108892,0.028058638,12,0
2025-02-10 11:00:00,Normal_Recovery,B,9.498556309,9.49640559,0.069084236,-65.88869296,-65.95098269,0.550928966,65.63433608,65.63313678,0.152452414,174.7985472,174.7923971,1.375882507,143.6195714,143.7061126,0.540791391,119.0136978,118.5672089,2.794306041,903.9452767,903.8454836,0.411381131,0.078266624,12,0
2025-02-10 11:01:00,Normal_Recovery,B,9.489781412,9.494938083,0.052557302,-66.37164092,-66.38998421,0.32456815,65.11809388,65.09735754,0.188630099,177.4723374,177.0400041,1.063422209,143.7540367,143.7783294,0.802748144,120.2852962,120.5173283,1.416959989,904.5230772,904.8752077,0.934312078,0.008774897,12,0
2025-02-10 11:02:00,Normal_Recovery,B,9.39757159,9.391074025,0.048698348,-65.53377173,-65.63628474,0.430882992,64.42754733,64.52833934,0.342038046,176.0816119,175.584756,2.246083995,145.8415996,146.3949179,1.430049157,118.8748981,118.9471411,1.512539763,903.7834104,903.6796946,0.812525611,0.092209821,12,0
2025-02-10 11:03:00,Normal_Recovery,B,9.525571548,9.536380137,0.063903435,-64.09881473,-64.17692187,0.787118124,63.43964978,63.36422866,0.246906917,172.6306948,172.6027776,0.80374982,147.0787386,147.1069037,1.209979606,114.3965078,114.048368,1.680423901,904.1461847,904.3432152,1.007788159,0.127999958,12,0
2025-02-10 11:04:00,Normal_Recovery,B,9.502935151,9.500284517,0.057651589,-63.2055025,-63.21679407,0.396641746,63.15838079,63.10544706,0.253275409,172.8061118,172.9472224,1.056903643,146.0633298,145.7369555,1.130350247,114.5292936,114.8734689,1.660835474,900.9580486,901.3058967,0.821338007,0.022636397,12,0
2025-02-10 11:05:00,Normal_Recovery,B,9.642823418,9.642134718,0.049764087,-64.07081005,-64.08814874,1.063594372,63.61951057,63.65468646,0.205131226,420,420,0,141.9752309,142.2983893,1.885365838,113.8529472,114.2836063,1.302159694,900.1279512,900.0562844,1.13952421,0.139888267,12,12
2025-02-10 11:06:00,Normal_Recovery,B,9.665941832,9.66268796,0.074213143,-65.28388759,-65.22673346,0.418414106,62.91442741,62.78455874,0.427992263,420,420,0,140.5789081,140.8429944,1.319093257,115.1767233,115.5407224,1.657829625,900.8238508,900.7867981,0.370008912,0.023118413,12,12
2025-02-10 11:07:00,Normal_Recovery,B,9.626298303,9.627276107,0.066224265,-65.28762515,-65.39947774,0.701093091,62.73273848,62.73734714,0.263854685,420,420,0,137.6751951,137.6615893,0.777712882,113.0623463,113.0133163,0.6047889,899.6503391,899.7350298,0.801273689,0.039643529,12,12
2025-02-10 11:08:00,Normal_Recovery,B,9.568825389,9.58515711,0.039361108,-67.01024791,-67.02931932,0.366923187,62.10635253,62.00494172,0.373361033,174.5958671,174.7767777,0.941849299,142.2357825,142.087651,1.190333385,114.1000244,113.8020518,0.952528997,899.083448,898.867252,0.487775133,0.057472914,12,0
2025-02-10 11:09:00,Normal_Recovery,B,9.405038308,9.400339688,0.064050641,-68.0518861,-68.24337975,0.526065904,61.68834167,61.64689282,0.237776044,175.6262107,175.8098536,1.222043119,142.4863085,142.7437251,1.554140831,120.0108736,120.2252611,2.836715243,897.692998,897.5680264,0.562781765,0.16378708,12,0
2025-02-10 11:10:00,Normal_Recovery,B,9.354543072,9.342189235,0.061278511,-68.63406501,-68.67190879,0.255224534,62.19667305,62.24283414,0.271042985,175.3901178,175.4645305,0.499797887,139.8186061,139.6564592,0.67200977,121.2988338,121.2523192,1.494646181,895.9713083,895.9903643,1.0134163,0.050495236,12,0
2025-02-10 11:11:00,Normal_Recovery,B,9.584221703,9.578835634,0.065893894,-66.87378391,-66.67048515,0.724792223,61.67259366,61.4913465,0.405357614,173.7534639,173.8562757,1.315485878,142.1103784,142.2160593,1.466037378,116.2110518,116.9006637,2.183158316,893.8243008,893.3553601,0.896851235,0.229678631,12,0
2025-02-10 11:12:00,Normal_Recovery,B,9.530003038,9.508159721,0.07003852,-66.68267878,-66.62211203,0.414509198,62.51017266,62.67059244,0.608345121,170.5178541,170.8343496,1.150340852,142.3706239,142.2500848,0.739031383,113.0052288,113.0238994,0.903413151,892.8306048,892.6511031,1.352216767,0.054218665,12,0
2025-02-10 11:13:00,Normal_Recovery,B,9.482375796,9.482014288,0.028587625,-65.49813979,-64.89798412,1.363414116,64.27700772,64.31861023,0.278503969,170.5127052,170.3517514,1.808627474,144.1830459,144.1028885,0.971175889,113.0382427,112.796889,1.640459833,891.1747417,891.157344,0.38261892,0.047627242,12,0
2025-02-10 11:14:00,Normal_Recovery,B,9.460094184,9.483677954,0.065360884,-65.06008332,-64.91998304,0.458009843,64.3394299,64.37016588,0.416350239,174.4948531,174.513747,1.46338644,144.471249,144.1052758,1.097827428,112.1208587,111.1031777,2.755755087,891.8821299,891.6415696,0.636539086,0.022281612,12,0
2025-02-10 11:15:00,Normal_Recovery,B,9.533911335,9.525234534,0.042401143,-65.89372269,-66.04249423,0.690648173,63.6675453,63.66025153,0.295405883,177.2675315,176.5961097,1.788838184,141.3828775,141.5321883,1.341685967,119.1518691,119.2524938,0.752208221,892.7110245,892.8493276,0.920001861,0.073817151,12,12
2025-02-10 11:16:00,Normal_Recovery,B,9.57435792,9.562882585,0.051375699,-65.86625087,-65.83692298,0.277011307,63.32313157,63.2860063,0.177433895,178.3577363,178.3745521,1.271285604,142.0571263,141.8013545,1.182814817,118.9991085,118.8217945,1.34064884,894.4202973,894.4024222,0.743180186,0.040446585,12,12
2025-02-10 11:17:00,Normal_Recovery,B,9.628420602,9.626484583,0.055426893,-66.004701,-65.91202961,0.35294598,63.01357386,63.02099932,0.229328447,179.0532644,178.98505,0.932430469,142.6217396,142.6955996,1.264176305,115.5821046,115.7570073,1.029561359,894.4818498,894.6121571,0.463640952,0.054062681,12,12
2025-02-10 11:18:00,Normal_Recovery,B,9.545314234,9.555469571,0.056356131,-65.76678222,-65.78696714,0.575139039,62.87851692,62.80052826,0.308536777,178.3194158,178.1713644,1.042952661,142.9547928,143.0968213,0.743520573,114.461673,114.220552,1.366034205,894.6600676,894.6855759,0.873529372,0.083106367,12,12
2025-02-10 11:19:00,Normal_Recovery,B,9.605884466,9.611569608,0.062126955,-67.32021558,-67.19481013,0.547380609,62.92072693,62.89284481,0.200675692,175.8979415,175.9965788,0.53905439,143.4165249,143.3815937,0.527841633,112.9403946,112.9905749,0.677821241,895.8515414,895.8558772,0.511217744,0.060570232,12,12
2025-02-10 11:20:00,Normal_Recovery,B,9.540981402,9.539763485,0.023343877,-68.07643386,-67.86100804,0.532316332,63.66944896,63.60531855,0.255805781,174.5740778,174.3331715,1.147220401,144.3839973,144.4849227,0.523577012,112.9529812,113.0106384,1.030444981,895.9485378,896.0688912,1.00985992,0.064903064,12,12
2025-02-10 11:21:00,Normal_Recovery,B,9.468382481,9.462236806,0.038255931,-68.88884614,-68.83013435,0.914863296,63.35850325,63.46003719,0.336849045,171.0318383,170.6469378,1.416828025,145.1429405,145.712259,1.964072438,110.551257,109.4982196,2.681943546,897.5684028,897.6326391,0.539142203,0.072598921,12,12
2025-02-10 11:22:00,Normal_Recovery,B,9.551020382,9.531947014,0.074602982,-67.69251137,-67.67048272,0.180599979,63.34361525,63.39081907,0.355738233,171.9229589,172.0924588,1.26828856,145.111407,145.380863,0.676069865,113.3472804,113.5273842,1.66292736,897.8229958,897.764279,0.658883858,0.082637901,12,12
2025-02-10 11:23:00,Normal_Recovery,B,9.610254402,9.58022175,0.072429617,-68.053685,-68.07016892,0.535166756,64.12185797,64.14722062,0.29476418,170.6684358,170.3597903,1.892045106,144.177253,144.0421295,0.915579102,116.1056303,115.5359746,1.498444025,895.3096103,895.4091959,0.57982628,0.05923402,12,12
2025-02-10 11:24:00,Normal_Recovery,B,9.528227013,9.527306901,0.034859767,-67.02196857,-66.86653901,0.473177122,63.65688069,63.59067474,0.184603974,173.8966236,174.0067083,0.613492258,146.2490083,146.3017493,1.085380673,113.2489799,113.4387012,0.818170642,895.6924132,895.7112779,0.431698972,0.082027389,12,12
2025-02-10 11:25:00,Normal_Recovery,B,9.517585182,9.522053496,0.051154752,-66.35051791,-66.4592238,0.495506845,64.09131337,64.16338981,0.298099524,173.3115709,173.3259382,0.699743572,146.0454365,145.7813366,1.190741806,110.8395324,110.8990154,0.796939808,897.0953378,896.9081907,0.834092652,0.010641831,12,12
2025-02-10 11:26:00,Normal_Recovery,B,9.517508677,9.51316763,0.03668081,-66.55908772,-66.54672707,0.263306813,64.09547576,64.00179887,0.275704484,174.4690647,174.4211606,0.731202516,144.9531524,144.5956636,1.58618177,110.3798934,110.2587793,0.981032833,896.1718959,896.0434664,0.751233088,7.65052E-05,12,12
2025-02-10 11:27:00,Normal_Recovery,B,9.542661785,9.529863259,0.040973227,-65.95675735,-65.94958822,0.312291242,64.92769198,64.99568357,0.178336589,175.5668952,175.5710909,0.818175926,141.6232099,141.7720016,2.014690763,110.5808441,110.58477,1.049803524,893.7548535,893.2023595,1.520047591,0.025153108,12,12
2025-02-10 11:28:00,Normal_Recovery,B,9.482065366,9.486338823,0.05424271,-66.0404836,-66.07883126,0.299694594,65.45878049,65.47236088,0.443938857,174.0970016,174.3895213,0.868203522,139.8406097,139.9645718,1.170863484,110.8768357,110.780841,1.148090628,892.8065318,892.6484115,0.941628646,0.060596419,12,12
2025-02-10 11:29:00,Normal_Recovery,B,9.380056808,9.344387293,0.064341935,-66.17508123,-66.20369423,0.425043168,66.42535808,66.43697899,0.197402887,173.1527237,173.0352448,1.286361853,141.5649591,141.7257709,1.398278948,113.1208794,112.1094003,1.815236518,893.8167578,893.942457,0.670547739,0.102008557,12,12
2025-02-10 11:30:00,Normal_Recovery,B,9.523173231,9.531645041,0.05286085,-65.18491489,-65.12305184,0.281355106,63.9807958,64.08265204,0.252270733,172.6753879,172.8409227,2.029900278,144.2733403,144.1773565,0.809602713,118.32664,118.2312853,1.228097454,893.9645763,894.0825996,0.527695798,0.143116422,12,0
2025-02-10 11:31:00,Normal_Recovery,B,9.499685262,9.511587687,0.040252836,-65.0638247,-64.94215865,0.331524784,63.50361774,63.45244329,0.458687973,167.4559636,167.2490707,0.630247649,144.8356819,144.4698296,0.839162894,116.188637,116.396541,1.938219247,895.27207,895.3800145,0.461526239,0.023487969,12,0
2025-02-10 11:32:00,Normal_Recovery,B,9.504731487,9.477968316,0.075411119,-66.48814058,-66.50090195,0.61669077,63.16607428,63.18145663,0.439286712,170.4332436,170.5724444,0.952741299,145.7658208,145.7771753,0.421618072,118.8622263,118.7560385,0.822632475,894.6074064,894.4794212,0.856818025,0.005046225,12,0
2025-02-10 11:33:00,Normal_Recovery,B,9.542046492,9.541559252,0.056344216,-68.26966726,-68.25044724,0.356771629,63.27811864,63.15302302,0.264889369,173.1295627,173.919308,1.738406689,142.4206203,142.2260345,1.03075962,118.0700877,118.0306356,1.417831564,892.9319778,892.8706512,0.407218154,0.037315006,12,0
2025-02-10 11:34:00,Normal_Recovery,B,9.593670228,9.577185826,0.045483124,-66.44946197,-66.52261876,0.390437874,63.12175293,63.14129034,0.144624773,173.4841627,173.2638577,1.513852529,140.8826524,141.6338058,1.39643394,116.2547524,116.2492678,1.801541359,892.7400939,892.8323864,0.56490823,0.051623735,12,0
2025-02-10 11:35:00,Normal_Recovery,B,9.46121018,9.467244066,0.048736442,-67.02617765,-67.01467953,0.612919794,63.07644362,63.10499841,0.217202438,171.9848169,171.7068445,0.984341045,140.7376684,141.1165927,1.475375291,116.7384866,116.7219693,1.506414675,892.6486814,892.6276204,0.313399176,0.132460047,12,0
2025-02-10 11:36:00,Normal_Recovery,B,9.549414108,9.547570054,0.047801768,-68.35802368,-68.32196126,0.371618046,63.67673546,63.74409229,0.290087622,172.0277339,172.0422266,0.876116656,142.0092651,141.8404634,1.228555368,111.4519356,111.4161153,1.754320858,892.0358412,892.1953326,0.696850641,0.088203928,12,0
2025-02-10 11:37:00,Normal_Recovery,B,9.604306546,9.594650432,0.040704845,-68.40329806,-68.35211595,0.279812209,62.88747651,62.87678517,0.131866263,174.1943988,174.4982747,0.725873607,145.9538013,145.9892714,0.868291554,108.5787495,108.6576424,1.884012608,892.731312,892.7326787,0.471588284,0.054892437,12,0
2025-02-10 11:38:00,Normal_Recovery,B,9.497467612,9.509542917,0.037547968,-68.37941167,-68.39074276,0.397836576,63.3788695,63.34675629,0.203144483,176.193745,176.1573447,0.513788856,144.9524137,144.6479139,1.014003442,111.5177699,111.6244004,1.914653993,895.39556,895.6475034,1.476619657,0.106838934,12,0
2025-02-10 11:39:00,Normal_Recovery,B,9.494692665,9.479892745,0.062808007,-69.33983162,-69.60666986,0.668540655,63.32630927,63.32320167,0.225335543,177.0176573,177.161747,1.027048398,143.903241,143.7018723,1.145297926,113.9320153,114.2503958,1.417349814,895.8568235,895.5047927,0.959827386,0.002774947,12,0
2025-02-10 11:40:00,Normal_Recovery,B,9.514209143,9.52501148,0.055225777,-69.76795985,-69.83761868,0.194860247,62.77817921,62.75088245,0.141260813,176.7943938,176.6202337,1.248113858,144.6490014,144.447156,1.07788908,107.6349229,107.3927907,1.491802327,897.6998633,897.7890368,0.454837109,0.019516478,12,0
2025-02-10 11:41:00,Normal_Recovery,B,9.548048703,9.544322625,0.046283991,-70.02642655,-70.12411504,0.264319326,62.54841528,62.51517751,0.209101564,178.0050415,178.0268254,1.389423196,143.498577,143.8126118,1.225111083,107.3429708,107.8360138,2.054117965,896.6809926,896.6517556,0.589253546,0.03383956,12,0
2025-02-10 11:42:00,Normal_Recovery,B,9.624271632,9.639166784,0.042120851,-69.08523671,-69.1527355,0.665458733,62.19199334,62.18871023,0.287870454,174.6917864,174.4719944,1.704987899,145.9971795,146.6060391,1.403874063,111.6491023,111.3979499,2.031380594,895.9267555,895.94361,0.973803141,0.076222929,12,0
2025-02-10 11:43:00,Normal_Recovery,B,9.525174496,9.512884935,0.04867475,-67.45862549,-67.39302988,0.361257709,61.74803786,61.83811559,0.233238358,176.0601102,176.0818172,1.28738333,146.101523,146.1220241,0.97108853,116.7904343,116.7147381,1.36045864,896.5232975,896.677572,0.37718043,0.099097136,12,0
2025-02-10 11:44:00,Normal_Recovery,B,9.439885396,9.44486809,0.045463117,-68.89068969,-68.95421568,0.419503045,61.23780137,61.28940957,0.428248664,180.1616107,180.2449131,1.100506513,144.284644,144.4206771,1.074658625,116.2954032,116.1796567,0.934275907,894.3439331,894.0625651,1.050534041,0.0852891,12,0
2025-02-10 11:45:00,Normal_Recovery,B,9.458176973,9.457003642,0.074194992,-68.35831831,-68.22143915,0.71035277,60.75304695,60.70265374,0.213979368,178.1205337,178.3460843,1.010507533,142.8223847,142.8142215,1.386787856,117.1102913,116.9458694,1.944955836,894.9637904,894.9178897,0.802405702,0.018291577,12,0
2025-02-10 11:46:00,Normal_Recovery,B,9.415525398,9.415153452,0.05662815,-66.84191463,-66.72763326,0.428897655,61.53018079,61.55037163,0.34037633,175.3413595,175.7016367,1.865275044,143.4609952,143.3154811,0.56362658,118.5734383,118.7127192,0.931712647,894.4373375,894.4894301,0.753279033,0.042651575,12,0
2025-02-10 11:47:00,Normal_Recovery,B,9.504197659,9.495965967,0.045467209,-65.96868434,-66.05968166,0.599960472,61.96073916,61.85953566,0.24312791,172.3239233,172.4033262,1.318492051,144.9375039,144.8007967,1.318250442,113.571438,112.7117368,2.271987166,896.1381766,895.8511905,0.736765811,0.088672261,12,0
2025-02-10 11:48:00,Normal_Recovery,B,9.539837173,9.542825694,0.042876294,-67.06761009,-67.04278562,0.473886533,61.4393747,61.41407873,0.242147924,174.1856825,174.0870189,0.902901781,147.5021437,147.4692696,1.522832132,112.4517535,111.460747,2.42318473,897.4352571,897.3812873,0.307217576,0.035639514,12,0
2025-02-10 11:49:00,Normal_Recovery,B,9.570236468,9.57208972,0.067587449,-68.16406912,-68.4519022,0.674637913,61.169846,61.13631826,0.15444488,174.6081769,174.9937667,0.933790515,144.9671237,144.9080484,0.522253571,111.6319881,111.6637717,0.738791057,897.8720219,897.9533067,0.783298065,0.030399294,12,0
2025-02-10 11:50:00,Normal_Recovery,B,9.435571501,9.428254274,0.039234118,-67.1767127,-67.22150331,0.350459087,61.85540517,61.91565228,0.321756151,172.8246802,172.7048139,0.871881183,144.5345195,144.7180253,1.046705823,115.6508355,114.8997752,2.624278296,899.5090152,899.4697195,0.856708679,0.134664967,12,0
2025-02-10 11:51:00,Normal_Recovery,B,9.593110992,9.611307352,0.078134968,-67.12224839,-66.96020411,0.717009384,62.69419882,62.79141093,0.290875043,171.1112165,171.0775664,0.769824838,145.3639094,145.2057559,1.181836494,115.3296675,114.8846121,2.225220716,899.5212642,899.505517,0.820320916,0.157539491,12,0
2025-02-10 11:52:00,Normal_Recovery,B,9.552138704,9.582087035,0.074140496,-66.73842438,-66.62962378,0.423858183,62.41373408,62.34700323,0.208884835,168.7431962,168.8965358,0.573806353,139.8362871,139.0792859,3.130177915,115.0215594,114.7214231,1.947246092,898.5587109,898.6324505,0.832876514,0.040972288,12,0
2025-02-10 11:53:00,Normal_Recovery,B,9.475824055,9.474716336,0.060773258,-67.98725318,-67.93137846,0.569256347,62.73405164,62.78558435,0.42038596,170.7980357,171.7921879,2.329960566,138.0831969,138.5303262,1.473788632,116.261648,116.1407287,0.933584507,898.5238571,898.5102457,0.300663612,0.076314649,12,0
2025-02-10 11:54:00,Normal_Recovery,B,9.574633398,9.609286722,0.090420053,-69.33555476,-69.29699045,0.151333529,62.37839153,62.29218099,0.37715109,169.9319896,170.062009,1.362019321,142.7359723,143.348829,1.238903271,116.4107649,116.4922129,0.939624953,900.7718278,900.9125489,1.122145488,0.098809343,12,0
2025-02-10 11:55:00,Normal_Recovery,B,9.602523529,9.602968489,0.043090906,-69.71154924,-69.73828535,0.347076172,62.6711275,62.63466338,0.293610098,171.0473237,171.2535969,1.138057491,145.134789,145.1290859,0.88941593,114.5159174,114.6781847,1.475004536,900.612595,900.864235,1.248071218,0.027890131,12,0
2025-02-10 11:56:00,Normal_Recovery,B,9.513730228,9.520101332,0.080435553,-69.5131267,-69.75367615,0.874183737,62.8964617,62.88942382,0.131251142,170.0561237,169.8975955,1.273908517,146.0199902,146.0517392,0.673883182,113.4813065,113.3981781,1.340434602,897.8061099,897.6493591,0.687762121,0.088793301,12,0
2025-02-10 11:57:00,Normal_Recovery,B,9.563169682,9.591778626,0.0827808,-68.07343614,-68.2533049,0.695172088,63.39654652,63.42874248,0.453509826,173.3827043,173.1789427,1.575269817,146.2919195,146.5995677,1.991738553,111.679654,111.7492189,1.041269027,896.6625054,896.6764842,0.414602868,0.049439454,12,0
2025-02-10 11:58:00,Normal_Recovery,B,9.453389462,9.458710428,0.080757285,-66.28546819,-65.96277799,0.992594276,63.92517531,63.90242623,0.332912521,176.1420375,176.3627522,1.092395554,150.7572385,150.9565228,1.130461726,109.7539744,110.0146011,1.347312126,897.9081803,897.8753978,0.821003498,0.10978022,12,0
2025-02-10 11:59:00,Normal_Recovery,B,9.430771509,9.435624017,0.042040801,-67.69965978,-67.75305079,0.523266649,63.47011907,63.45223732,0.247360537,173.1193794,173.0138721,1.630242306,147.6852103,148.1642722,1.54968751,111.0079834,110.4689866,1.962159578,898.7528294,898.6292115,0.704404245,0.022617953,12,0
